venue,category,filename,tags,blogSlug,blogOrder,blogCover,venuePin,venuePinOrder,momentPin,momentPinOrder,flashPin,flashPinOrder,aiTags,imageId
Ballygally,couple portraits,MKB_Photography-Northern-ireland-wedding-photography-northern-ireland-wedding-photographer-ballygalley-castle-wedding-photography-full res-351_500.webp,,,,,,,,,,,ballygally wedding|couple portraits|bride and groom|coastal portrait|rocky shoreline|romantic embrace|soft natural light|happy couple|wedding day|outdoor portraits|northern ireland wedding,MKB000001
Ballygally,couple portraits,MKB_Photography-Northern-ireland-wedding-photography-northern-ireland-wedding-photographer-ballygalley-castle-wedding-photography-full res-433_500.webp,,,,,,,,,,,ballygally wedding|couple portraits|bride and groom|garden portrait|outdoor wedding|soft natural light|romantic mood|intimate moment|wedding bouquet|veil portrait|lush greenery|castle wedding,MKB000002
Ballygally,couple portraits,MKB_Photography-Northern-ireland-wedding-photography-northern-ireland-wedding-photographer-ballygalley-castle-wedding-photography-full res-437_500.webp,,,,,,,,,,,ballygally wedding|couple portraits|bride and groom|stone arch|garden backdrop|natural light|romantic mood|intimate portrait|wedding veil|groom boutonniere|castle wedding|newlyweds,MKB000003
Ballygally,details and decor,MKB_Photography-Northern-ireland-wedding-photography-northern-ireland-wedding-photographer-ballygalley-castle-wedding-photography-full res-14_500.webp,,,,,,,,,,,ballygally wedding|wedding dress|bridesmaid dresses|bridal details|wedding shoes|getting ready|bridal suite|floral decor|window light|elegant decor|calm mood|pre-ceremony,MKB000004
Ballygally,details and decor,MKB_Photography-Northern-ireland-wedding-photography-northern-ireland-wedding-photographer-ballygalley-castle-wedding-photography-full res-461_500.webp,,,,,,,,,,,ballygally wedding|reception details|table decor|wedding breakfast|floral centerpiece|place settings|candles|summer drinks|soft light|romantic decor|guest seating|elegant reception,MKB000005
Ballygally,family and bridal party,MKB_Photography-Northern-ireland-wedding-photography-northern-ireland-wedding-photographer-ballygalley-castle-wedding-photography-full res-392_500.webp,,,,,,,,,,,ballygally wedding|bridal party|family portraits|bride and groom|bridesmaid|groomsman|garden portrait|castle grounds|overcast light|romantic|formal group|wedding flowers,MKB000006
Ballygally,family and bridal party,MKB_Photography-Northern-ireland-wedding-photography-northern-ireland-wedding-photographer-ballygalley-castle-wedding-photography-full res-420_500.webp,,,,,,,,,,,ballygally wedding|group portrait|wedding guests|family photos|bridal party|bride and groom|outdoor wedding|coastal backdrop|overcast light|celebration|cheering guests|wedding reception,MKB000007
Ballygally,family and bridal party,MKB_Photography-Northern-ireland-wedding-photography-northern-ireland-wedding-photographer-ballygalley-castle-wedding-photography-full res-424_500.webp,,,,,,,,,,,ballygally wedding|bride|bridesmaids|bridal party|bouquets|outdoor portraits|coastal backdrop|garden setting|soft light|joyful|pastel dresses|wedding portraits,MKB000008
Ballygally,getting ready,MKB_Photography-Northern-ireland-wedding-photography-northern-ireland-wedding-photographer-ballygalley-castle-wedding-photography-full res-53_500.webp,,,,,,,,,,,ballygally|getting ready|bride|bridesmaids|bridal party|robes|gift exchange|morning prep|indoor|natural light|relaxed|joyful,MKB000009
Ballygally,getting ready,MKB_Photography-Northern-ireland-wedding-photography-northern-ireland-wedding-photographer-ballygalley-castle-wedding-photography-full res-67_500.webp,,,,,,,,,,,ballygally|getting ready|bride|wedding card|bridal prep|morning details|soft light|intimate moment|emotional|wedding morning|close up,MKB000010
Ballyliffen,couple portraits,mkb-weddings-ballyliffen-lodge-hotel-donegal-wedding-photographer--10_500.webp,,,,,,,,,,,ballyliffen|couple portraits|beach wedding|coastal portraits|bride and groom|overcast sky|romantic mood|windswept|donegal wedding|seaside|wedding dress|groom suit,MKB000011
Ballyliffen,couple portraits,mkb-weddings-ballyliffen-lodge-hotel-donegal-wedding-photographer--11_500.webp,,,,,,,,,,,beach portrait|bride and groom|couple portraits|ocean backdrop|rocky shoreline|overcast light|romantic|intimate|wedding kiss|coastal wedding|donegal wedding|ballyliffen,MKB000012
Ballyliffen,couple portraits,mkb-weddings-ballyliffen-lodge-hotel-donegal-wedding-photographer--12_500.webp,,,,,,,,,,,couple portraits|bride and groom|beach wedding|ballyliffen|coastal portraits|overcast sky|flash lighting|romantic|joyful|wedding day|winter wedding|donegal wedding,MKB000013
Ballyliffen,couple portraits,mkb-weddings-ballyliffen-lodge-hotel-donegal-wedding-photographer--13_500.webp,,,,,,,,,,,ballyliffen|beach portraits|bride and groom|couple portraits|coastal wedding|overcast sky|soft light|romantic|windswept|wedding dress|black tie|newlyweds,MKB000014
Ballyliffen,couple portraits,mkb-weddings-ballyliffen-lodge-hotel-donegal-wedding-photographer--14_500.webp,,,,,,,,,,,ballyliffen|couple portraits|bride and groom|beach wedding|coastal portraits|wedding car|overcast light|romantic|windswept|donegal wedding|newlyweds|shoreline,MKB000015
Ballyliffen,couple portraits,mkb-weddings-ballyliffen-lodge-hotel-donegal-wedding-photographer--15_500.webp,,,,,,,,,,,couple portrait|bride and groom|beach wedding|coastal portrait|ballyliffen|donegal wedding|overcast light|romantic|elegant|wedding dress|black tie|seaside,MKB000016
Ballyliffen,couple portraits,mkb-weddings-ballyliffen-lodge-hotel-donegal-wedding-photographer--16_500.webp,,,,,,,,,,,ballyliffen|couple portraits|wedding car|newlyweds|kiss|romantic|silhouette|warm light|intimate moment|car ribbon|bride and groom|donegal wedding,MKB000017
Ballyliffen,couple portraits,mkb-weddings-ballyliffen-lodge-hotel-donegal-wedding-photographer--19_500.webp,,,,,,,,,,,ballyliffen|couple portraits|bride and groom|indoor portrait|christmas decor|doorway portrait|soft lighting|romantic|elegant|wedding dress|black tie|newlyweds,MKB000018
Ballyliffen,couple portraits,mkb-weddings-ballyliffen-lodge-hotel-donegal-wedding-photographer--21_500.webp,,,,,,,,,,,ballyliffen|bridal portrait|bride|staircase|wedding dress|bridal bouquet|chandelier|indoor|dramatic lighting|elegant|romantic|couple portraits,MKB000019
Ballyliffen,couple portraits,mkb-weddings-ballyliffen-lodge-hotel-donegal-wedding-photographer--22_500.webp,,,,,,,,,,,ballyliffen|bride portrait|wedding dress|bridal bouquet|indoor portrait|staircase|soft lighting|joyful|elegant|romantic|bridal moment|donegal wedding,MKB000020
Ballyliffen,couple portraits,mkb-weddings-ballyliffen-lodge-hotel-donegal-wedding-photographer--31_500.webp,,,,,,,,,,,ballyliffen|couple portrait|bride and groom|wedding embrace|indoor portrait|fairy lights|warm lighting|romantic mood|evening portrait|wedding dress|groom suit|intimate moment,MKB000021
Ballyliffen,details and decor,mkb-weddings-ballyliffen-lodge-hotel-donegal-wedding-photographer--17_500.webp,,,,,,,,,,,wedding reception|reception decor|ballyliffen wedding|floral garland|top table|banquet room|round tables|elegant decor|soft indoor light|romantic mood|table settings|wedding details,MKB000022
Ballyliffen,details and decor,mkb-weddings-ballyliffen-lodge-hotel-donegal-wedding-photographer--1_500.webp,,,,,,,,,,,wedding dress|bridal details|dress hanging|staircase|window light|backlit|elegant decor|romantic mood|wedding morning|ballyliffen|donegal wedding,MKB000023
Ballyliffen,family and bridal party,mkb-weddings-ballyliffen-lodge-hotel-donegal-wedding-photographer--18_500.webp,,,,,,,,,,,ballyliffen wedding|family portrait|groom|grandmother|wedding hug|indoor reception|christmas decor|warm lighting|joyful moment|candid portrait|bridal party|donegal wedding,MKB000024
Ballyliffen,family and bridal party,mkb-weddings-ballyliffen-lodge-hotel-donegal-wedding-photographer--20_500.webp,,,,,,,,,,,family portrait|bride and groom|parents|bridal party|indoor wedding|formal portrait|soft flash|happy mood|wedding reception|ballyliffen wedding|classic style|donegal wedding,MKB000025
Ballyliffen,family and bridal party,mkb-weddings-ballyliffen-lodge-hotel-donegal-wedding-photographer--23_500.webp,,,,,,,,,,,ballyliffen wedding|bridal party|bride and groom|family portraits|indoor wedding|christmas decor|formal portrait|moody lighting|elegant|festive|wedding reception|donegal wedding,MKB000026
Ballyliffen,family and bridal party,mkb-weddings-ballyliffen-lodge-hotel-donegal-wedding-photographer--24_500.webp,,,,,,,,,,,ballyliffen wedding|bridal party|bride and groom|group portrait|indoor portrait|christmas decor|formalwear|soft lighting|elegant mood|wedding reception|family photos|donegal wedding,MKB000027
Ballyliffen,family and bridal party,mkb-weddings-ballyliffen-lodge-hotel-donegal-wedding-photographer--7_500.webp,,,,,,,,,,,ballyliffen wedding|bride|bridesmaids|bridal party|outdoor portraits|bouquets|white wraps|overcast light|winter wedding|joyful|wedding morning|donegal wedding,MKB000028
Ballyliffen,family and bridal party,mkb-weddings-ballyliffen-lodge-hotel-donegal-wedding-photographer--8_500.webp,,,,,,,,,,,ballyliffen wedding|bride|bridesmaids|bridal party|bouquets|stone wall|outdoor portraits|soft natural light|elegant|joyful|wedding party|emerald dresses,MKB000029
Ballyliffen,family and bridal party,mkb-weddings-ballyliffen-lodge-hotel-donegal-wedding-photographer--9_500.webp,,,,,,,,,,,ballyliffen|bridal party|family portraits|church exterior|bride and groom|outdoor wedding|natural light|candid moment|wedding party|joyful|dress moment|donegal wedding,MKB000030
Ballyliffen,getting ready,mkb-weddings-ballyliffen-lodge-hotel-donegal-wedding-photographer--2_500.webp,,,,,,,,,,,getting ready|bride prep|bridal makeup|lipstick|makeup artist|soft light|close up|calm mood|wedding morning|beauty details|ballyliffen|donegal wedding,MKB000031
Ballyliffen,getting ready,mkb-weddings-ballyliffen-lodge-hotel-donegal-wedding-photographer--3_500.webp,,,,,,,,,,,ballyliffen wedding|getting ready|bride|bridal robe|mirror portrait|bridal prep|soft window light|happy bride|morning preparations|wedding makeup|elegant details|donegal wedding,MKB000032
Ballyliffen,getting ready,mkb-weddings-ballyliffen-lodge-hotel-donegal-wedding-photographer--4_500.webp,,,,,,,,,,,getting ready|bride|mirror portrait|black and white|bridal robe|soft lighting|morning prep|candid moment|wedding morning|intimate mood|indoor scene|ballyliffen,MKB000033
Ballyliffen,getting ready,mkb-weddings-ballyliffen-lodge-hotel-donegal-wedding-photographer--5_500.webp,,,,,,,,,,,ballyliffen|getting ready|bride|bridesmaids|bridal party|champagne toast|morning preparations|window light|joyful|robes|candid|wedding morning,MKB000034
Ballyliffen,getting ready,mkb-weddings-ballyliffen-lodge-hotel-donegal-wedding-photographer--6_500.webp,,,,,,,,,,,ballyliffen wedding|getting ready|groom prep|bow tie|mirror reflection|black tuxedo|hotel room|natural light|candid moment|happy groom|wedding morning|donegal wedding,MKB000035
Ballyliffen,reception and party,mkb-weddings-ballyliffen-lodge-hotel-donegal-wedding-photographer--25_500.webp,,,,,,,,,,,ballyliffen wedding|reception entrance|bride and groom|wedding party|fairy lights|white draping|joyful moment|evening reception|grand entrance|celebration|indoor wedding|donegal wedding,MKB000036
Ballyliffen,reception and party,mkb-weddings-ballyliffen-lodge-hotel-donegal-wedding-photographer--26_500.webp,,,,,,,,,,,ballyliffen|reception|wedding party|bride and groom|first dance|dance floor|guests cheering|napkin wave|indoor reception|warm lighting|candid|joyful,MKB000037
Ballyliffen,reception and party,mkb-weddings-ballyliffen-lodge-hotel-donegal-wedding-photographer--27_500.webp,,,,,,,,,,,reception|party|bride and groom|dance floor|grand entrance|black and white|indoor lighting|joyful|celebration|wedding guests|evening reception|ballyliffen,MKB000038
Ballyliffen,reception and party,mkb-weddings-ballyliffen-lodge-hotel-donegal-wedding-photographer--28_500.webp,,,,,,,,,,,wedding reception|top table|groom speech|wedding toast|bride and groom|bridal party|indoor reception|warm lighting|celebration|candid moment|ballyliffen wedding|donegal wedding,MKB000039
Ballyliffen,reception and party,mkb-weddings-ballyliffen-lodge-hotel-donegal-wedding-photographer--29_500.webp,,,,,,,,,,,ballyliffen wedding|reception party|bride and groom|sparkler exit|night celebration|wedding guests|dramatic lighting|joyful moment|evening wedding|party atmosphere,MKB000040
Ballyliffen,reception and party,mkb-weddings-ballyliffen-lodge-hotel-donegal-wedding-photographer--30_500.webp,,,,,,,,,,,ballyliffen|wedding reception|sparkler exit|bride|groom|guests|night portrait|black and white|celebration|romantic mood|party|candid moment,MKB000041
Ballyliffen,reception and party,mkb-weddings-ballyliffen-lodge-hotel-donegal-wedding-photographer--32_500.webp,,,,,,,,,,,ballyliffen wedding|reception party|wedding guests|dance floor|evening reception|celebration|candid moments|party atmosphere|indoor reception|flash lighting|joyful guests|donegal wedding,MKB000042
Ballyliffen,reception and party,mkb-weddings-ballyliffen-lodge-hotel-donegal-wedding-photographer--33_500.webp,,,,,,,,,,,reception|wedding party|bride and groom|grand entrance|dance floor|guests clapping|indoor reception|spotlight|celebration|joyful|ballyliffen wedding|party atmosphere,MKB000043
Ballyliffen,reception and party,mkb-weddings-ballyliffen-lodge-hotel-donegal-wedding-photographer--34_500.webp,,,,,,,,,,,ballyliffen|wedding reception|first dance|bride and groom|dance floor|wedding guests|evening party|indoor lighting|romantic moment|celebration|candid reactions|donegal wedding,MKB000044
Ballyliffen,reception and party,mkb-weddings-ballyliffen-lodge-hotel-donegal-wedding-photographer--35_500.webp,,,,,,,,,,,reception|first dance|bride and groom|wedding guests|dance floor|indoor wedding|chandelier|black and white|dramatic lighting|romantic|celebration|ballyliffen,MKB000045
Ballyliffen,reception and party,mkb-weddings-ballyliffen-lodge-hotel-donegal-wedding-photographer--36_500.webp,,,,,,,,,,,ballyliffen wedding|reception party|dance floor|bride dancing|groom dancing|wedding guests|evening reception|flash lighting|celebration|joyful mood|party moment|donegal wedding,MKB000046
Ballyscullion park,ceremony,mkb-weddings-irish-wedding-photographer-ballyscullion-park-bellaghy-photography-263_500.webp,,,,,,,,,,,ballyscullion park|wedding ceremony|bride and groom|outdoor ceremony|marquee wedding|wedding guests|daylight|joyful moment|ceremony vows|bridal bouquet|candid wedding|irish wedding,MKB000047
Ballyscullion park,ceremony,mkb-weddings-irish-wedding-photographer-ballyscullion-park-bellaghy-photography-338_500.webp,,,,,,,,,,,ballyscullion park|ceremony|first kiss|bride and groom|wedding guests|outdoor ceremony|marquee wedding|natural light|romantic|joyful|irish wedding|aisle moment,MKB000048
Ballyscullion park,ceremony,MKB-weddings-mkb-photography-northern-ireland-wedding-photographer-ballyscullion-park-belaghy-wedding-photography11_500.webp,,,,,,,,,,,ballyscullion park|outdoor ceremony|woodland wedding|bride and groom|wedding vows|guest seating|natural light|romantic moment|intimate ceremony|wedding veil|ceremony aisle|northern ireland wedding,MKB000049
Ballyscullion park,ceremony,MKB-weddings-mkb-photography-northern-ireland-wedding-photographer-ballyscullion-park-belaghy-wedding-photography12_500.webp,,,,,Y,3,Y,2,,,ballyscullion park|outdoor ceremony|woodland wedding|bride entrance|walking down aisle|bride and father|wedding guests|natural light|emotional moment|ceremony aisle|northern ireland wedding|romantic mood,MKB000050
Ballyscullion park,ceremony,MKB-weddings-mkb-photography-northern-ireland-wedding-photographer-ballyscullion-park-belaghy-wedding-photography13_500.webp,,,,,,,,,,,ballyscullion park|outdoor ceremony|woodland wedding|ceremony processional|bridesmaids|flower girl|wedding guests|autumn tones|natural light|romantic mood|aisle entrance|northern ireland wedding,MKB000051
Ballyscullion park,ceremony,MKB-weddings-mkb-photography-northern-ireland-wedding-photographer-ballyscullion-park-belaghy-wedding-photography5_500.webp,,,,,,,,,,,ballyscullion park|ceremony|bride and groom|wedding cake|cake cutting|floral decor|indoor wedding|soft light|romantic|joyful|candid moment|northern ireland wedding,MKB000052
Ballyscullion park,ceremony,MKB_Photography-Northern-ireland-wedding-photography-northern-ireland-wedding-photographer-Ballyscullion-park-wedding-photography-full-res-155_500.webp,,,,,,,,,,,ceremony|first kiss|bride and groom|wedding guests|outdoor ceremony|marquee|natural light|romantic|joyful|ballyscullion park|northern ireland wedding|applause,MKB000053
Ballyscullion park,couple portraits,MKB-weddings-mkb-photography-northern-ireland-wedding-photographer-ballyscullion-park-belaghy-wedding-photography10_500.webp,,,,,Y,5,Y,3,,,couple portraits|bride and groom|outdoor wedding|garden setting|soft natural light|romantic mood|intimate moment|wedding veil|lace wedding dress|navy suit|seated portrait|ballyscullion park,MKB000054
Ballyscullion park,couple portraits,MKB-weddings-mkb-photography-northern-ireland-wedding-photographer-ballyscullion-park-belaghy-wedding-photography2_500.webp,,,,,,,,,,,ballyscullion park|sparkler exit|couple portrait|bride and groom|wedding guests|evening wedding|twilight|festive lights|romantic|celebration|outdoor wedding|candid moment,MKB000055
Ballyscullion park,couple portraits,mkb-weddings-irish-wedding-photographer-ballyscullion-park-bellaghy-photography-150_500.webp,,,,,Y,4,Y,16,,,ballyscullion park|couple portraits|bride and groom|outdoor wedding|garden portrait|soft sunlight|romantic|natural light|summer wedding|intimate moment|irish wedding|candid portrait,MKB000056
Ballyscullion park,couple portraits,mkb-weddings-irish-wedding-photographer-ballyscullion-park-bellaghy-photography-152_500.webp,,,,,,,,,,,ballyscullion park|couple portraits|bride and groom|outdoor portraits|meadow|woodland|natural light|romantic|walking together|summer wedding|intimate moment|irish wedding,MKB000057
Ballyscullion park,couple portraits,mkb-weddings-irish-wedding-photographer-ballyscullion-park-bellaghy-photography-179_500.webp,creative-flash,,,,,,,,,,couple portraits|bride and groom|outdoor portrait|dramatic sky|golden light|romantic mood|holding hands|wedding dress|groom suit|ballyscullion park|evening portraits|irish wedding,MKB000058
Ballyscullion park,couple portraits,mkb-weddings-irish-wedding-photographer-ballyscullion-park-bellaghy-photography-447_500.webp,creative-flash,,,,,,,,,,ballyscullion park|couple portraits|bride and groom|woodland|night portrait|dramatic lighting|romantic|intimate|wedding portraits|bridal bouquet,MKB000059
Ballyscullion park,couple portraits,mkb-weddings-irish-wedding-photographer-ballyscullion-park-bellaghy-photography-460_500.webp,creative-flash,,,,Y,2,Y,14,,,couple portrait|bride and groom|outdoor portrait|natural light|golden hour|romantic|intimate|smiling bride|wedding veil|ballyscullion park|wedding day|close up,MKB000060
Ballyscullion park,couple portraits,mkb-weddings-irish-wedding-photographer-ballyscullion-park-bellaghy-photography-480_500.webp,,,,,,,,,,,ballyscullion park|couple portraits|bride and groom|woodland path|outdoor wedding|dramatic lighting|romantic mood|irish wedding|forest portraits|wedding dress|groom suit|intimate moment,MKB000061
Ballyscullion park,couple portraits,mkb-weddings-irish-wedding-photographer-ballyscullion-park-bellaghy-photography-485_500.webp,,,,,,,,,,,ballyscullion park|couple portraits|bride and groom|wedding kiss|manor house|estate lawn|flowing veil|overcast light|romantic|elegant|outdoor portraits|irish wedding,MKB000062
Ballyscullion park,couple portraits,MKB-weddings-mkb-photography-northern-ireland-wedding-photographer-ballyscullion-park-belaghy-wedding-photography3_500.webp,,,,,,,,,,,couple portraits|ballyscullion park|bride and groom|sunset portraits|dusk light|garden lawn|romantic mood|walking together|evening sky|outdoor wedding|northern ireland wedding|wedding portraits,MKB000063
Ballyscullion park,couple portraits,MKB-weddings-mkb-photography-northern-ireland-wedding-photographer-ballyscullion-park-belaghy-wedding-photography6_500.webp,creative-flash,,,,,,,,,,ballyscullion park|couple portraits|bride and groom|holding hands|outdoor portrait|vintage petrol pump|stone wall|soft light|relaxed mood|romantic|wedding bouquet|wedding day,MKB000064
Ballyscullion park,couple portraits,MKB-weddings-mkb-photography-northern-ireland-wedding-photographer-ballyscullion-park-belaghy-wedding-photography7_500.webp,creative-flash,,,,Y,1,Y,9,Y,,ballyscullion park|couple portraits|woodland|bride and groom|moody lighting|natural light|romantic|atmospheric|wedding portraits|outdoor wedding|forest backdrop|dramatic,MKB000065
Ballyscullion park,couple portraits,MKB-weddings-mkb-photography-northern-ireland-wedding-photographer-ballyscullion-park-belaghy-wedding-photography8_500.webp,creative-flash,,,,,,,,,,ballyscullion park|couple portraits|bride and groom|woodland|kissing|natural light|dramatic lighting|romantic|intimate|wedding bouquet|outdoor wedding|northern ireland wedding,MKB000066
Ballyscullion park,couple portraits,MKB-weddings-mkb-photography-northern-ireland-wedding-photographer-ballyscullion-park-belaghy-wedding-photography9_500.webp,,,,,,,,,,,ballyscullion park|couple portraits|bride and groom|wedding bouquet|sunflower bouquet|natural light|romantic|joyful|outdoor portraits|wedding dress|groom suit|newlyweds,MKB000067
Ballyscullion park,couple portraits,MKB_Photography-Northern-ireland-wedding-photography-northern-ireland-wedding-photographer-Ballyscullion-park-wedding-photography-full-res-269_500.webp,,,,,,,,,,,couple portraits|bride and groom|woodland|natural light|romantic|intimate|wedding portrait|veil|black tie|soft focus|ballyscullion park,MKB000068
Ballyscullion park,couple portraits,MKB_Photography-Northern-ireland-wedding-photography-northern-ireland-wedding-photographer-Ballyscullion-park-wedding-photography-full-res-272_500.webp,,,,,,,,,,,ballyscullion park|couple portraits|bride and groom|woodland|black and white|dramatic light|romantic|intimate|wedding portrait|veil|tree canopy|moody,MKB000069
Ballyscullion park,couple portraits,MKB_Photography-Northern-ireland-wedding-photography-northern-ireland-wedding-photographer-Ballyscullion-park-wedding-photography-full-res-277_500.webp,,,,,,,,,,,couple portraits|bride and groom|garden archway|brick wall|romantic|intimate|soft light|outdoor wedding|wedding dress|groom suit|ballyscullion park|wedding portraits,MKB000070
Ballyscullion park,couple portraits,MKB_Photography-Northern-ireland-wedding-photography-northern-ireland-wedding-photographer-Ballyscullion-park-wedding-photography-full-res-370_500.webp,,,,,,,,,,,ballyscullion park|couple portraits|bride and groom|outdoor portraits|golden hour|sunset light|romantic|intimate moment|wedding dress|black tie groom|garden lawn|northern ireland wedding,MKB000071
Ballyscullion park,couple portraits,MKB_Photography-Northern-ireland-wedding-photography-northern-ireland-wedding-photographer-Ballyscullion-park-wedding-photography-full-res-373_500.webp,,,,,,,,,,,ballyscullion park|couple portraits|bride and groom|outdoor portraits|golden hour|sunset light|romantic|walking together|wedding day|estate gardens|backlit|elegant,MKB000072
Ballyscullion park,details and decor,mkb-weddings-irish-wedding-photographer-ballyscullion-park-bellaghy-photography-497_500.webp,,,,,,,,,,,wedding table|reception decor|table setting|table number|place cards|floral centerpiece|white linens|dining room|natural light|elegant decor|wedding details|ballyscullion park,MKB000073
Ballyscullion park,details and decor,MKB_Photography-Northern-ireland-wedding-photography-northern-ireland-wedding-photographer-Ballyscullion-park-wedding-photography-full-res-42_500.webp,,,,,,,,,,,ballyscullion park|wedding details|bridesmaid dresses|dress hanging|personalised hangers|sparkly dresses|bridal party|getting ready|indoor light|soft mood|wedding morning|decor details,MKB000074
Ballyscullion park,details and decor,MKB_Photography-Northern-ireland-wedding-photography-northern-ireland-wedding-photographer-Ballyscullion-park-wedding-photography-full-res-45_500.webp,,,,,,,,,,,wedding dress|bridal gown|dress details|lace sleeves|getting ready|bridal details|soft light|romantic|elegant|indoor decor|ballyscullion park,MKB000075
Ballyscullion park,details and decor,MKB_Photography-Northern-ireland-wedding-photography-northern-ireland-wedding-photographer-Ballyscullion-park-wedding-photography-full-res-49_500.webp,,,,,,,,,,,ballyscullion park|wedding details|bridal shoes|wedding bouquet|bedroom decor|floral pillows|soft light|romantic mood|bridal prep|detail shot|elegant styling,MKB000076
Ballyscullion park,family and bridal party,mkb-weddings-irish-wedding-photographer-ballyscullion-park-bellaghy-photography-413_500.webp,,,,,,,,,,,ballyscullion park|bridal party|bride and groom|wedding kiss|outdoor garden|motion blur|bridesmaids|groomsmen|teal dresses|natural light|romantic|family portraits,MKB000077
Ballyscullion park,family and bridal party,MKB_Photography-Northern-ireland-wedding-photography-northern-ireland-wedding-photographer-Ballyscullion-park-wedding-photography-full-res-391_500.webp,,,,,,,,,,,ballyscullion park|bride and groom|bridal party|family celebration|outdoor wedding|garden walkway|sunset light|golden hour|cheering guests|wedding reception|joyful moment|evening celebration,MKB000078
Ballyscullion park,getting ready,mkb-weddings-irish-wedding-photographer-ballyscullion-park-bellaghy-photography-103_500.webp,,,,,,,,,,,getting ready|bridal bouquet|bouquet charm|wedding locket|sentimental details|bride details|soft light|emotional|wedding morning|ballyscullion park,MKB000079
Ballyscullion park,getting ready,mkb-weddings-irish-wedding-photographer-ballyscullion-park-bellaghy-photography-105_500.webp,,,,,,,,,,,wedding dress|bridal gown|getting ready|dress details|window light|soft light|floral wallpaper|bedroom|romantic|bridal prep|ballyscullion park,MKB000080
Ballyscullion park,getting ready,mkb-weddings-irish-wedding-photographer-ballyscullion-park-bellaghy-photography-108_500.webp,,,,,,,,,,,bridal details|wedding shoes|bridal bouquet|jewellery flat lay|bridal accessories|getting ready|soft light|elegant|romantic|white flowers|ballyscullion park,MKB000081
Ballyscullion park,getting ready,mkb-weddings-irish-wedding-photographer-ballyscullion-park-bellaghy-photography-112_500.webp,,,,,,,,,,,getting ready|bridal prep|bride|makeup|mirror reflection|soft light|natural light|happy|candid|wedding morning|ballyscullion park,MKB000082
Ballyscullion park,getting ready,mkb-weddings-irish-wedding-photographer-ballyscullion-park-bellaghy-photography-121_500.webp,,,,,,,,,,,getting ready|groomsmen|outdoor portrait|ballyscullion park|casual style|sunglasses|fun moment|relaxed mood|natural light|wedding morning|group photo|irish wedding,MKB000083
Ballyscullion park,getting ready,mkb-weddings-irish-wedding-photographer-ballyscullion-park-bellaghy-photography-149_500.webp,,,,,,,,,,,ballyscullion park|getting ready|groom prep|groom portrait|tie adjustment|mirror reflection|wedding morning|natural light|candid moment|calm mood|indoor portrait|irish wedding,MKB000084
Ballyscullion park,getting ready,mkb-weddings-irish-wedding-photographer-ballyscullion-park-bellaghy-photography-198_500.webp,,,,,,,,,,,ballyscullion park|getting ready|bride|bridesmaids|first look|veil|bridal prep|indoor|natural light|joyful|emotional reaction|wedding morning,MKB000085
Ballyscullion park,getting ready,mkb-weddings-irish-wedding-photographer-ballyscullion-park-bellaghy-photography-209_500.webp,,,,,,,,,,,ballyscullion park|getting ready|bride on stairs|father first look|family moment|indoor wedding|wooden staircase|natural light|emotional|bridal reveal|wedding dress|candid,MKB000086
Ballyscullion park,getting ready,MKB-weddings-mkb-photography-northern-ireland-wedding-photographer-ballyscullion-park-belaghy-wedding-photography14_500.webp,,,,,,,,,,,ballyscullion park|getting ready|groom|groomsmen|outdoor portraits|woodland|natural light|candid|relaxed|navy suits|buttonholes|pre ceremony,MKB000087
Ballyscullion park,getting ready,MKB-weddings-mkb-photography-northern-ireland-wedding-photographer-ballyscullion-park-belaghy-wedding-photography15_500.webp,,,,,,,,,,,ballyscullion park|getting ready|bridal prep|bride|wedding dress|necklace fastening|window light|soft light|intimate moment|calm mood|morning preparations|indoor portrait,MKB000088
Ballyscullion park,getting ready,MKB-weddings-mkb-photography-northern-ireland-wedding-photographer-ballyscullion-park-belaghy-wedding-photography16_500.webp,,,,,,,,,,,ballyscullion park|getting ready|bride|bridal portrait|mirror reflection|wedding morning|window light|soft light|elegant|calm|bridal hair|wedding dress,MKB000089
Ballyscullion park,getting ready,MKB-weddings-mkb-photography-northern-ireland-wedding-photographer-ballyscullion-park-belaghy-wedding-photography17_500.webp,,,,,,,,,,,ballyscullion park|getting ready|bride|wedding dress|bridal gown|window light|soft light|quiet moment|anticipation|morning preparations|bridal details|northern ireland wedding,MKB000090
Ballyscullion park,getting ready,MKB-weddings-mkb-photography-northern-ireland-wedding-photographer-ballyscullion-park-belaghy-wedding-photography18_500.webp,,,,,,,,,,,ballyscullion park|getting ready|bridal prep|bride|makeup artist|makeup application|window light|indoor|candid|calm|wedding morning|bridal portrait,MKB000091
Ballyscullion park,getting ready,MKB-weddings-mkb-photography-northern-ireland-wedding-photographer-ballyscullion-park-belaghy-wedding-photography19_500.webp,,,,,,,,,,,ballyscullion park|getting ready|bridal prep|bride|hair styling|bridal robe|hair accessory|soft light|candid moment|joyful|morning preparations|wedding morning,MKB000092
Ballyscullion park,getting ready,MKB-weddings-mkb-photography-northern-ireland-wedding-photographer-ballyscullion-park-belaghy-wedding-photography20_500.webp,,,,,,,,,,,ballyscullion park|getting ready|bridal shoes|wedding details|pearl shoes|bridal accessories|wedding veil|soft light|elegant|romantic|morning preparations|flat lay,MKB000093
Ballyscullion park,getting ready,MKB_Photography-Northern-ireland-wedding-photography-northern-ireland-wedding-photographer-Ballyscullion-park-wedding-photography-full-res-88_500.webp,,,,,,,,,,,ballyscullion park|getting ready|bridal prep|bride|bridesmaids|wedding dress|dress fastening|indoor|soft window light|candid|joyful|wedding morning,MKB000094
Ballyscullion park,getting ready,MKB_Photography-Northern-ireland-wedding-photography-northern-ireland-wedding-photographer-Ballyscullion-park-wedding-photography-full-res-89_500.webp,,,,,,,,,,,ballyscullion park|getting ready|bride|bridal portrait|window light|lace wedding dress|wedding veil|soft light|calm moment|elegant|indoor portrait|wedding morning,MKB000095
Ballyscullion park,reception and party,mkb-weddings-irish-wedding-photographer-ballyscullion-park-bellaghy-photography-109_500.webp,,,,,,,,,,,wedding reception|speeches|bride and groom|top table|candid laughter|indoor reception|fairy lights|joyful moment|wedding party|ballyscullion park|irish wedding|evening celebration,MKB000096
Ballyscullion park,reception and party,mkb-weddings-irish-wedding-photographer-ballyscullion-park-bellaghy-photography-191_500.webp,,,,,,,,,,,ballyscullion park|wedding reception|bride and groom|wedding game|marquee reception|guest laughter|natural light|fun moment|party atmosphere|seated couple|irish wedding|reception entertainment,MKB000097
Ballyscullion park,reception and party,MKB-weddings-mkb-photography-northern-ireland-wedding-photographer-ballyscullion-park-belaghy-wedding-photography1_500.webp,,,,,,,,,,,first dance|wedding reception|bride and groom|dance floor|guest watching|marquee reception|fairy lights|warm lighting|romantic mood|evening party|ballyscullion park|celebration,MKB000098
Ballyscullion park,reception and party,MKB-weddings-mkb-photography-northern-ireland-wedding-photographer-ballyscullion-park-belaghy-wedding-photography4_500.webp,,,,,,,,,,,ballyscullion park|wedding reception|top table|wedding speech|wedding party|bride and groom|guests laughing|indoor reception|soft natural light|joyful mood|table greenery|candid moment,MKB000099
Ballyscullion park,reception and party,MKB_Photography-Northern-ireland-wedding-photography-northern-ireland-wedding-photographer-Ballyscullion-park-wedding-photography-full-res-293_500.webp,,,,,,,,,,,ballyscullion park|outdoor reception|bride and groom|first dance|wedding guests|live music|sunny light|joyful moment|garden party|wedding celebration,MKB000100
Ballyscullion park,reception and party,MKB_Photography-Northern-ireland-wedding-photography-northern-ireland-wedding-photographer-Ballyscullion-park-wedding-photography-full-res-334_500.webp,,,,,,,,,,,ballyscullion park|wedding reception|groom speech|top table|bride and groom|wedding party|marquee reception|soft lighting|joyful mood|candid moment|wedding speeches|northern ireland wedding,MKB000101
Ballysmascanlon,couple portraits,MKB_Photography-Northern-ireland-wedding-photography-northern-ireland-wedding-photographer-ballymascanlon-house-hotel-dundalk-wedding-photography-11_500.webp,creative-flash,,,,,,,,,,ballysmascanlon|couple portraits|bride and groom|outdoor portrait|garden setting|stone wall|tree framed|golden hour|dramatic lighting|romantic mood|wedding dress|intimate moment,MKB000102
Ballysmascanlon,couple portraits,MKB_Photography-Northern-ireland-wedding-photography-northern-ireland-wedding-photographer-ballymascanlon-house-hotel-dundalk-wedding-photography-252_500.webp,,,,,,,,,,,ballysmascanlon|couple portrait|bride and groom|garden|pink blossoms|spring wedding|soft light|romantic|outdoor portrait|wedding flowers|relaxed|newlyweds,MKB000103
Ballysmascanlon,couple portraits,MKB_Photography-Northern-ireland-wedding-photography-northern-ireland-wedding-photographer-ballymascanlon-house-hotel-dundalk-wedding-photography-259_500.webp,,,,,,,,,,,ballysmascanlon|couple portraits|bride and groom|outdoor portraits|romantic|soft light|floral foreground|wedding bouquet|intimate moment|garden wedding|pink blossoms|wedding portraits,MKB000104
Ballysmascanlon,couple portraits,MKB_Photography-Northern-ireland-wedding-photography-northern-ireland-wedding-photographer-ballymascanlon-house-hotel-dundalk-wedding-photography-264_500.webp,,,,,,,,,,,ballysmascanlon|couple portraits|bride and groom|wedding portrait|garden wedding|blossom tree|pink flowers|romantic|soft light|intimate moment|spring wedding|outdoor portraits,MKB000105
Ballysmascanlon,couple portraits,MKB_Photography-Northern-ireland-wedding-photography-northern-ireland-wedding-photographer-ballymascanlon-house-hotel-dundalk-wedding-photography-314_500.webp,,,,,,,,,,,ballysmascanlon|couple portrait|bride and groom|wedding dress|groom suit|bridal bouquet|natural light|romantic|candid moment|soft foreground|intimate portrait|wedding day,MKB000106
Ballysmascanlon,couple portraits,MKB_Photography-Northern-ireland-wedding-photography-northern-ireland-wedding-photographer-ballymascanlon-house-hotel-dundalk-wedding-photography-458_500.webp,,,,,,,,,,,ballysmascanlon|couple portraits|bride and groom|garden portrait|holding hands|dramatic sky|moody lighting|outdoor wedding|romantic mood|wedding dress|evening portrait|irish wedding,MKB000107
Ballysmascanlon,couple portraits,MKB_Photography-Northern-ireland-wedding-photography-northern-ireland-wedding-photographer-ballymascanlon-house-hotel-dundalk-wedding-photography-462_500.webp,,,,,,,,,,,ballysmascanlon|couple portraits|bride and groom|outdoor portrait|evening light|romantic|intimate|wedding dress|black tie|garden setting|moody lighting|newlyweds,MKB000108
Ballysmascanlon,family and bridal party,MKB_Photography-Northern-ireland-wedding-photography-northern-ireland-wedding-photographer-ballymascanlon-house-hotel-dundalk-wedding-photography-318_500.webp,,,,,,,,,,,ballysmascanlon|family portraits|bride|parents|formal portrait|wedding party|outdoor portrait|natural light|posed group|classic style|happy mood|wedding day,MKB000109
Ballysmascanlon,getting ready,MKB_Photography-Northern-ireland-wedding-photography-northern-ireland-wedding-photographer-ballymascanlon-house-hotel-dundalk-wedding-photography-61_500.webp,,,,,,,,,,,ballysmascanlon|getting ready|bride|wedding dress|veil|mirror reflection|window light|black and white|bridal prep|quiet moment|elegant|intimate,MKB000110
Ballysmascanlon,getting ready,MKB_Photography-Northern-ireland-wedding-photography-northern-ireland-wedding-photographer-ballymascanlon-house-hotel-dundalk-wedding-photography-9_500.webp,,,,,,,,,,,ballysmascanlon|getting ready|bridal details|wedding dress|bridesmaid dresses|wedding shoes|indoor scene|natural light|calm mood|morning preparations,MKB000111
Ballysmascanlon,reception and party,MKB_Photography-Northern-ireland-wedding-photography-northern-ireland-wedding-photographer-ballymascanlon-house-hotel-dundalk-wedding-photography-434_500.webp,,,,,,,,,,,ballysmascanlon|wedding reception|party|dance floor|guests|group hands|candid|indoor|flash lighting|fun|celebration|joyful,MKB000112
Beech hill,ceremony,MKB_Photography-Northern-ireland-wedding-photography-northern-ireland-wedding-photographer-Beech-hill-country-house-derry-wedding-photography-FULL-RES-131_500.webp,,,,,,,,,,,beech hill|outdoor ceremony|woodland wedding|wedding guests|ceremony seating|forest setting|natural light|romantic mood|wedding ceremony|country house wedding|aisle view|northern ireland wedding,MKB000113
Beech hill,ceremony,MKB_Photography-Northern-ireland-wedding-photography-northern-ireland-wedding-photographer-Beech-hill-country-house-derry-wedding-photography-FULL-RES-139_500.webp,,,,,,,,,,,beech hill|outdoor ceremony|woodland wedding|ceremony aisle|bridesmaids|wedding guests|floral bouquets|natural light|romantic mood|processional|northern ireland wedding|summer wedding,MKB000114
Beech hill,ceremony,MKB_Photography-Northern-ireland-wedding-photography-northern-ireland-wedding-photographer-Beech-hill-country-house-derry-wedding-photography-FULL-RES-144_500.webp,,,,,Y,4,Y,3,,,outdoor ceremony|woodland wedding|bride entrance|wedding aisle|wedding guests|natural light|summer wedding|romantic mood|ceremony moment|garden setting|bridal gown|documentary photography,MKB000115
Beech hill,ceremony,MKB_Photography-Northern-ireland-wedding-photography-northern-ireland-wedding-photographer-Beech-hill-country-house-derry-wedding-photography-FULL-RES-153_500.webp,,,,,,,,,,,beech hill|outdoor ceremony|woodland wedding|bride entrance|aisle walk|wedding guests|bridal bouquet|natural light|romantic mood|summer wedding|ceremony moments|country house wedding,MKB000116
Beech hill,ceremony,MKB_Photography-Northern-ireland-wedding-photography-northern-ireland-wedding-photographer-Beech-hill-country-house-derry-wedding-photography-FULL-RES-170_500.webp,,,,,,,,,,,beech hill|outdoor ceremony|woodland wedding|bride and groom|wedding guests|ceremony aisle|natural light|romantic mood|garden ceremony|wedding vows|rustic setting|northern ireland wedding,MKB000117
Beech hill,ceremony,MKB_Photography-Northern-ireland-wedding-photography-northern-ireland-wedding-photographer-Beech-hill-country-house-derry-wedding-photography-FULL-RES-182_500.webp,,,,,,,,,,,outdoor ceremony|woodland wedding|bride and groom|wedding vows|ceremony guests|dappled sunlight|romantic mood|floral arch|garden setting|emotional moment|summer wedding|beech hill,MKB000118
Beech hill,ceremony,MKB_Photography-Northern-ireland-wedding-photography-northern-ireland-wedding-photographer-Beech-hill-country-house-derry-wedding-photography-FULL-RES-190_500.webp,,,,,,,,,,,beech hill|ceremony|outdoor ceremony|bride and groom|vows|wedding guests|officiant|woodland setting|natural light|romantic|emotional moment|summer wedding,MKB000119
Beech hill,ceremony,MKB_Photography-Northern-ireland-wedding-photography-northern-ireland-wedding-photographer-Beech-hill-country-house-derry-wedding-photography-FULL-RES-215_500.webp,,,,,,,,,,,ceremony|register signing|bride and groom|outdoor ceremony|woodland|natural light|romantic|intimate moment|wedding vows|bouquet|beech hill|country house wedding,MKB000120
Beech hill,ceremony,MKB_Photography-Northern-ireland-wedding-photography-northern-ireland-wedding-photographer-Beech-hill-country-house-derry-wedding-photography-FULL-RES-223_500.webp,,,,,,,,,,,beech hill|outdoor ceremony|woodland wedding|wedding party|bride and groom|bridesmaids|groomsmen|wedding guests|natural light|romantic mood|group portrait|ceremony moment,MKB000121
Beech hill,ceremony,MKB_Photography-Northern-ireland-wedding-photography-northern-ireland-wedding-photographer-Beech-hill-country-house-derry-wedding-photography-FULL-RES-229_500.webp,,,,,,,,,,,beech hill|outdoor ceremony|woodland wedding|bride and groom|ceremony exit|wedding recessional|confetti moment|natural light|joyful|wedding bouquet|guests cheering|romantic,MKB000122
Beech hill,ceremony,MKB_Photography-Northern-ireland-wedding-photography-northern-ireland-wedding-photographer-beech-hill-country-house-derry-wedding-photography-Full-res-237_500.webp,,,,,,,,,,,ceremony exit|bride and groom|sword arch|flower girl|stone doorway|beech hill|outdoor ceremony|natural light|joyful|wedding party|confetti moment|romantic,MKB000123
Beech hill,ceremony,MKB_Photography-Northern-ireland-wedding-photography-northern-ireland-wedding-photographer-beech-hill-country-house-derry-wedding-photography-full-res-111_500.webp,,,,,,,,,,,beech hill|ceremony|indoor ceremony|aisle|bride entrance|groom waiting|wedding guests|bridal party|floral decor|soft light|romantic|anticipation,MKB000124
Beech hill,ceremony,MKB_Photography-Northern-ireland-wedding-photography-northern-ireland-wedding-photographer-beech-hill-country-house-derry-wedding-photography-full-res-119_500.webp,,,,,,,,,,,beech hill|ceremony|indoor wedding|bride and groom|officiant|bridal party|wedding vows|floral decor|soft light|romantic|guest ceremony|country house wedding,MKB000125
Beech hill,couple portraits,mkb-weddings-northern-ireland-wedding-photographer-beech-hill-country-house-wedding-photography-9_500.webp,creative-flash,,,,Y,1,Y,8,Y,,couple portraits|bride and groom|coastal wedding|dramatic sky|flowing veil|romantic|moody light|waterfront|wedding portraits|holding hands|northern ireland wedding,MKB000126
Beech hill,couple portraits,mkb-weddings-northern-ireland-wedding-photographer-beech-hill-country-house-wedding-photography-8_500.webp,,,,,,,,,,,beech hill|couple portraits|bride and groom|outdoor portraits|riverside|stone bridge|natural light|romantic|relaxed|wedding day|veil|black tie,MKB000127
Beech hill,couple portraits,mkb-weddings-northern-ireland-wedding-photographer-beech-hill-country-house-wedding-photography._500.webp,,,,,,,,,,,beech hill|couple portraits|bride and groom|brick wall|outdoor portraits|natural light|romantic|holding hands|wedding portraits|country house wedding|northern ireland wedding,MKB000128
Beech hill,couple portraits,MKB_Photography-Northern-ireland-wedding-photography-northern-ireland-wedding-photographer-Beech-hill-country-house-derry-wedding-photography-FULL-RES-240_500.webp,,,,,,,,,,,beech hill|couple portraits|bride and groom|garden path|outdoor wedding|golden light|backlit|romantic|wedding bouquet|veil|intimate moment|country house wedding,MKB000129
Beech hill,couple portraits,MKB_Photography-Northern-ireland-wedding-photography-northern-ireland-wedding-photographer-Beech-hill-country-house-derry-wedding-photography-FULL-RES-270_500.webp,,,,,,,,,,,beech hill|couple portraits|bride and groom|stone arch|garden portrait|golden hour|backlit|romantic|holding hands|wedding dress|outdoor wedding|newlyweds,MKB000130
Beech hill,couple portraits,MKB_Photography-Northern-ireland-wedding-photography-northern-ireland-wedding-photographer-Beech-hill-country-house-derry-wedding-photography-FULL-RES-317_500.webp,,,,,,,,,,,beech hill|couple portraits|bride and groom|outdoor wedding|stone wall|golden hour|natural light|joyful|candid moment|romantic portrait|wedding dress|groom suit,MKB000131
Beech hill,couple portraits,MKB_Photography-Northern-ireland-wedding-photography-northern-ireland-wedding-photographer-Beech-hill-country-house-derry-wedding-photography-FULL-RES-330_500.webp,,,,,,,,,,,couple portraits|bride and groom|wedding portrait|garden setting|woodland backdrop|golden sunlight|romantic mood|holding hands|bridal veil|summer wedding|beech hill|outdoor wedding,MKB000132
Beech hill,couple portraits,MKB_Photography-Northern-ireland-wedding-photography-northern-ireland-wedding-photographer-Beech-hill-country-house-derry-wedding-photography-FULL-RES-332_500.webp,,,,,,,,,,,beech hill|couple portraits|bride and groom|woodland|greenery|natural light|soft light|romantic|intimate|wedding portraits|outdoor wedding|candid moment,MKB000133
Beech hill,couple portraits,MKB_Photography-Northern-ireland-wedding-photography-northern-ireland-wedding-photographer-Beech-hill-country-house-derry-wedding-photography-FULL-RES-342_500.webp,,,,,,,,,,,beech hill|couple portraits|bride and groom|outdoor portraits|garden setting|tree canopy|natural light|dappled light|romantic|intimate|wedding portraits|country house wedding,MKB000134
Beech hill,couple portraits,MKB_Photography-Northern-ireland-wedding-photography-northern-ireland-wedding-photographer-Beech-hill-country-house-derry-wedding-photography-FULL-RES-455_500.webp,,,,,,,,,,,beech hill|bride portrait|golden hour|sunset light|veil|wedding dress|outdoor portrait|tree canopy|romantic|dramatic light|bridal moment|country house,MKB000135
Beech hill,couple portraits,MKB_Photography-Northern-ireland-wedding-photography-northern-ireland-wedding-photographer-beech-hill-country-house-derry-wedding-photography-Full-res-306_500.webp,,,,,,,,,,,beech hill|couple portraits|bride and groom|horse portrait|waterside|outdoor wedding|overcast light|romantic|elegant|candid moment|northern ireland wedding|country house wedding,MKB000136
Beech hill,couple portraits,MKB_Photography-Northern-ireland-wedding-photography-northern-ireland-wedding-photographer-beech-hill-country-house-derry-wedding-photography-Full-res-349_500.webp,,,,,,,,,,,beech hill|couple portraits|bride and groom|wedding horse|outdoor portrait|natural light|romantic|joyful|elegant wedding|country house wedding|wedding drinks|newlyweds,MKB000137
Beech hill,couple portraits,MKB_Photography-Northern-ireland-wedding-photography-northern-ireland-wedding-photographer-beech-hill-country-house-derry-wedding-photography-Full-res-361_500.webp,,,,,,,,,,,couple portraits|bride and groom|horses|outdoor portrait|natural light|romantic|country house wedding|elegant|wedding day|beech hill|floral details|northern ireland,MKB000138
Beech hill,couple portraits,MKB_Photography-Northern-ireland-wedding-photography-northern-ireland-wedding-photographer-beech-hill-country-house-derry-wedding-photography-Full-res-367_500.webp,,,,,,,,,,,beech hill|couple portraits|bride and groom|outdoor portrait|garden setting|tree canopy|soft light|romantic|joyful|intimate moment|wedding portraits|northern ireland wedding,MKB000139
Beech hill,couple portraits,MKB_Photography-Northern-ireland-wedding-photography-northern-ireland-wedding-photographer-beech-hill-country-house-derry-wedding-photography-full-res-289_500.webp,,,,,,,,,,,beech hill|couple portraits|bride and groom|tree canopy|outdoor wedding|natural light|moody lighting|romantic|intimate|wedding portraits|country house wedding|derry wedding,MKB000140
Beech hill,details and decor,MKB_Photography-Northern-ireland-wedding-photography-northern-ireland-wedding-photographer-beech-hill-country-house-derry-wedding-photography-Full-res-431_500.webp,,,,,,,,,,,beech hill|reception decor|table setting|wedding details|place cards|glassware|framed table sign|soft light|elegant|romantic|indoor reception|details and decor,MKB000141
Beech hill,details and decor,MKB_Photography-Northern-ireland-wedding-photography-northern-ireland-wedding-photographer-beech-hill-country-house-derry-wedding-photography-full-res-309_500.webp,,,,,,,,,,,wedding cake|cake details|floral cake|pink roses|purple flowers|wedding decor|reception details|soft light|romantic|cake topper|beech hill|detail shot,MKB000142
Beech hill,details and decor,MKB_Photography-Northern-ireland-wedding-photography-northern-ireland-wedding-photographer-beech-hill-country-house-derry-wedding-photography-full-res-310 copy_500.webp,,,,,,,,,,,beech hill wedding|reception decor|wedding tablescape|floral centrepieces|candlelit dinner|long banquet table|warm lighting|romantic decor|place settings|reception details|intimate atmosphere|wedding breakfast,MKB000143
Beech hill,details and decor,MKB_Photography-Northern-ireland-wedding-photography-northern-ireland-wedding-photographer-beech-hill-country-house-derry-wedding-photography-full-res-317 copy_500.webp,,,,,,,,,,,beech hill|reception decor|marquee wedding|floral installation|top table|candlelight|draped ceiling|wedding flowers|daylight|romantic decor|details|reception setup,MKB000144
Beech hill,details and decor,MKB_Photography-Northern-ireland-wedding-photography-northern-ireland-wedding-photographer-beech-hill-country-house-derry-wedding-photography-full-res-324_500.webp,,,,,,,,,,,beech hill|reception decor|top table|wedding flowers|candlelight|neon sign|romantic decor|floral arrangements|warm lighting|wedding details|table styling|evening reception,MKB000145
Beech hill,family and bridal party,mkb-weddings-northern-ireland-wedding-photographer-beech-hill-country-house-wedding-photography-10_500.webp,,,,,Y,3,Y,2,,,beech hill|bride|bridesmaids|bridal party|stone arch|bouquets|golden hour|outdoor portraits|romantic|joyful|wedding flowers|group portrait,MKB000146
Beech hill,family and bridal party,MKB_Photography-Northern-ireland-wedding-photography-northern-ireland-wedding-photographer-Beech-hill-country-house-derry-wedding-photography-FULL-RES-127_500.webp,,,,,,,,,,,beech hill|bridal party|bride|bridesmaids|outdoor portraits|garden setting|natural light|soft light|bouquets|pink dresses|romantic|group portrait,MKB000147
Beech hill,family and bridal party,MKB_Photography-Northern-ireland-wedding-photography-northern-ireland-wedding-photographer-beech-hill-country-house-derry-wedding-photography-Full-res-310_500.webp,,,,,,,,,,,beech hill|bridal party|wedding party|group portrait|outdoor wedding|stone wall|cheering|joyful|overcast light|candid moment|family and friends|celebration,MKB000148
Beech hill,family and bridal party,MKB_Photography-Northern-ireland-wedding-photography-northern-ireland-wedding-photographer-beech-hill-country-house-derry-wedding-photography-Full-res-336_500.webp,,,,,,,,,,,beech hill|wedding guests|bridal party|family photos|wedding car|arrival moment|outdoor wedding|country house|candid|overcast light|celebration|waving guests,MKB000149
Beech hill,family and bridal party,MKB_Photography-Northern-ireland-wedding-photography-northern-ireland-wedding-photographer-beech-hill-country-house-derry-wedding-photography-Full-res-354_500.webp,,,,,,,,,,,beech hill wedding|bridal party|bridesmaids|outdoor portrait|wedding dogs|horse portrait|soft natural light|joyful mood|country wedding|family pets|blush dresses|bridal party photos,MKB000150
Beech hill,family and bridal party,MKB_Photography-Northern-ireland-wedding-photography-northern-ireland-wedding-photographer-beech-hill-country-house-derry-wedding-photography-Full-res-371_500.webp,,,,,,,,,,,beech hill|bridal party|family portraits|wedding party|outdoor portraits|woodland path|natural light|joyful|group photo|bride and groom|formalwear|celebration,MKB000151
Beech hill,family and bridal party,MKB_Photography-Northern-ireland-wedding-photography-northern-ireland-wedding-photographer-beech-hill-country-house-derry-wedding-photography-Full-res-375_500.webp,,,,,Y,2,Y,1,,,beech hill|bridal party|bride and groom|bridesmaids|groomsmen|woodland|outdoor wedding|natural light|moody|walking portrait|wedding party|derry wedding,MKB000152
Beech hill,getting ready,mkb-weddings-northern-ireland-wedding-photographer-beech-hill-country-house-wedding-photography-1_500.webp,,,,,Y,5,Y,1,,,beech hill|getting ready|bride|bridal portrait|wedding dress|veil|window light|soft light|elegant|romantic|morning preparations|indoor portrait,MKB000153
Beech hill,getting ready,mkb-weddings-northern-ireland-wedding-photographer-beech-hill-country-house-wedding-photography-5_500.webp,,,,,,,,,,,getting ready|bride|bridal portrait|wedding dress|veil|doorway|natural light|moody|elegant|indoor portrait|quiet moment|beech hill,MKB000154
Beech hill,getting ready,MKB_Photography-Northern-ireland-wedding-photography-northern-ireland-wedding-photographer-Beech-hill-country-house-derry-wedding-photography-FULL-RES-25_500.webp,,,,,,,,,,,getting ready|bride|mother of bride|gift opening|bridal prep|window light|soft light|joyful|candid moment|wedding morning|robes|beech hill,MKB000155
Beech hill,getting ready,MKB_Photography-Northern-ireland-wedding-photography-northern-ireland-wedding-photographer-Beech-hill-country-house-derry-wedding-photography-FULL-RES-36_500.webp,,,,,,,,,,,getting ready|beech hill|bride prep|bridal party|wedding morning|robes|photo album|candid laughter|natural light|joyful moments|indoor scene|bridal details,MKB000156
Beech hill,getting ready,MKB_Photography-Northern-ireland-wedding-photography-northern-ireland-wedding-photographer-Beech-hill-country-house-derry-wedding-photography-FULL-RES-70_500.webp,,,,,,,,,,,getting ready|bridal prep|bridesmaids|pink robes|laughter|candid moment|morning preparations|indoor light|joyful|wedding morning|beech hill|derry wedding,MKB000157
Beech hill,getting ready,MKB_Photography-Northern-ireland-wedding-photography-northern-ireland-wedding-photographer-Beech-hill-country-house-derry-wedding-photography-FULL-RES-76_500.webp,,,,,,,,,,,getting ready|bridal prep|bride|makeup artist|wedding makeup|soft light|calm mood|morning preparations|bridal robe|beauty details|beech hill|indoor portrait,MKB000158
Beech hill,getting ready,MKB_Photography-Northern-ireland-wedding-photography-northern-ireland-wedding-photographer-Beech-hill-country-house-derry-wedding-photography-FULL-RES-88_500.webp,,,,,,,,,,,getting ready|beech hill|bridal prep|bracelet|hands|bridesmaids|pink robes|wedding details|soft light|intimate moment|morning preparations|close up,MKB000159
Beech hill,getting ready,MKB_Photography-Northern-ireland-wedding-photography-northern-ireland-wedding-photographer-beech-hill-country-house-derry-wedding-photography-Full-res-43_500.webp,,,,,,,,,,,beech hill|getting ready|bride|horse|bridal robe|outdoor portrait|natural light|candid|relaxed|country house wedding|morning preparations|romantic,MKB000160
Beech hill,getting ready,MKB_Photography-Northern-ireland-wedding-photography-northern-ireland-wedding-photographer-beech-hill-country-house-derry-wedding-photography-Full-res-56_500.webp,,,,,,,,,,,beech hill|getting ready|bride|wedding dress|dress fastening|bridal prep|bedroom|window light|natural light|happy|morning preparations|wedding morning,MKB000161
Beech hill,getting ready,MKB_Photography-Northern-ireland-wedding-photography-northern-ireland-wedding-photographer-beech-hill-country-house-derry-wedding-photography-Full-res-62_500.webp,,,,,,,,,,,beech hill|getting ready|bride|bridal portrait|wedding dress|veil|mirror reflection|natural light|soft light|happy|elegant|morning preparations,MKB000162
Beech hill,getting ready,MKB_Photography-Northern-ireland-wedding-photography-northern-ireland-wedding-photographer-beech-hill-country-house-derry-wedding-photography-Full-res-64_500.webp,,,,,,,,,,,getting ready|bride|mirror portrait|bridal veil|perfume|soft light|elegant|candid|morning prep|beech hill,MKB000163
Beech hill,getting ready,MKB_Photography-Northern-ireland-wedding-photography-northern-ireland-wedding-photographer-beech-hill-country-house-derry-wedding-photography-Full-res-95_500.webp,,,,,,,,,,,beech hill|getting ready|groom|groomsmen|black tie|toast|whiskey shot|stone doorway|outdoor portrait|natural light|candid|celebration,MKB000164
Beech hill,reception and party,MKB_Photography-Northern-ireland-wedding-photography-northern-ireland-wedding-photographer-Beech-hill-country-house-derry-wedding-photography-FULL-RES-440_500.webp,,,,,,,,,,,beech hill|wedding reception|cake cutting|bride and groom|wedding cake|floral backdrop|natural light|joyful moment|romantic|party|bouquet|indoor reception,MKB000165
Beech hill,reception and party,MKB_Photography-Northern-ireland-wedding-photography-northern-ireland-wedding-photographer-Beech-hill-country-house-derry-wedding-photography-FULL-RES-474_500.webp,,,,,,,,,,,beech hill|wedding reception|first dance|bride and groom|dance floor|fairy lights|evening reception|romantic mood|party atmosphere|guest reactions|warm lighting|country house wedding,MKB000166
Beech hill,reception and party,MKB_Photography-Northern-ireland-wedding-photography-northern-ireland-wedding-photographer-Beech-hill-country-house-derry-wedding-photography-FULL-RES-528_500.webp,,,,,,,,,,,beech hill|wedding reception|dance floor|wedding guests|party dancing|evening party|string lights|flash lighting|fun moments|celebration|candid|energetic,MKB000167
Beech hill,reception and party,MKB_Photography-Northern-ireland-wedding-photography-northern-ireland-wedding-photographer-Beech-hill-country-house-derry-wedding-photography-FULL-RES-535_500.webp,,,,,,,,,,,beech hill|wedding reception|dance floor|guests dancing|party|fairy lights|chandelier|backlit|evening reception|celebration|candid moment|joyful mood,MKB000168
Beech hill,reception and party,MKB_Photography-Northern-ireland-wedding-photography-northern-ireland-wedding-photographer-beech-hill-country-house-derry-wedding-photography-Full-res-468_500.webp,,,,,,,,,,,reception|wedding toast|bride|guests|top table|champagne|candid|warm lighting|fairy lights|joyful|celebration|beech hill,MKB000169
Beech hill,reception and party,MKB_Photography-Northern-ireland-wedding-photography-northern-ireland-wedding-photographer-beech-hill-country-house-derry-wedding-photography-Full-res-503_500.webp,,,,,,,,,,,reception|speeches|bridesmaid speech|top table|bridal party|marquee|fairy lights|floral decor|candid laughter|warm lighting|celebration|beech hill,MKB000170
Beech hill,reception and party,MKB_Photography-Northern-ireland-wedding-photography-northern-ireland-wedding-photographer-beech-hill-country-house-derry-wedding-photography-Full-res-530_500.webp,,,,,,,,,,,beech hill|wedding reception|first dance|bride and groom|dance floor|guests|marquee|fairy lights|evening|romantic|celebration|party,MKB000171
Beech hill,reception and party,MKB_Photography-Northern-ireland-wedding-photography-northern-ireland-wedding-photographer-beech-hill-country-house-derry-wedding-photography-full-res-346_500.webp,,,,,,,,,,,beech hill|reception|bride and groom|wedding entrance|guest applause|indoor reception|natural light|celebration|joyful|wedding party|candid|northern ireland,MKB000172
Beech hill,reception and party,MKB_Photography-Northern-ireland-wedding-photography-northern-ireland-wedding-photographer-beech-hill-country-house-derry-wedding-photography-full-res-361 copy_500.webp,,,,,,,,,,,beech hill|wedding reception|speeches|bride and groom|guest speaker|candid laughter|happy guests|soft daylight|marquee reception|party atmosphere|funny speech|joyful moment,MKB000173
Beech hill,reception and party,MKB_Photography-Northern-ireland-wedding-photography-northern-ireland-wedding-photographer-beech-hill-country-house-derry-wedding-photography-full-res-496_500.webp,,,,,,,,,,,reception|party|dance floor|wedding guests|dancing|marquee|uplighting|evening|fun|celebration|floral decor|beech hill,MKB000174
Beech hill,reception and party,MKB_Photography-Northern-ireland-wedding-photography-northern-ireland-wedding-photographer-beech-hill-country-house-derry-wedding-photography-full-res-533_500.webp,,,,,,,,,,,reception|party|first dance|bride and groom|guests clapping|dance floor|marquee|fairy lights|evening lighting|joyful|celebration|beech hill,MKB000175
Belfast Castle,couple portraits,mkb-weddings-mkb-photography-northern-ireland-wedding-photography-landsdowne-hotel-belfast-wedding-photography--4_500.webp,creative-flash,,,,,,,,,,belfast castle|couple portraits|bride and groom|stone steps|castle gardens|holding hands|moody light|romantic|wedding portraits|outdoor wedding|historic stonework|northern ireland wedding,MKB000176
Belfast Castle,couple portraits,mkb-weddings-mkb-photography-northern-ireland-wedding-photography-landsdowne-hotel-belfast-wedding-photography--5_500.webp,creative-flash,,,,,,,,,,belfast castle|couple portraits|bride and groom|outdoor wedding|garden portrait|evergreen trees|soft natural light|romantic mood|wedding dress|black tie groom|bridal bouquet|northern ireland wedding,MKB000177
Belfast Castle,couple portraits,mkb-weddings-mkb-photography-northern-ireland-wedding-photography-landsdowne-hotel-belfast-wedding-photography--6_500.webp,,,,,,,,,,,belfast castle|couple portraits|bride and groom|outdoor portrait|castle grounds|water view|overcast sky|soft light|romantic|elegant|wedding bouquet|just married,MKB000178
Belfast Castle,couple portraits,mkb-weddings-mkb-photography-northern-ireland-wedding-photography-landsdowne-hotel-belfast-wedding-photography--7_500.webp,creative-flash,,,,,,,,,,belfast castle|couple portraits|bride and groom|castle staircase|dramatic lighting|romantic mood|evening portrait|wedding dress|groom suit|historic architecture|intimate moment|northern ireland wedding,MKB000179
Belfast City Hall,ceremony,mkb-weddings-belfast-city-hall-merchant-hotel-wedding-photography-134_500.webp,,,,,,,,,,,belfast city hall|ceremony|bride entrance|walking down aisle|wedding guests|indoor ceremony|natural light|joyful moment|city hall wedding|documentary photography,MKB000180
Belfast City Hall,ceremony,mkb-weddings-belfast-city-hall-merchant-hotel-wedding-photography-153_500.webp,,,,,,,,,,,belfast city hall|ceremony|bride and groom|wedding vows|holding hands|indoor ceremony|warm lighting|joyful moment|candid laughter|romantic|civil wedding|wedding dress,MKB000181
Belfast City Hall,ceremony,mkb-weddings-belfast-city-hall-merchant-hotel-wedding-photography-178_500.webp,,,,,,,,,,,ceremony|belfast city hall|first kiss|bride and groom|wedding guests|indoor ceremony|historic interior|natural light|romantic|joyful|aisle moment|city hall wedding,MKB000182
Belfast City Hall,couple portraits,mkb-weddings-belfast-city-hall-merchant-hotel-wedding-photography-228_500.webp,,,,,,,,,,,belfast city hall|couple portraits|bride and groom|grand staircase|indoor wedding|stained glass|historic interior|soft light|romantic|elegant|wedding portrait|classic architecture,MKB000183
Belfast City Hall,couple portraits,mkb-weddings-belfast-city-hall-merchant-hotel-wedding-photography-204_500.webp,,,,,,,,,,,belfast city hall|couple portraits|bride and groom|wedding portrait|grand architecture|balcony|dramatic light|indoor wedding|romantic mood|historic interior|elegant wedding|city hall wedding,MKB000184
Belfast City Hall,couple portraits,mkb-weddings-belfast-city-hall-merchant-hotel-wedding-photography-206_500.webp,,,,,,,,,,,belfast city hall|couple portraits|bride and groom|grand staircase|balcony portrait|historic interior|dramatic lighting|low light|romantic mood|elegant architecture|wedding portraits|intimate moment,MKB000185
Belfast City Hall,couple portraits,mkb-weddings-belfast-city-hall-merchant-hotel-wedding-photography-208_500.webp,,,,,,,,,,,belfast city hall|couple portraits|bride and groom|grand staircase|bright interior|natural light|romantic|elegant|wedding portraits|newlyweds|soft light|intimate moment,MKB000186
Belfast City Hall,couple portraits,mkb-weddings-belfast-city-hall-merchant-hotel-wedding-photography-215_500.webp,,,,,,,,,,,belfast city hall|couple portraits|bride and groom|staircase|stained glass|bright interior|natural light|romantic|elegant|wedding portraits|newlyweds|classic wedding,MKB000187
Belfast City Hall,couple portraits,mkb-weddings-belfast-city-hall-merchant-hotel-wedding-photography-219_500.webp,,,,,,,,,,,belfast city hall|couple portraits|bride and groom|indoor portrait|window light|elegant interior|romantic|intimate moment|wedding dress|groom suit|natural light|classic wedding,MKB000188
Belfast City Hall,couple portraits,mkb-weddings-belfast-city-hall-merchant-hotel-wedding-photography-223_500.webp,,,,,,,,,,,belfast city hall|couple portraits|bride and groom|grand staircase|indoor wedding|natural light|elegant|romantic|historic interior|wedding portraits|stained glass|just married,MKB000189
Belfast City Hall,couple portraits,mkb-weddings-belfast-city-hall-merchant-hotel-wedding-photography-225_500.webp,,,,,,,,,,,belfast city hall|couple portraits|bride and groom|staircase|grand interior|stained glass|natural light|elegant|romantic|wedding portraits|city hall wedding|classic architecture,MKB000190
Belfast City Hall,couple portraits,mkb-weddings-belfast-city-hall-merchant-hotel-wedding-photography-226_500.webp,,,,,,,,,,,belfast city hall|couple portraits|bride and groom|grand staircase|indoor wedding|architectural backdrop|soft light|romantic|elegant|wedding portraits|intimate moment|historic interior,MKB000191
Belfast City Hall,couple portraits,mkb-weddings-belfast-city-hall-merchant-hotel-wedding-photography-227_500.webp,,,,,,,,,,,belfast city hall|couple portraits|bride and groom|grand staircase|indoor wedding|black and white|natural light|elegant|romantic|classic architecture|wedding portraits|formal moment,MKB000192
Belfast City Hall,couple portraits,mkb-weddings-belfast-city-hall-merchant-hotel-wedding-photography-232_500.webp,,,,,,,,,,,belfast city hall|bridal portrait|grand staircase|bride|wedding dress|natural light|elegant|romantic|indoor portrait|historic interior|wedding flowers|couple portraits,MKB000193
Belfast City Hall,couple portraits,mkb-weddings-belfast-city-hall-merchant-hotel-wedding-photography-235_500.webp,,,,,,,,,,,belfast city hall|couple portraits|bride and groom|grand staircase|balcony portrait|architectural interior|soft natural light|romantic|elegant|wedding portraits,MKB000194
Belfast City Hall,couple portraits,mkb-weddings-belfast-city-hall-merchant-hotel-wedding-photography-238_500.webp,,,,,,,,,,,belfast city hall|couple portraits|bride and groom|grand staircase|marble interior|stained glass|wide angle|natural light|elegant|romantic|wedding portraits|historic architecture,MKB000195
Belfast City Hall,couple portraits,mkb-weddings-belfast-city-hall-merchant-hotel-wedding-photography-249_500.webp,,,,,,,,,,,belfast city hall|couple portraits|bride and groom|romantic embrace|wedding bouquet|outdoor portraits|soft natural light|intimate moment|classic architecture|elegant wedding|newlyweds|romantic mood,MKB000196
Belfast City Hall,couple portraits,mkb-weddings-belfast-city-hall-merchant-hotel-wedding-photography-251_500.webp,,,,,,,,,,,belfast city hall|couple portraits|bride and groom|outdoor portrait|romantic embrace|soft natural light|intimate moment|wedding flowers|city wedding|elegant wedding|joyful mood|wedding day,MKB000197
Belfast City Hall,couple portraits,mkb-weddings-belfast-city-hall-merchant-hotel-wedding-photography-252_500.webp,,,,,,,,,,,belfast city hall|couple portraits|bride and groom|wedding bouquet|romantic embrace|natural light|soft light|city hall exterior|elegant architecture|intimate moment|wedding portraits|joyful mood,MKB000198
Belfast City Hall,couple portraits,mkb-weddings-belfast-city-hall-merchant-hotel-wedding-photography-255_500.webp,,,,,,,,,,,belfast city hall|couple portraits|bride and groom|archway|black and white|natural light|romantic|intimate moment|wedding portraits|historic architecture|city wedding|soft mood,MKB000199
Belfast City Hall,getting ready,mkb-weddings-belfast-city-hall-merchant-hotel-wedding-photography-104_500.webp,,,,,,,,,,,bride|bridal portrait|wedding car|getting ready|arrival|belfast city hall|natural light|window light|elegant|calm|city wedding|seatbelt,MKB000200
Belfast City Hall,getting ready,mkb-weddings-belfast-city-hall-merchant-hotel-wedding-photography-50_500.webp,,,,,,,,,,,getting ready|bride|bridal robe|mirror portrait|hair accessory|natural light|soft light|calm mood|elegant|wedding morning|indoor|belfast city hall,MKB000201
Belfast City Hall,getting ready,mkb-weddings-belfast-city-hall-merchant-hotel-wedding-photography-75_500.webp,,,,,,,,,,,getting ready|bridal prep|bride|wedding morning|writing card|bridal robe|natural light|soft light|smiling bride|intimate moment|belfast city hall|candid portrait,MKB000202
Belfast City Hall,getting ready,mkb-weddings-belfast-city-hall-merchant-hotel-wedding-photography-85_500.webp,,,,,,,,,,,bridal prep|getting ready|bride|mirror portrait|wedding dress|lace sleeves|soft light|calm mood|elegant bridal|indoor portrait|belfast wedding,MKB000203
Belfast City Hall,getting ready,mkb-weddings-belfast-city-hall-merchant-hotel-wedding-photography-88_500.webp,,,,,,,,,,,belfast city hall|getting ready|bride|father of bride|staircase|first look|wedding dress|natural light|emotional|candid|indoor|bridal reveal,MKB000204
Belfast City Hall,getting ready,mkb-weddings-belfast-city-hall-merchant-hotel-wedding-photography-92_500.webp,,,,,,,,,,,getting ready|bride and groom|wedding embrace|intimate moment|indoor portrait|soft light|romantic mood|wedding dress|groom suit|belfast city hall|candid wedding|pre ceremony,MKB000205
Bellingham Castle,couple portraits,mkb-weddings-irish-wedding-photographer-bellingham-castle-wedding-photography-2_500.webp,,,,,,,,,,,bellingham castle|couple portraits|bride and groom|castle backdrop|outdoor portraits|soft light|romantic|elegant|wedding dress|groom suit|bridal bouquet|irish wedding,MKB000206
Bellingham Castle,couple portraits,mkb-weddings-irish-wedding-photographer-bellingham-castle-wedding-photography-3_500.webp,,,,,,,,,,,bellingham castle|couple portraits|bride and groom|garden portrait|floral backdrop|natural light|romantic|intimate moment|wedding day|outdoor wedding|bridal bouquet|castle wedding,MKB000207
Bellingham Castle,couple portraits,mkb-weddings-irish-wedding-photographer-bellingham-castle-wedding-photography-4_500.webp,,,,,,,,,,,bellingham castle|bridal portrait|bride|castle entrance|wedding dress|veil|bouquet|soft light|romantic|elegant|wedding portraits|historic architecture,MKB000208
Bellingham Castle,couple portraits,mkb-weddings-irish-wedding-photographer-bellingham-castle-wedding-photography-5_500.webp,creative-flash,,,,,,,,,,bellingham castle|couple portraits|bride and groom|garden portrait|pergola|golden hour|romantic|outdoor wedding|intimate pose|wedding dress|castle wedding|soft light,MKB000209
Bellingham Castle,couple portraits,mkb-weddings-irish-wedding-photographer-bellingham-castle-wedding-photography-6_500.webp,creative-flash,,,,,,,,,,bellingham castle|couple portraits|bride and groom|castle backdrop|night portrait|dramatic lighting|romantic mood|outdoor wedding|evening wedding|wedding dress|groom suit|irish wedding,MKB000210
Bellingham Castle,couple portraits,mkb-weddings-irish-wedding-photographer-bellingham-castle-wedding-photography-7_500.webp,creative-flash,,,,,,,,,,bellingham castle|couple portraits|bride and groom|night portrait|fairy lights|romantic mood|castle arch|seated couple|dramatic lighting|intimate moment|wedding portraits|irish wedding,MKB000211
Bellingham Castle,getting ready,mkb-weddings-irish-wedding-photographer-bellingham-castle-wedding-photography_500.webp,,,,,,,,,,,bellingham castle|getting ready|groomsmen|groom prep|kitchen|candid|natural light|relaxed|laughter|wedding morning|suits|drinks,MKB000212
Bellingham Castle,reception and party,mkb-weddings-irish-wedding-photographer-bellingham-castle-wedding-photography-8_500.webp,,,,,,,,,,,bellingham castle|reception|first dance|bride and groom|dance floor|chandelier|indoor wedding|romantic|warm lighting|wedding guests|party|irish wedding,MKB000213
Belmont,ceremony,mkb-weddings-mkb-photography-norther-ireland-wedding-photographer-belmont-house-hotel-banbridge-wedding-photography-101_500.webp,,,,,,,,,,,belmont|ceremony exit|confetti|bride and groom|wedding guests|flower petals|daylight|joyful|newlyweds|bouquet|celebration|outdoor ceremony,MKB000214
Belmont,ceremony,mkb-weddings-mkb-photography-norther-ireland-wedding-photographer-belmont-house-hotel-banbridge-wedding-photography-177_500.webp,,,,,,,,,,,belmont|ceremony exit|bride and groom|indoor ceremony|aisle walk|guest celebration|confetti alternative|waving napkins|natural light|joyful moment|wedding reception room|candid wedding,MKB000215
Belmont,ceremony,mkb-weddings-mkb-photography-norther-ireland-wedding-photographer-belmont-house-hotel-banbridge-wedding-photography-243_500.webp,,,,,,,,,,,ceremony|belmont wedding|aisle walk|bride entrance|groom waiting|wedding guests|black and white|indoor ceremony|emotional moment|documentary style|soft light|formal wedding,MKB000216
Belmont,ceremony,mkb-weddings-mkb-photography-norther-ireland-wedding-photographer-belmont-house-hotel-banbridge-wedding-photography-259_500.webp,,,,,,,,,,,belmont|ceremony|bride and groom|indoor ceremony|wedding vows|seated couple|natural light|romantic|joyful|candid moment|wedding guests|veil,MKB000217
Belmont,ceremony,mkb-weddings-mkb-photography-norther-ireland-wedding-photographer-belmont-house-hotel-banbridge-wedding-photography-405_500.webp,,,,,,,,,,,ceremony|first kiss|bride and groom|indoor ceremony|wedding guests|applause|aisle|warm lighting|joyful|romantic|belmont|floral decor,MKB000218
Belmont,ceremony,mkb-weddings-mkb-photography-norther-ireland-wedding-photographer-belmont-house-hotel-banbridge-wedding-photography-416_500.webp,,,,,,,,,,,belmont wedding|ceremony kiss|newlyweds|aisle exit|indoor ceremony|guest applause|bright light|joyful moment|romantic dip|wedding guests|celebration|ceremony,MKB000219
Belmont,couple portraits,mkb-weddings-mkb-photography-norther-ireland-wedding-photographer-belmont-house-hotel-banbridge-wedding-photography-107-2_500.webp,,,,,,,,,,,belmont|couple portraits|bride and groom|outdoor portrait|tree backdrop|spring blossoms|natural light|romantic|intimate|wedding kiss|bridal bouquet|garden wedding,MKB000220
Belmont,couple portraits,mkb-weddings-mkb-photography-norther-ireland-wedding-photographer-belmont-house-hotel-banbridge-wedding-photography-109_500.webp,,,,,,,,,,,belmont wedding|couple portraits|bride and groom|outdoor portraits|natural light|romantic|wedding day|bridal bouquet|long veil|black tie|historic backdrop|garden portrait,MKB000221
Belmont,couple portraits,mkb-weddings-mkb-photography-norther-ireland-wedding-photographer-belmont-house-hotel-banbridge-wedding-photography-118_500.webp,,,,,,,,,,,belmont wedding|couple portraits|bride and groom|outdoor portraits|tree backdrop|soft daylight|romantic mood|wedding bouquet|bridal veil|black tie groom|newlyweds|wedding portraits,MKB000222
Belmont,couple portraits,mkb-weddings-mkb-photography-norther-ireland-wedding-photographer-belmont-house-hotel-banbridge-wedding-photography-119_500.webp,,,,,,,,,,,belmont|couple portraits|bride and groom|indoor portrait|mirror reflection|window light|moody lighting|romantic mood|intimate moment|wedding dress|veil|classic wedding,MKB000223
Belmont,couple portraits,mkb-weddings-mkb-photography-norther-ireland-wedding-photographer-belmont-house-hotel-banbridge-wedding-photography-122_500.webp,,,,,,,,,,,belmont|couple portraits|bride and groom|wedding drinks|bar portrait|indoor wedding|soft window light|intimate moment|romantic mood|champagne toast|candid portrait|wedding veil,MKB000224
Belmont,couple portraits,mkb-weddings-mkb-photography-norther-ireland-wedding-photographer-belmont-house-hotel-banbridge-wedding-photography-123_500.webp,creative-flash,,,,,,,,,,belmont|couple portraits|bride and groom|indoor portrait|bar scene|wedding drinks|toast|moody lighting|romantic|candid moment|veil|wedding reception,MKB000225
Belmont,couple portraits,mkb-weddings-mkb-photography-norther-ireland-wedding-photographer-belmont-house-hotel-banbridge-wedding-photography-124-1_500.webp,,,,,,,,,,,belmont|couple portraits|bride and groom|woodland|outdoor wedding|natural light|romantic|elegant|wedding dress|black tie|bridal bouquet|veil,MKB000226
Belmont,couple portraits,mkb-weddings-mkb-photography-norther-ireland-wedding-photographer-belmont-house-hotel-banbridge-wedding-photography-126_500.webp,,,,,,,,,,,belmont wedding|couple portraits|bride and groom|bar scene|indoor wedding|candid moment|drinks toast|soft indoor light|fun mood|relaxed portraits|wedding reception|romantic candid,MKB000227
Belmont,couple portraits,mkb-weddings-mkb-photography-norther-ireland-wedding-photographer-belmont-house-hotel-banbridge-wedding-photography-128_500.webp,,,,,,,,,,,couple portraits|bride and groom|outdoor portrait|tree blossoms|romantic kiss|moody lighting|wedding bouquet|bridal veil|wedding dress|black tie groom|belmont wedding|intimate moment,MKB000228
Belmont,couple portraits,mkb-weddings-mkb-photography-norther-ireland-wedding-photographer-belmont-house-hotel-banbridge-wedding-photography-138_500.webp,,,,,,,,,,,belmont|couple portraits|bride and groom|outdoor portraits|rustic backdrop|long veil|wedding bouquet|soft daylight|romantic|elegant|wedding day|newlyweds,MKB000229
Belmont,couple portraits,mkb-weddings-mkb-photography-norther-ireland-wedding-photographer-belmont-house-hotel-banbridge-wedding-photography-365_500.webp,,,,,,,,,,,couple portraits|indoor portrait|editorial style|playful pose|dip kiss|bride and groom|wedding day|romantic mood|soft indoor light|belmont wedding|magazine backdrop|fun moment,MKB000230
Belmont,details and decor,mkb-weddings-mkb-photography-norther-ireland-wedding-photographer-belmont-house-hotel-banbridge-wedding-photography-120_500.webp,,,,,,,,,,,belmont|chair decor|red rose|aisle decor|wedding flowers|greenery|ceremony details|indoor wedding|soft light|romantic|no people|decor details,MKB000231
Belmont,details and decor,mkb-weddings-mkb-photography-norther-ireland-wedding-photographer-belmont-house-hotel-banbridge-wedding-photography-124_500.webp,,,,,,,,,,,belmont wedding|ceremony decor|wedding chairs|aisle decor|floral details|red roses|empty ceremony room|indoor ceremony|soft natural light|romantic decor|wedding setup|details and decor,MKB000232
Belmont,getting ready,mkb-weddings-mkb-photography-norther-ireland-wedding-photographer-belmont-house-hotel-banbridge-wedding-photography-100-1_500.webp,,,,,,,,,,,belmont|getting ready|bride|wedding veil|bridal portrait|black and white|window light|dramatic|staircase|elegant|quiet moment|bridal prep,MKB000233
Belmont,getting ready,mkb-weddings-mkb-photography-norther-ireland-wedding-photographer-belmont-house-hotel-banbridge-wedding-photography-100_500.webp,,,,,,,,,,,belmont|getting ready|bridal details|wedding flat lay|wedding shoes|wedding rings|bridal bouquet|perfume|invitation suite|natural light|elegant|romantic,MKB000234
Belmont,getting ready,mkb-weddings-mkb-photography-norther-ireland-wedding-photographer-belmont-house-hotel-banbridge-wedding-photography-102_500.webp,,,,,,,,,,,getting ready|bride|makeup|lipstick|bridal prep|close up|soft light|smiling|beauty|morning prep|belmont|wedding morning,MKB000235
Belmont,getting ready,mkb-weddings-mkb-photography-norther-ireland-wedding-photographer-belmont-house-hotel-banbridge-wedding-photography-103_500.webp,,,,,,,,,,,wedding rings|ring detail|wooden ring box|getting ready|wedding details|bridal accessories|soft light|romantic mood|flat lay|belmont wedding|ceremony prep|no people,MKB000236
Belmont,getting ready,mkb-weddings-mkb-photography-norther-ireland-wedding-photographer-belmont-house-hotel-banbridge-wedding-photography-104_500.webp,,,,,,,,,,,belmont|getting ready|bride|bridal robe|champagne|window light|candid portrait|smiling|relaxed|morning preparations|bridal suite|wedding morning,MKB000237
Belmont,getting ready,mkb-weddings-mkb-photography-norther-ireland-wedding-photographer-belmont-house-hotel-banbridge-wedding-photography-107_500.webp,,,,,,,,,,,belmont|getting ready|bride|earrings|mirror reflection|bridal prep|indoor light|soft lighting|calm mood|wedding morning|bridal robe|candid moment,MKB000238
Belmont,getting ready,mkb-weddings-mkb-photography-norther-ireland-wedding-photographer-belmont-house-hotel-banbridge-wedding-photography-107-1_500.webp,,,,,,,,,,,getting ready|bride|bridesmaids|bridal party|champagne toast|window light|morning preparations|candid|joyful|bridal robe|belmont wedding|indoor,MKB000239
Belmont,getting ready,mkb-weddings-mkb-photography-norther-ireland-wedding-photographer-belmont-house-hotel-banbridge-wedding-photography-114_500.webp,,,,,,,,,,,wedding dress|bridal gown|getting ready|bridal prep|dress hanging|lace dress|soft light|natural light|romantic|elegant details|belmont|wedding morning,MKB000240
Belmont,getting ready,mkb-weddings-mkb-photography-norther-ireland-wedding-photographer-belmont-house-hotel-banbridge-wedding-photography-130_500.webp,,,,,,,,,,,belmont|getting ready|bride|mother of bride|wedding dress|bridal prep|veil|buttoning dress|natural light|emotional|candid|indoor,MKB000241
Belmont,getting ready,mkb-weddings-mkb-photography-norther-ireland-wedding-photographer-belmont-house-hotel-banbridge-wedding-photography-132_500.webp,,,,,,,,,,,belmont|getting ready|bride|bridal portrait|wedding dress|long veil|window light|backlit|elegant|quiet moment|indoor|lace details,MKB000242
Belmont,getting ready,mkb-weddings-mkb-photography-norther-ireland-wedding-photographer-belmont-house-hotel-banbridge-wedding-photography-205_500.webp,,,,,,,,,,,belmont|getting ready|bride|staircase|bridal portrait|wedding dress|long veil|bouquet|natural light|elegant|romantic|before ceremony,MKB000243
Belmont,reception and party,mkb-weddings-mkb-photography-norther-ireland-wedding-photographer-belmont-house-hotel-banbridge-wedding-photography-300_500.webp,,,,,,,,,,,belmont|wedding reception|party|groom|wedding guests|dance floor|indoor|bright lighting|candid|cheering|celebration|fun,MKB000244
Belmont,reception and party,mkb-weddings-mkb-photography-norther-ireland-wedding-photographer-belmont-house-hotel-banbridge-wedding-photography-340_500.webp,,,,,,,,,,,belmont reception|wedding party|dancing guests|celebration|indoor reception|bright lighting|joyful mood|group toast|evening party|wedding guests|dance floor|reception moment,MKB000245
Belmont,reception and party,mkb-weddings-mkb-photography-norther-ireland-wedding-photographer-belmont-house-hotel-banbridge-wedding-photography-351_500.webp,,,,,,,,,,,belmont|wedding reception|dance floor|party|guests dancing|celebration|evening reception|lively mood|indoor venue|flash lighting|wedding guests|reception fun,MKB000246
Belmont,reception and party,mkb-weddings-mkb-photography-norther-ireland-wedding-photographer-belmont-house-hotel-banbridge-wedding-photography-397_500.webp,,,,,,,,,,,belmont|reception|first dance|bride and groom|dance floor|sparkler fountains|indoor wedding|evening party|romantic|celebration|guests watching|dramatic lighting,MKB000247
Belmont,reception and party,mkb-weddings-mkb-photography-norther-ireland-wedding-photographer-belmont-house-hotel-banbridge-wedding-photography-400_500.webp,,,,,,,,,,,belmont wedding|reception|dance floor|first dance|bride and groom|wedding guests|party|flash lighting|romantic|joyful|evening reception|celebration,MKB000248
Belmont,reception and party,mkb-weddings-mkb-photography-norther-ireland-wedding-photographer-belmont-house-hotel-banbridge-wedding-photography-424_500.webp,,,,,,,,,,,belmont wedding|reception party|dance floor|group photo|wedding guests|bride and groom|flash lighting|celebration|joyful mood|evening reception|party moment|northern ireland wedding,MKB000249
Brookhall cottages,ceremony,mkb-weddings-brookhall-cottages-lisburn-county-down-wedding-photographer--15_500.webp,,,,,,,,,,,brookhall cottages|wedding ceremony|two grooms|same sex wedding|indoor ceremony|stone wall|christmas wedding|fairy lights|warm lighting|candlelight|intimate moment|joyful couple,MKB000250
Brookhall cottages,ceremony,mkb-weddings-brookhall-cottages-lisburn-county-down-wedding-photographer--16_500.webp,,,,,,,,,,,ceremony|brookhall cottages|same sex wedding|grooms|wedding vows|stone barn|indoor ceremony|warm lighting|emotional moment|family|bouquet|county down wedding,MKB000251
Brookhall cottages,ceremony,mkb-weddings-brookhall-cottages-lisburn-county-down-wedding-photographer--17_500.webp,,,,,,,,,,,ceremony|two grooms|holding hands|black tuxedos|indoor ceremony|stone wall|natural light|emotional moment|wedding vows|same sex wedding|brookhall cottages|romantic,MKB000252
Brookhall cottages,ceremony,mkb-weddings-brookhall-cottages-lisburn-county-down-wedding-photographer--18_500.webp,,,,,,,,,,,brookhall cottages|wedding ceremony|indoor ceremony|ceremony aisle|grooms|candlelight|stone wall|romantic|intimate|vows|lisburn wedding|county down wedding,MKB000253
Brookhall cottages,ceremony,mkb-weddings-brookhall-cottages-lisburn-county-down-wedding-photographer--19_500.webp,,,,,,,,,,,brookhall cottages|wedding ceremony|indoor ceremony|stone barn|couple holding hands|same sex wedding|wedding guests|warm lighting|chandelier|intimate mood|romantic moment|vow exchange,MKB000254
Brookhall cottages,ceremony,mkb-weddings-brookhall-cottages-lisburn-county-down-wedding-photographer--20_500.webp,,,,,,,,,,,brookhall cottages|wedding ceremony|indoor ceremony|stone chapel|same sex wedding|grooms|handfasting|guest applause|rustic setting|natural light|joyful moment|ceremony celebration,MKB000255
Brookhall cottages,ceremony,mkb-weddings-brookhall-cottages-lisburn-county-down-wedding-photographer--21_500.webp,,,,,,,,,,,ceremony|grooms|first kiss|same sex wedding|indoor ceremony|stone barn|candlelight|warm lighting|romantic|applause|wedding guests|brookhall cottages,MKB000256
Brookhall cottages,ceremony,mkb-weddings-brookhall-cottages-lisburn-county-down-wedding-photographer--22_500.webp,,,,,,,,,,,ceremony|wedding recessional|grooms|same sex wedding|guests clapping|stone barn|rustic interior|warm lighting|joyful|aisle walk|brookhall cottages|candid,MKB000257
Brookhall cottages,couple portraits,mkb-weddings-mkb-photography-northern-ireland-wedding-photography-brookhall-cottages-lisburn-wedding-photography--1_500.webp,creative-flash,,,,,,,,,,couple portraits|two grooms|same sex wedding|outdoor portrait|brick wall|vine backdrop|tuxedos|natural light|romantic|intimate|wedding portraits|brookhall cottages,MKB000258
Brookhall cottages,couple portraits,mkb-weddings-brookhall-cottages-lisburn-county-down-wedding-photographer--12_500.webp,,,,,,,,,,,brookhall cottages|couple portraits|grooms|same sex wedding|sofa portrait|indoor portrait|window light|romantic|joyful|holding hands|wedding tuxedos|candid moment,MKB000259
Brookhall cottages,couple portraits,mkb-weddings-brookhall-cottages-lisburn-county-down-wedding-photographer--13_500.webp,,,,,,,,,,,brookhall cottages|couple portraits|grooms|same sex wedding|indoor portraits|leather sofa|window light|laughing|joyful|holding hands|black tie|candid moment,MKB000260
Brookhall cottages,couple portraits,mkb-weddings-brookhall-cottages-lisburn-county-down-wedding-photographer--14_500.webp,,,,,,,,,,,brookhall cottages|couple portraits|grooms|black tie|brick wall|outdoor portraits|natural light|romantic|hands held|wedding day|rustic backdrop|lisburn wedding,MKB000261
Brookhall cottages,couple portraits,mkb-weddings-brookhall-cottages-lisburn-county-down-wedding-photographer--1_500.webp,,,,,,,,,,,brookhall cottages|couple portraits|two grooms|outdoor portrait|rustic wall|natural light|romantic|holding hands|wedding suits|same sex wedding|winter wedding|relaxed mood,MKB000262
Brookhall cottages,couple portraits,mkb-weddings-brookhall-cottages-lisburn-county-down-wedding-photographer--26_500.webp,creative-flash,,,,,,,,,,brookhall cottages|couple portraits|wedding couple|umbrella portrait|rainy wedding|night portrait|backlit|romantic|stone wall|intimate moment|bride and groom|county down wedding,MKB000263
Brookhall cottages,couple portraits,mkb-weddings-brookhall-cottages-lisburn-county-down-wedding-photographer--27_500.webp,creative-flash,,,,,,,,,,brookhall cottages|couple portrait|night portrait|stone building|doorway portrait|dramatic lighting|romantic mood|wedding couple|evening wedding|backlit windows|creative portrait,MKB000264
Brookhall cottages,couple portraits,mkb-weddings-brookhall-cottages-lisburn-county-down-wedding-photographer--28_500.webp,creative-flash,,,,,,,,,,brookhall cottages|couple portraits|night portrait|stone wall|arched doorway|dramatic lighting|moody|romantic|silhouette|bride and groom|wedding portraits|low light,MKB000265
Brookhall cottages,couple portraits,mkb-weddings-brookhall-cottages-lisburn-county-down-wedding-photographer--29_500.webp,creative-flash,,,,,,,,,,couple portraits|two grooms|night portrait|rainy wedding|umbrella|backlit rain|stone wall|dramatic lighting|romantic mood|black tie|brookhall cottages|wedding portraits,MKB000266
Brookhall cottages,couple portraits,mkb-weddings-brookhall-cottages-lisburn-county-down-wedding-photographer--2_500.webp,creative-flash,,,,,,,,,,brookhall cottages|couple portraits|two grooms|same sex wedding|outdoor portraits|garden setting|wrought iron gate|natural light|romantic mood|wedding suits|newlyweds|lisburn wedding,MKB000267
Brookhall cottages,couple portraits,mkb-weddings-brookhall-cottages-lisburn-county-down-wedding-photographer--30_500.webp,creative-flash,,,,,,,,,,couple portraits|grooms|rainy wedding|umbrella portrait|night portrait|dramatic lighting|romantic mood|black tie|outdoor portrait|wedding day|brookhall cottages|county down wedding,MKB000268
Brookhall cottages,couple portraits,mkb-weddings-brookhall-cottages-lisburn-county-down-wedding-photographer--31_500.webp,creative-flash,,,,,,,,,,brookhall cottages|couple portraits|same sex wedding|grooms|umbrella|rainy wedding|night portrait|dramatic lighting|romantic mood|wet pavement|wedding portraits|county down wedding,MKB000269
Brookhall cottages,couple portraits,mkb-weddings-brookhall-cottages-lisburn-county-down-wedding-photographer--32_500.webp,creative-flash,,,,,,,,,,brookhall cottages|couple portraits|grooms|same sex wedding|night portrait|dramatic lighting|flash photography|moody|outdoor wedding|wedding suits|romantic portrait|county down wedding,MKB000270
Brookhall cottages,couple portraits,mkb-weddings-brookhall-cottages-lisburn-county-down-wedding-photographer--33_500.webp,creative-flash,,,,,,,,,,brookhall cottages|couple portraits|two grooms|night portrait|black and white|lamplight|misty|romantic|formalwear|outdoor portrait|dramatic lighting|wedding portraits,MKB000271
Brookhall cottages,couple portraits,mkb-weddings-brookhall-cottages-lisburn-county-down-wedding-photographer--3_500.webp,,,,,,,,,,,brookhall cottages|couple portraits|grooms|same sex wedding|outdoor portraits|woodland|natural light|romantic|joyful|candid laughter|wedding tuxedos|lisburn wedding,MKB000272
Brookhall cottages,couple portraits,mkb-weddings-brookhall-cottages-lisburn-county-down-wedding-photographer--4_500.webp,,,,,,,,,,,couple portraits|grooms|same sex wedding|woodland portraits|outdoor wedding|moody light|romantic kiss|intimate moment|wedding suits|dark greenery|brookhall cottages|lisburn wedding,MKB000273
Brookhall cottages,couple portraits,mkb-weddings-brookhall-cottages-lisburn-county-down-wedding-photographer--5_500.webp,,,,,,,,,,,brookhall cottages|couple portraits|two grooms|same-sex wedding|night portraits|outdoor portraits|tuxedos|boutonnieres|dramatic lighting|romantic mood|wedding portraits|lisburn wedding,MKB000274
Brookhall cottages,couple portraits,mkb-weddings-brookhall-cottages-lisburn-county-down-wedding-photographer--6_500.webp,,,,,,,,,,,brookhall cottages|couple portraits|wedding couple|grooms|woodland portrait|evergreen trees|natural light|romantic|intimate moment|holding hands|outdoor wedding|county down wedding,MKB000275
Brookhall cottages,couple portraits,mkb-weddings-brookhall-cottages-lisburn-county-down-wedding-photographer--7_500.webp,,,,,,,,,,,brookhall cottages|couple portraits|two grooms|outdoor portraits|black tie wedding|fountain foreground|overcast light|romantic mood|relaxed pose|wedding suits|garden setting|same sex wedding,MKB000276
Brookhall cottages,couple portraits,mkb-weddings-brookhall-cottages-lisburn-county-down-wedding-photographer--8_500.webp,,,,,,,,,,,brookhall cottages|couple portraits|grooms|same sex wedding|rainy wedding|white umbrella|countryside|sheep|overcast light|candid moment|romantic|outdoor portraits,MKB000277
Brookhall cottages,details and decor,mkb-weddings-brookhall-cottages-lisburn-county-down-wedding-photographer--23_500.webp,,,,,,,,,,,reception decor|wedding tablescape|floral centrepiece|long table|place settings|candles|soft natural light|romantic details|rustic elegance|orange flowers|brookhall cottages|wedding breakfast,MKB000278
Brookhall cottages,family and bridal party,mkb-weddings-brookhall-cottages-lisburn-county-down-wedding-photographer--25_500.webp,,,,,,,,,,,brookhall cottages|wedding exit|confetti|two grooms|guests cheering|night photography|flash lighting|stone arch|rainy wedding|celebration|joyful|bridal party,MKB000279
Brookhall cottages,family and bridal party,mkb-weddings-brookhall-cottages-lisburn-county-down-wedding-photographer--34_500.webp,,,,,,,,,,,brookhall cottages|family portrait|groom family|formalwear|black tie|stone wall|evening portrait|flash lighting|relaxed mood|wedding reception|bridal party|group photo,MKB000280
Brookhall cottages,family and bridal party,mkb-weddings-brookhall-cottages-lisburn-county-down-wedding-photographer--35_500.webp,,,,,,,,,,,brookhall cottages|family portraits|bridal party|group portrait|wedding guests|stone wall|dramatic flash|evening reception|joyful|formal portraits|tuxedos|glam dresses,MKB000281
Brookhall cottages,getting ready,mkb-weddings-brookhall-cottages-lisburn-county-down-wedding-photographer--10_500.webp,,,,,,,,,,,brookhall cottages|getting ready|groom prep|black and white|mirror reflection|bow tie|tuxedo|candid moment|indoor light|wedding morning|county down wedding,MKB000282
Brookhall cottages,getting ready,mkb-weddings-brookhall-cottages-lisburn-county-down-wedding-photographer--11_500.webp,,,,,,,,,,,getting ready|groom prep|bow tie|mirror reflection|tuxedo|indoor|dramatic lighting|moody|wedding morning|brookhall cottages|lisburn wedding|county down,MKB000283
Brookhall cottages,getting ready,mkb-weddings-brookhall-cottages-lisburn-county-down-wedding-photographer--9_500.webp,,,,,,,,,,,groom prep|getting ready|bow tie|mirror portrait|wedding morning|groom|moody light|indoor portrait|candid moment|formalwear|brookhall cottages,MKB000284
Brookhall cottages,reception and party,mkb-weddings-brookhall-cottages-lisburn-county-down-wedding-photographer--24_500.webp,,,,,,,,,,,brookhall cottages|wedding reception|live music|cellists|string musicians|indoor reception|warm lighting|candlelight|romantic mood|evening entertainment|party atmosphere|wedding celebration,MKB000285
Brookhall cottages,reception and party,mkb-weddings-brookhall-cottages-lisburn-county-down-wedding-photographer--36_500.webp,,,,,,,,,,,brookhall cottages|reception|wedding cake|cake cutting|same sex wedding|grooms|black tie|indoor|flash lighting|celebration|romantic|rustic backdrop,MKB000286
Brookhall cottages,reception and party,mkb-weddings-brookhall-cottages-lisburn-county-down-wedding-photographer--37_500.webp,,,,,,,,,,,brookhall cottages|wedding reception|top table|wedding speeches|groom speech|seated guests|floral decor|indoor reception|soft natural light|candid moment|joyful atmosphere|formalwear,MKB000287
Castle Leslie,family and bridal party,MKB_weddings_Ireland_Northen_ireland_Wedding_Photography_castle-leslie_Wedding_Photography-378_500.webp,,,,,,,,,,,castle leslie|bridal party|family portraits|bride and groom|stone arches|outdoor portraits|natural light|romantic|formal wedding|wedding party|elegant|group portrait,MKB000288
Castle Leslie,getting ready,MKB_weddings_Ireland_Northen_ireland_Wedding_Photography_castle-leslie_Wedding_Photography-100_500.webp,,,,,,,,,,,getting ready|wedding dress|bridesmaid dresses|bridal details|dress hanging|window light|soft light|romantic mood|morning prep|castle leslie|indoor scene|wedding morning,MKB000289
Castle Leslie,getting ready,MKB_weddings_Ireland_Northen_ireland_Wedding_Photography_castle-leslie_Wedding_Photography-117_500.webp,,,,,,,,,,,castle leslie|getting ready|bride|bridal prep|earrings|mirror reflection|bridal hair|tiara|natural light|soft mood|morning preparations|wedding details,MKB000290
Castle Leslie,getting ready,MKB_weddings_Ireland_Northen_ireland_Wedding_Photography_castle-leslie_Wedding_Photography-140_500.webp,,,,,,,,,,,castle leslie|getting ready|bride portrait|bridal gown|black and white|window light|dramatic lighting|elegant|quiet moment|wedding morning|lace sleeves|indoor portrait,MKB000291
Cavan Crystal,ceremony,mkb-weddings-mkb-photography-northern-ireland-wedding-photography-cavan-crystal-hotel-wedding-photography--3_500.webp,,,,,,,,,,,ceremony|groom portrait|black and white|dramatic lighting|low key|formalwear|bow tie|emotional|moody|indoor ceremony|wedding morning|cavan crystal,MKB000292
Cavan Crystal,ceremony,mkb-weddings-mkb-photography-northern-ireland-wedding-photography-cavan-crystal-hotel-wedding-photography--4_500.webp,,,,,,,,,,,cavan crystal|ceremony|bride entrance|aisle walk|bride|father of bride|black and white|window light|dramatic lighting|emotional|church ceremony|wedding processional,MKB000293
Cavan Crystal,couple portraits,mkb-weddings-mkb-photography-northern-ireland-wedding-photography-cavan-crystal-hotel-wedding-photography--7_500.webp,creative-flash,,,,,,,,,,cavan crystal|couple portrait|bride and groom|indoor portrait|balcony|chandelier|stone wall|dramatic lighting|warm light|romantic mood|evening portrait|wedding photography,MKB000294
Cavan Crystal,couple portraits,mkb-weddings-mkb-photography-northern-ireland-wedding-photography-cavan-crystal-hotel-wedding-photography--5_500.webp,,,,,,,,,,,cavan crystal|couple portraits|bride and groom|golden hour|backlit|romantic|outdoor portraits|rustic backdrop|wedding dress|bridal bouquet|intimate moment|warm light,MKB000295
Cavan Crystal,couple portraits,mkb-weddings-cavan-crystal-hotel-wedding-photographer-408_500.webp,,,,,,,,,,,couple portrait|bride and groom|outdoor portrait|romantic kiss|natural light|dramatic shadows|wedding bouquet|bridal veil|black tie|intimate moment|cavan crystal|wedding day,MKB000296
Cavan Crystal,couple portraits,mkb-weddings-cavan-crystal-hotel-wedding-photographer-411_500.webp,,,,,,,,,,,couple portrait|bride and groom|wedding portraits|holding hands|stone architecture|arched window|natural light|overcast|romantic|elegant|bridal bouquet|cavan crystal,MKB000297
Cavan Crystal,couple portraits,mkb-weddings-cavan-crystal-hotel-wedding-photographer-413_500.webp,,,,,,,,,,,couple portraits|bride and groom|wedding portrait|stone wall|outdoor portraits|natural light|romantic|elegant|bridal bouquet|wedding dress|black tie groom|cavan crystal,MKB000298
Cavan Crystal,couple portraits,mkb-weddings-cavan-crystal-hotel-wedding-photographer-417_500.webp,,,,,,,,,,,couple portrait|bride and groom|wedding kiss|romantic|intimate moment|natural light|stone backdrop|bridal bouquet|elegant wedding|outdoor portrait|cavan crystal|wedding day,MKB000299
Cavan Crystal,couple portraits,mkb-weddings-cavan-crystal-hotel-wedding-photographer-421_500.webp,,,,,,,,,,,couple portraits|bride and groom|church exterior|wedding walk|soft daylight|romantic|joyful|classic wedding|bouquet|outdoor portraits|historic architecture|wedding day,MKB000300
Cavan Crystal,couple portraits,mkb-weddings-cavan-crystal-hotel-wedding-photographer-428_500.webp,,,,,,,,,,,cavan crystal|couple portraits|bride and groom|outdoor portraits|golden hour|romantic|smiling couple|holding hands|bridal bouquet|wedding dress|black tuxedo|wedding portraits,MKB000301
Cavan Crystal,couple portraits,mkb-weddings-cavan-crystal-hotel-wedding-photographer-430_500.webp,,,,,,,,,,,cavan crystal|couple portraits|bride and groom|garden portrait|golden hour|backlit|autumn leaves|romantic|wedding bouquet|outdoor wedding|intimate moment|soft light,MKB000302
Cavan Crystal,couple portraits,mkb-weddings-cavan-crystal-hotel-wedding-photographer-431_500.webp,,,,,,,,,,,cavan crystal|couple portraits|bride and groom|garden portrait|autumn foliage|golden hour|backlit|romantic|intimate moment|wedding bouquet|outdoor wedding|soft light,MKB000303
Cavan Crystal,couple portraits,mkb-weddings-cavan-crystal-hotel-wedding-photographer-432_500.webp,,,,,,,,,,,couple portraits|bride and groom|outdoor garden|autumn foliage|golden hour|backlit|romantic|wedding bouquet|cavan crystal|intimate moment|soft light,MKB000304
Cavan Crystal,couple portraits,mkb-weddings-cavan-crystal-hotel-wedding-photographer-437_500.webp,,,,,,,,,,,cavan crystal|couple portraits|bride and groom|outdoor portraits|golden hour|sun flare|romantic|intimate moment|rustic backdrop|wedding bouquet|newlyweds|wedding day,MKB000305
Cavan Crystal,couple portraits,mkb-weddings-cavan-crystal-hotel-wedding-photographer-442_500.webp,,,,,,,,,,,couple portraits|bride and groom|outdoor portrait|natural light|romantic|elegant wedding|autumn wedding|wedding bouquet|black tie groom|cavan crystal|wedding day|stone wall backdrop,MKB000306
Cavan Crystal,couple portraits,mkb-weddings-cavan-crystal-hotel-wedding-photographer-443_500.webp,,,,,,,,,,,couple portraits|bride and groom|church exterior|autumn foliage|natural light|romantic|outdoor portraits|wedding day|bridal bouquet|historic architecture|intimate moment|cavan wedding,MKB000307
Cavan Crystal,family and bridal party,mkb-weddings-cavan-crystal-hotel-wedding-photographer-475_500.webp,,,,,,,,,,,cavan crystal|bridal party|bride|bridesmaids|wedding portraits|hotel entrance|arched doorway|bouquets|natural light|joyful|elegant|wedding morning,MKB000308
Cavan Crystal,getting ready,mkb-weddings-mkb-photography-northern-ireland-wedding-photography-cavan-crystal-hotel-wedding-photography--1_500.webp,,,,,,,,,,,bridal details|getting ready|wedding shoes|bridal bouquet|wedding rings|wedding invitation|bridal perfume|flat lay|soft light|romantic mood|cavan crystal|wedding morning,MKB000309
Clandeboye lodge,ceremony,MKB_Photography_Ireland_Northen_irelandl_Wedding_Photography_Clandeboye_lodge_Wedding_Photography_Stephanie_and_Callum-169_500.webp,,,,,,,,,,,clandeboye lodge|wedding ceremony|indoor ceremony|groom waiting|wedding guests|black and white|natural light|arched window|brick interior|emotional moment|intimate ceremony|documentary wedding,MKB000310
Clandeboye lodge,ceremony,MKB_Photography_Ireland_Northen_irelandl_Wedding_Photography_Clandeboye_lodge_Wedding_Photography_Stephanie_and_Callum-283_500.webp,,,,,,,,,,,clandeboye lodge|ceremony|bride and groom|wedding kiss|aisle moment|black and white|romantic|natural light|wedding guests|floral decor|indoor ceremony|candid,MKB000311
Clandeboye lodge,ceremony,mkb-weddings-irish-wedding-photographer-clandeboye-lodge-bangor-photography-207_500.webp,,,,,,,,,,,ceremony|aisle walk|bride entrance|groom waiting|wedding guests|indoor ceremony|natural light|rustic beams|emotional moment|bridal bouquet|clandeboye lodge|candid wedding,MKB000312
Clandeboye lodge,ceremony,mkb-weddings-irish-wedding-photographer-clandeboye-lodge-bangor-photography-277_500.webp,,,,,,,,,,,ceremony|first kiss|bride and groom|indoor wedding|clandeboye lodge|guests applauding|rustic ceremony|natural light|joyful moment|floral decor|wedding aisle|romantic,MKB000313
Clandeboye lodge,ceremony,mkb-weddings-irish-wedding-photographer-clandeboye-lodge-bangor-photography-286_500.webp,,,,,,,,,,,clandeboye lodge|ceremony|indoor ceremony|bride and groom|wedding vows|officiant|guests|black and white|natural light|romantic|candlelight|floral decor,MKB000314
Clandeboye lodge,couple portraits,MKB_Photography_Ireland_Northen_irelandl_Wedding_Photography_Clandeboye_lodge_Wedding_Photography_Stephanie_and_Callum-383_500.webp,,,,,,,,,,,clandeboye lodge|couple portraits|bride and groom|garden portrait|outdoor wedding|tree canopy|dappled light|romantic|intimate moment|wedding bouquet|summer wedding|natural light,MKB000315
Clandeboye lodge,couple portraits,MKB_Photography_Ireland_Northen_irelandl_Wedding_Photography_Clandeboye_lodge_Wedding_Photography_Stephanie_and_Callum-307_500.webp,,,,,,,,,,,clandeboye lodge|couple portraits|bride and groom|wedding dog|garden portrait|outdoor wedding|sunlit|romantic|relaxed|bridal bouquet|wedding attire|summer wedding,MKB000316
Clandeboye lodge,couple portraits,MKB_Photography_Ireland_Northen_irelandl_Wedding_Photography_Clandeboye_lodge_Wedding_Photography_Stephanie_and_Callum-326_500.webp,,,,,,,,,,,clandeboye lodge|couple portraits|bride and groom|wedding dog|garden path|outdoor wedding|sunny portraits|romantic|elegant|bridal bouquet|wedding portrait|natural light,MKB000317
Clandeboye lodge,couple portraits,MKB_Photography_Ireland_Northen_irelandl_Wedding_Photography_Clandeboye_lodge_Wedding_Photography_Stephanie_and_Callum-364_500.webp,,,,,,,,,,,clandeboye lodge|couple portraits|bride and groom|garden portrait|greenery|brick wall|dappled light|romantic|intimate|wedding bouquet|summer wedding|wedding day,MKB000318
Clandeboye lodge,couple portraits,MKB_Photography_Ireland_Northen_irelandl_Wedding_Photography_Clandeboye_lodge_Wedding_Photography_Stephanie_and_Callum-372_500.webp,,,,,,,,,,,clandeboye lodge|couple portraits|bride and groom|outdoor portrait|green backdrop|natural light|romantic|elegant|wedding bouquet|formal pose|summer wedding|northern ireland wedding,MKB000319
Clandeboye lodge,couple portraits,MKB_Photography_Ireland_Northen_irelandl_Wedding_Photography_Clandeboye_lodge_Wedding_Photography_Stephanie_and_Callum-404_500.webp,,,,,,,,,,,clandeboye lodge|bridal portrait|bride|wedding dress|lace gown|black and white|outdoor portrait|soft light|romantic mood|couple portraits|wedding day|elegant,MKB000320
Clandeboye lodge,couple portraits,mkb-weddings-irish-wedding-photographer-clandeboye-lodge-bangor-photography-103_500.webp,,,,,,,,,,,clandeboye lodge|couple portraits|bride and groom|outdoor portrait|garden setting|natural light|romantic|joyful|wedding bouquet|candid moment|soft greenery|irish wedding,MKB000321
Clandeboye lodge,couple portraits,mkb-weddings-irish-wedding-photographer-clandeboye-lodge-bangor-photography-108_500.webp,creative-flash,,,,,,,,,,couple portraits|bride and groom|garden portrait|tree framed|natural light|romantic|wedding day|outdoor wedding|embrace|clandeboye lodge|intimate moment|lush greenery,MKB000322
Clandeboye lodge,couple portraits,mkb-weddings-irish-wedding-photographer-clandeboye-lodge-bangor-photography-400_500.webp,,,,,,,,,,,couple portraits|bride and groom|clandeboye lodge|brick wall|natural light|romantic|intimate|wedding bouquet|embrace|classic wedding|irish wedding|newlyweds,MKB000323
Clandeboye lodge,getting ready,MKB_Photography_Ireland_Northen_irelandl_Wedding_Photography_Clandeboye_lodge_Wedding_Photography_Stephanie_and_Callum-108_500.webp,,,,,,,,,,,clandeboye lodge|getting ready|wedding dress|bridal details|dress hanging|ceremony room|rustic interior|window light|moody lighting|romantic mood|wedding morning,MKB000324
Clandeboye lodge,getting ready,MKB_Photography_Ireland_Northen_irelandl_Wedding_Photography_Clandeboye_lodge_Wedding_Photography_Stephanie_and_Callum-117_500.webp,,,,,,,,,,,getting ready|bridal prep|bride|mirror portrait|wedding morning|pajamas|soft window light|calm mood|hair and makeup|indoor scene|clandeboye lodge,MKB000325
Clandeboye lodge,getting ready,MKB_Photography_Ireland_Northen_irelandl_Wedding_Photography_Clandeboye_lodge_Wedding_Photography_Stephanie_and_Callum-145_500.webp,,,,,,,,,,,clandeboye lodge|getting ready|groom prep|groom|cufflinks|window light|black and white|moody|portrait|wedding morning|suit details,MKB000326
Clandeboye lodge,getting ready,MKB_Photography_Ireland_Northen_irelandl_Wedding_Photography_Clandeboye_lodge_Wedding_Photography_Stephanie_and_Callum-168_500.webp,,,,,,,,,,,clandeboye lodge|getting ready|groom portrait|black and white|indoor|doorway|suit|dramatic light|moody|wedding morning,MKB000327
Clandeboye lodge,getting ready,mkb-weddings-irish-wedding-photographer-clandeboye-lodge-bangor-photography-113_500.webp,,,,,,,,,,,clandeboye lodge|getting ready|bride portrait|bridal prep|makeup moment|window light|soft light|candid|emotional|morning preparations|wedding details|bridal beauty,MKB000328
Clandeboye lodge,getting ready,mkb-weddings-irish-wedding-photographer-clandeboye-lodge-bangor-photography-124_500.webp,,,,,,,,,,,clandeboye lodge|getting ready|bride prep|bridal robe|mirror reflection|hair styling|bridesmaid|indoor light|warm lighting|calm moment|wedding morning|candid,MKB000329
Clandeboye lodge,getting ready,mkb-weddings-irish-wedding-photographer-clandeboye-lodge-bangor-photography-161_500.webp,,,,,,,,,,,clandeboye lodge|getting ready|bride|father of the bride|bridesmaid|hotel room|warm indoor light|emotional moment|wedding morning|family hug|candid|joyful,MKB000330
Clandeboye lodge,reception and party,MKB_Photography_Ireland_Northen_irelandl_Wedding_Photography_Clandeboye_lodge_Wedding_Photography_Stephanie_and_Callum-353_500.webp,,,,,,,,,,,clandeboye lodge wedding|wedding reception|bride and groom|dog at wedding|marquee reception|string lights|candid moment|joyful|guest reactions|northern ireland wedding,MKB000331
Clandeboye lodge,reception and party,MKB_Photography_Ireland_Northen_irelandl_Wedding_Photography_Clandeboye_lodge_Wedding_Photography_Stephanie_and_Callum-487_500.webp,,,,,,,,,,,clandeboye lodge|wedding reception|speeches|groom speech|top table|wedding guests|laughter|indoor lighting|warm mood|stone wall|floral decor|party atmosphere,MKB000332
Clandeboye lodge,reception and party,mkb-weddings-irish-wedding-photographer-clandeboye-lodge-bangor-photography-159_500.webp,,,,,,,,,,,clandeboye lodge|wedding reception|wedding speeches|top table|bride laughing|groom speech|indoor reception|stone wall|floral centrepieces|candid moment|joyful atmosphere|natural light,MKB000333
Corick house,ceremony,mkb-weddings-mkb-photography-northern-ireland-wedding-photography-corick-house-hotel-wedding-photography-269_500.webp,,,,,,,,,,,corick house|ceremony|aisle|bride entrance|groom waiting|wedding guests|indoor ceremony|soft light|emotional moment|formal attire|processional|northern ireland wedding,MKB000334
Corick house,couple portraits,MKB-weddings-mkb-photography-northern-ireland-wedding-photographer-corrick-house-wedding-photography13_500.webp,creative-flash,,,,,,,,,,corick house|couple portraits|bride and groom|woodland|tree tunnel|natural light|romantic|outdoor wedding|wedding dress|bridal bouquet|wedding portrait|intimate mood,MKB000335
Corick house,couple portraits,MKB-weddings-mkb-photography-northern-ireland-wedding-photographer-corrick-house-wedding-photography10_500.webp,,,,,,,,,,,corick house|couple portraits|bride and groom|garden portrait|natural light|romantic|joyful|candid laughter|wedding dress|black tie groom|outdoor wedding|lush greenery,MKB000336
Corick house,couple portraits,MKB-weddings-mkb-photography-northern-ireland-wedding-photographer-corrick-house-wedding-photography11_500.webp,,,,,,,,,,,corick house|couple portraits|bride and groom|garden portrait|natural light|romantic|joyful|wedding portraits|greenery|outdoor wedding|intimate moment|northern ireland,MKB000337
Corick house,couple portraits,MKB-weddings-mkb-photography-northern-ireland-wedding-photographer-corrick-house-wedding-photography12_500.webp,,,,,,,,,,,corick house|couple portrait|bride and groom|outdoor wedding|garden backdrop|natural light|romantic|intimate moment|wedding portraits|soft focus|black tie groom|bridal veil,MKB000338
Corick house,couple portraits,MKB-weddings-mkb-photography-northern-ireland-wedding-photographer-corrick-house-wedding-photography14_500.webp,creative-flash,,,,,,,,,,corick house|couple portraits|bride and groom|woodland|forest path|natural light|backlit|romantic|intimate|wedding portrait|outdoor wedding|northern ireland,MKB000339
Corick house,couple portraits,MKB-weddings-mkb-photography-northern-ireland-wedding-photographer-corrick-house-wedding-photography15_500.webp,,,,,,,,,,,corick house|couple portraits|bride and groom|outdoor portraits|garden setting|natural light|soft backlight|romantic|joyful|wedding day|smiling couple|elegant attire,MKB000340
Corick house,couple portraits,MKB-weddings-mkb-photography-northern-ireland-wedding-photographer-corrick-house-wedding-photography16_500.webp,,,,,,,,,,,corick house|couple portraits|bride and groom|woodland path|tree lined avenue|natural light|romantic|walking together|wedding dress|bridal bouquet|elegant|outdoor portraits,MKB000341
Corick house,couple portraits,MKB-weddings-mkb-photography-northern-ireland-wedding-photographer-corrick-house-wedding-photography17_500.webp,,,,,,,,,,,corick house|couple portraits|bride and groom|wedding kiss|tree lined driveway|outdoor portraits|natural light|romantic|elegant|bridal bouquet|wedding dress|golden greenery,MKB000342
Corick house,couple portraits,MKB-weddings-mkb-photography-northern-ireland-wedding-photographer-corrick-house-wedding-photography18_500.webp,,,,,,,,,,,corick house|couple portraits|bride and groom|wedding dress|arched doorway|floral decor|stone steps|natural light|romantic|elegant|wedding portrait|northern ireland wedding,MKB000343
Corick house,couple portraits,MKB-weddings-mkb-photography-northern-ireland-wedding-photographer-corrick-house-wedding-photography8_500.webp,,,,,,,,,,,corick house|bridal portrait|bride|wedding dress|veil|indoor portrait|window light|dramatic lighting|elegant mood|quiet moment|historic interior|wedding morning,MKB000344
Corick house,couple portraits,MKB-weddings-mkb-photography-northern-ireland-wedding-photographer-corrick-house-wedding-photography9_500.webp,,,,,,,,,,,corick house|couple portraits|bride and groom|garden portrait|romantic kiss|wedding dress|veil|greenery|natural light|intimate moment|outdoor wedding|romantic mood,MKB000345
Corick house,couple portraits,mkb-weddings-mkb-photography-northern-ireland-wedding-photography-corick-house-hotel-wedding-photography-407_500.webp,,,,,,,,,,,corick house|couple portrait|bride and groom|indoor portrait|window light|dramatic lighting|romantic|joyful|bridal bouquet|wedding dress|groom tuxedo|wedding portraits,MKB000346
Corick house,couple portraits,mkb-weddings-mkb-photography-northern-ireland-wedding-photography-corick-house-hotel-wedding-photography-409_500.webp,,,,,,,,,,,corick house|bridal portrait|bride|window light|black and white|silhouette|wedding dress|veil|bouquet|moody|romantic|wedding morning,MKB000347
Corick house,couple portraits,mkb-weddings-mkb-photography-northern-ireland-wedding-photography-corick-house-hotel-wedding-photography-595_500.webp,,,,,,,,,,,corick house|couple portraits|bride and groom|garden portrait|autumn foliage|natural light|romantic|forehead kiss|wedding dress|black tie|outdoor wedding|intimate moment,MKB000348
Corick house,couple portraits,mkb-weddings-mkb-photography-northern-ireland-wedding-photography-corick-house-hotel-wedding-photography-600_500.webp,,,,,,,,,,,couple portraits|bride and groom|corick house|outdoor portrait|countryside backdrop|soft natural light|romantic|elegant|wedding dress|black tie|newlyweds|garden setting,MKB000349
Corick house,couple portraits,mkb-weddings-mkb-photography-northern-ireland-wedding-photography-corick-house-hotel-wedding-photography-605_500.webp,,,,,,,,,,,corick house|couple portraits|bride and groom|outdoor portrait|woodland path|tree canopy|soft backlight|romantic|intimate moment|wedding dress|groom embrace|northern ireland wedding,MKB000350
Corick house,couple portraits,Rachel&Carl-Corick-house-hotel-and-spa-192_500.webp,,,,,,,,,,,corick house|couple portraits|bride and groom|outdoor portraits|woodland path|natural light|romantic|wedding bouquet|black tie groom|bridal veil|elegant wedding|newlyweds,MKB000351
Corick house,couple portraits,Rachel&Carl-Corick-house-hotel-and-spa-222_500.webp,,,,,,,,,,,corick house|couple portraits|bride and groom|outdoor portrait|brick wall|holding hands|natural light|romantic|moody|wedding portraits|autumn wedding|wedding bouquet,MKB000352
Corick house,family and bridal party,MKB-weddings-mkb-photography-northern-ireland-wedding-photographer-corrick-house-wedding-photography6_500.webp,,,,,,,,,,,bridal party|outdoor portrait|bride and groom|bridesmaids|groomsmen|wedding kiss|soft light|overcast|romantic|countryside|formal group|corick house,MKB000353
Corick house,getting ready,MKB-weddings-mkb-photography-northern-ireland-wedding-photographer-corrick-house-wedding-photography1_500.webp,,,,,,,,,,,corick house|getting ready|bride|bridesmaids|bridal party|pink dresses|window light|soft backlight|happy moments|bridal prep|wedding morning|indoor portrait,MKB000354
Corick house,getting ready,MKB-weddings-mkb-photography-northern-ireland-wedding-photographer-corrick-house-wedding-photography19_500.webp,,,,,,,,,,,corick house|getting ready|groomsmen|groom party|black and white|outdoor portraits|stone architecture|natural light|candid walking|relaxed mood|wedding morning|northern ireland wedding,MKB000355
Corick house,getting ready,MKB-weddings-mkb-photography-northern-ireland-wedding-photographer-corrick-house-wedding-photography20_500.webp,,,,,,,,,,,corick house|getting ready|bride|groom|staircase|black and white|natural light|quiet moment|wedding morning|elegant|candid,MKB000356
Corick house,getting ready,MKB-weddings-mkb-photography-northern-ireland-wedding-photographer-corrick-house-wedding-photography21_500.webp,,,,,,,,,,,corick house|getting ready|bride|bridesmaids|bridal prep|doorway moment|natural light|candid|joyful|wedding morning,MKB000357
Corick house,reception and party,MKB-weddings-mkb-photography-northern-ireland-wedding-photographer-corrick-house-wedding-photography2_500.webp,,,,,,,,,,,corick house|wedding reception|dance floor|party dancing|wedding guests|indoor reception|warm lighting|candid moment|celebration|energetic mood|evening party|raised hands,MKB000358
Corick house,reception and party,MKB-weddings-mkb-photography-northern-ireland-wedding-photographer-corrick-house-wedding-photography3_500.webp,,,,,,,,,,,corick house|wedding reception|first dance|bride and groom|dance floor|evening party|dramatic lighting|romantic moment|indoor wedding|wedding guests|celebration|warm uplighting,MKB000359
Corick house,reception and party,MKB-weddings-mkb-photography-northern-ireland-wedding-photographer-corrick-house-wedding-photography4_500.webp,,,,,,,,,,,corick house|wedding reception|bride|bridal party|top table|applause|speeches|natural light|joyful|celebration|floral centerpieces|candid moment,MKB000360
Corick house,reception and party,MKB-weddings-mkb-photography-northern-ireland-wedding-photographer-corrick-house-wedding-photography5_500.webp,,,,,,,,,,,corick house|reception entrance|bride and groom|wedding reception|guests clapping|indoor reception|chandelier lighting|celebration|joyful mood|evening party|wedding dress|dance floor,MKB000361
Corick house,reception and party,mkb-weddings-mkb-photography-northern-ireland-wedding-photography-corick-house-hotel-wedding-photography-499_500.webp,,,,,,,,,,,corick house|wedding reception|top table|groom speech|bride and groom|wedding party|speeches|bright natural light|joyful moment|indoor reception|floral decor|celebration,MKB000362
Corick house,reception and party,mkb-weddings-mkb-photography-northern-ireland-wedding-photography-corick-house-hotel-wedding-photography-649_500.webp,,,,,,,,,,,corick house|reception|dance floor|bride and groom|first dance|guests clapping|black and white|backlit|joyful|party|indoor reception|wedding celebration,MKB000363
Crover House,ceremony,MKB_Photography-Northern-ireland-wedding-photography-northern-ireland-wedding-photographer-crover-house-hotel-cavan-wedding-photography-Full res-132_500.webp,,,,,,,,,,,ceremony|indoor ceremony|bride entrance|walking down aisle|bride and escort|groom reaction|wedding guests|chandelier lighting|floral aisle|warm lighting|joyful moment|crover house,MKB000364
Crover House,ceremony,MKB_Photography-Northern-ireland-wedding-photography-northern-ireland-wedding-photographer-crover-house-hotel-cavan-wedding-photography-Full res-174_500.webp,,,,,,,,,,,crover house|ceremony|bride and groom|indoor ceremony|holding hands|wedding vows|natural light|romantic|emotional|wedding guests|floral decor|aisle,MKB000365
Crover House,couple portraits,mkb-weddings-irish-wedding-photographer-crover-house-cavan-wedding-photography-9_500.webp,,,,,,,,,,,crover house|couple portraits|bride and groom|woodland|natural light|romantic|candid moment|wedding portraits|irish wedding|outdoor portraits|soft light|joyful,MKB000366
Crover House,couple portraits,MKB_Photography-Northern-ireland-wedding-photography-northern-ireland-wedding-photographer-crover-house-hotel-cavan-wedding-photography-Full res-288_500.webp,,,,,,,,,,,crover house|couple portrait|bride and groom|outdoor portrait|wedding bouquet|country house|garden lawn|soft light|overcast|joyful|romantic|wedding day,MKB000367
Crover House,couple portraits,MKB_Photography-Northern-ireland-wedding-photography-northern-ireland-wedding-photographer-crover-house-hotel-cavan-wedding-photography-Full res-291_500.webp,,,,,,,,,,,crover house|couple portraits|bride and groom|lakeside|garden lawn|wedding bouquet|soft light|overcast|romantic|intimate moment|outdoor portraits|wedding day,MKB000368
Crover House,couple portraits,MKB_Photography-Northern-ireland-wedding-photography-northern-ireland-wedding-photographer-crover-house-hotel-cavan-wedding-photography-Full res-306_500.webp,,,,,,,,,,,couple portraits|bride and groom|crover house|lakeside|dramatic sky|cloudy light|romantic|windswept|outdoor portraits|wedding day|moody|cavan wedding,MKB000369
Crover House,details and decor,MKB_Photography-Northern-ireland-wedding-photography-northern-ireland-wedding-photographer-crover-house-hotel-cavan-wedding-photography-Full res-16_500.webp,,,,,,,,,,,wedding details|bridal jewellery|wedding rings|earrings|candlelight|warm lighting|romantic mood|detail flatlay|getting ready|crover house|decor details|intimate atmosphere,MKB000370
Crover House,details and decor,MKB_Photography-Northern-ireland-wedding-photography-northern-ireland-wedding-photographer-crover-house-hotel-cavan-wedding-photography-Full res-327_500.webp,,,,,,,,,,,wedding reception|table decor|floral centerpiece|place settings|table number|glassware|natural light|romantic mood|elegant decor|no people|wedding details|crover house,MKB000371
Crover House,details and decor,MKB_Photography-Northern-ireland-wedding-photography-northern-ireland-wedding-photographer-crover-house-hotel-cavan-wedding-photography-Full res-329_500.webp,,,,,,,,,,,wedding decor|reception details|wedding cake|floral centerpiece|table setting|soft natural light|elegant decor|romantic mood|indoor reception|cake display|crover house|wedding styling,MKB000372
Crover House,family and bridal party,MKB_Photography-Northern-ireland-wedding-photography-northern-ireland-wedding-photographer-crover-house-hotel-cavan-wedding-photography-Full res-77_500.webp,,,,,,,,,,,bridal party|bride|bridesmaids|blue dresses|lakeside|outdoor portraits|soft light|overcast|romantic|wedding portraits|crover house|cavan wedding,MKB000373
Crover House,family and bridal party,MKB_Photography-Northern-ireland-wedding-photography-northern-ireland-wedding-photographer-crover-house-hotel-cavan-wedding-photography-Full res-93_500.webp,,,,,,,,,,,crover house|groomsmen|wedding party|outdoor portraits|walking|ivy backdrop|natural light|relaxed mood|candid moment|black suits|country house|pre ceremony,MKB000374
Crover House,getting ready,mkb-weddings-irish-wedding-photographer-crover-house-cavan-wedding-photography 2_500.webp,,,,,,,,,,,crover house|getting ready|bride prep|bridal portrait|hair styling|wedding morning|soft light|warm tones|natural makeup|calm mood|indoor scene|irish wedding,MKB000375
Crover House,getting ready,MKB_Photography-Northern-ireland-wedding-photography-northern-ireland-wedding-photographer-crover-house-hotel-cavan-wedding-photography-Full res-14_500.webp,,,,,,,,,,,getting ready|bride prep|hair styling|bridal hair|floral crown|makeup room|window light|soft light|relaxed mood|smiling bride|wedding morning|crover house,MKB000376
Crover House,getting ready,MKB_Photography-Northern-ireland-wedding-photography-northern-ireland-wedding-photographer-crover-house-hotel-cavan-wedding-photography-Full res-31_500.webp,,,,,,,,,,,getting ready|crover house|bride|bridesmaids|flower girl|bridal robes|champagne toast|indoor light|candid laughter|joyful|morning preparations|wedding party,MKB000377
Crover House,getting ready,MKB_Photography-Northern-ireland-wedding-photography-northern-ireland-wedding-photographer-crover-house-hotel-cavan-wedding-photography-Full res-48_500.webp,,,,,,,,,,,getting ready|bridal makeup|bride|makeup artist|floral crown|soft lighting|romantic mood|wedding morning|close up|indoor prep|crover house,MKB000378
Crover House,getting ready,MKB_Photography-Northern-ireland-wedding-photography-northern-ireland-wedding-photographer-crover-house-hotel-cavan-wedding-photography-Full res-52_500.webp,,,,,,,,,,,crover house|getting ready|bride|bridal robe|bridesmaid|phone photo|ring light|warm indoor|candid moment|joyful|bridal prep|wedding morning,MKB000379
Crover House,getting ready,MKB_Photography-Northern-ireland-wedding-photography-northern-ireland-wedding-photographer-crover-house-hotel-cavan-wedding-photography-Full res-7_500.webp,,,,,,,,,,,getting ready|bride|bridal robe|hair styling|morning prep|champagne glass|smiling bride|indoor portrait|warm light|relaxed mood|crover house|wedding morning,MKB000380
Crover House,reception and party,MKB_Photography-Northern-ireland-wedding-photography-northern-ireland-wedding-photographer-crover-house-hotel-cavan-wedding-photography-Full res-362_500.webp,,,,,,,,,,,crover house|wedding reception|wedding speeches|bride laughing|groom speech|guest reactions|indoor reception|black and white|candid moment|warm lighting|joyful mood|party guests,MKB000381
Darver castle,ceremony,MKB_weddings_Ireland_Northen_ireland_Wedding-wedding-photographer_darver-castle_Wedding_Photography-137_500.webp,,,,,,,,,,,darver castle|ceremony|bride and groom|first kiss|wedding vows|indoor ceremony|floral decor|warm lighting|guests|romantic|joyful|aisle flowers,MKB000382
Darver castle,ceremony,MKB_weddings_Ireland_Northen_ireland_Wedding-wedding-photographer_darver-castle_Wedding_Photography-160_500.webp,,,,,,,,,,,darver castle|wedding ceremony|bride and groom|indoor ceremony|wedding guests|natural light|floral decor|chandelier|joyful moment|vows|ireland wedding|castle wedding,MKB000383
Darver castle,ceremony,MKB_weddings_Ireland_Northen_ireland_Wedding-wedding-photographer_darver-castle_Wedding_Photography-173_500.webp,,,,,,,,,,,darver castle|ceremony|ring exchange|wedding rings|bride and groom|hands close up|black and white|emotional moment|intimate|soft light|wedding vows,MKB000384
Darver castle,ceremony,MKB_weddings_Ireland_Northen_ireland_Wedding-wedding-photographer_darver-castle_Wedding_Photography-179_500.webp,,,,,,,,,,,darver castle|ceremony|bride and groom|indoor ceremony|floral arch|candlelight|warm lighting|romantic|intimate moment|wedding vows|elegant wedding|ireland wedding,MKB000385
Darver castle,ceremony,mkb-weddings-northern-ireland-wedding-photographer-ni-wedding-photography-darver-castle-wedding-photography-255_500.webp,,,,,,,,,,,darver castle|ceremony|bride entrance|walking down aisle|bride|father of bride|wedding guests|floral decor|indoor ceremony|natural light|emotional moment|church aisle,MKB000386
Darver castle,couple portraits,MKB-photography-Northern-Ireland-wedding-photographer-Irish-Wedding-photography-Darver-castle-wedding-photography-Full res-586_500.webp,creative-flash,,,,,,,,,,darver castle|couple portraits|bride and groom|night portrait|rain|backlit|romantic|kiss|castle gates|dramatic lighting|wedding portraits|irish wedding,MKB000387
Darver castle,couple portraits,MKB_weddings_Ireland_Northen_ireland_Wedding-wedding-photographer_darver-castle_Wedding_Photography-324_500.webp,,,,,,,,,,,darver castle|couple portraits|bride and groom|outdoor portraits|golden hour|sunlit field|romantic|countryside wedding|wedding bouquet|intimate moment|natural light|ireland wedding,MKB000388
Darver castle,couple portraits,MKB_weddings_Ireland_Northen_ireland_Wedding-wedding-photographer_darver-castle_Wedding_Photography-336_500.webp,,,,,,,,,,,darver castle|couple portraits|bride and groom|outdoor portrait|golden hour|romantic|intimate moment|wedding bouquet|candid embrace|irish wedding|sunlit|wedding day,MKB000389
Darver castle,couple portraits,MKB_weddings_Ireland_Northen_ireland_Wedding-wedding-photographer_darver-castle_Wedding_Photography-462_500.webp,creative-flash,,,,,,,,,,darver castle|couple portrait|bride and groom|stone archway|castle gates|black and white|soft light|romantic|elegant|wedding portraits|outdoor portrait|irish wedding,MKB000390
Darver castle,couple portraits,mkb-weddings-northern-ireland-wedding-photographer-ni-wedding-photography-darver-castle-wedding-photography-104_500.webp,,,,,,,,,,,darver castle|couple portraits|bride and groom|field portraits|outdoor wedding|golden hour|natural light|romantic|walking together|holding hands|bridal bouquet|summer wedding,MKB000391
Darver castle,couple portraits,mkb-weddings-northern-ireland-wedding-photographer-ni-wedding-photography-darver-castle-wedding-photography-121_500.webp,,,,,,,,,,,darver castle|couple portraits|bride and groom|walking together|field|golden hour|backlit|romantic|outdoor wedding|hand in hand|summer wedding|wedding portraits,MKB000392
Darver castle,couple portraits,mkb-weddings-northern-ireland-wedding-photographer-ni-wedding-photography-darver-castle-wedding-photography-125_500.webp,,,,,,,,,,,darver castle|couple portraits|bride and groom|outdoor portraits|summer wedding|golden hour|sunlit field|romantic|relaxed|wedding bouquet|candid moment|countryside,MKB000393
Darver castle,couple portraits,mkb-weddings-northern-ireland-wedding-photographer-ni-wedding-photography-darver-castle-wedding-photography-131_500.webp,,,,,,,,,,,darver castle|couple portraits|bride and groom|wedding portrait|field|golden hour|natural light|romantic|joyful|bouquet|outdoor wedding|candid moment,MKB000394
Darver castle,couple portraits,mkb-weddings-northern-ireland-wedding-photographer-ni-wedding-photography-darver-castle-wedding-photography-139-1_500.webp,,,,,,,,,,,darver castle|couple portraits|bride and groom|outdoor portrait|golden light|romantic|intimate embrace|wedding dress|veil|close up|sunlit|wedding day,MKB000395
Darver castle,couple portraits,mkb-weddings-northern-ireland-wedding-photographer-ni-wedding-photography-darver-castle-wedding-photography-142_500.webp,,,,,,,,,,,darver castle|couple portraits|bride and groom|outdoor portrait|sunlit|romantic|intimate|wedding day|garden path|veil|summer wedding|happy couple,MKB000396
Darver castle,couple portraits,mkb-weddings-northern-ireland-wedding-photographer-ni-wedding-photography-darver-castle-wedding-photography-154_500.webp,,,,,,,,,,,darver castle|couple portraits|bride and groom|castle archway|outdoor portrait|golden light|romantic|joyful|holding hands|wedding dress|groom suit|wedding day,MKB000397
Darver castle,couple portraits,mkb-weddings-northern-ireland-wedding-photographer-ni-wedding-photography-darver-castle-wedding-photography-162_500.webp,,,,,,,,,,,darver castle|couple portraits|bride and groom|stone archway|outdoor portrait|natural light|backlit|romantic|elegant|wedding day|castle wedding|northern ireland wedding,MKB000398
Darver castle,couple portraits,mkb-weddings-northern-ireland-wedding-photographer-ni-wedding-photography-darver-castle-wedding-photography-178_500.webp,,,,,,,,,,,darver castle|couple portraits|bride and groom|outdoor portraits|golden hour|tree framed|romantic|intimate moment|wedding dress|black tie|soft light|castle wedding,MKB000399
Darver castle,couple portraits,mkb-weddings-northern-ireland-wedding-photographer-ni-wedding-photography-darver-castle-wedding-photography-443_500.webp,,,,,,,,,,,darver castle|bridal portrait|bride|floral arch|wedding bouquet|castle doorway|natural light|romantic|elegant|wedding dress|solo portrait|couple portraits,MKB000400
Darver castle,details and decor,mkb-weddings-northern-ireland-wedding-photographer-ni-wedding-photography-darver-castle-wedding-photography-128_500.webp,,,,,,,,,,,darver castle|reception decor|wedding breakfast|table settings|floral arch|wedding cake|neon sign|fairy lights|chandelier lighting|rustic decor|romantic mood|no people,MKB000401
Darver castle,family and bridal party,MKB_weddings_Ireland_Northen_ireland_Wedding-wedding-photographer_darver-castle_Wedding_Photography-316_500.webp,,,,,,,,,,,darver castle|bride|bridesmaids|bridal party|outdoor portrait|garden path|bouquets|soft sunlight|summer wedding|elegant|joyful|pre ceremony,MKB000402
Darver castle,family and bridal party,mkb-weddings-northern-ireland-wedding-photographer-ni-wedding-photography-darver-castle-wedding-photography-147_500.webp,,,,,,,,,,,darver castle|outdoor wedding|bride and groom|bridal party|sunny light|golden hour|celebration|joyful|candid moment|wedding portraits|castle gardens|confetti exit,MKB000403
Darver castle,family and bridal party,mkb-weddings-northern-ireland-wedding-photographer-ni-wedding-photography-darver-castle-wedding-photography-234_500.webp,,,,,,,,,,,darver castle|bridal party|bride|bridesmaids|floral arch|castle doorway|bouquets|green dresses|natural light|joyful|wedding portraits|family and bridal party,MKB000404
Darver castle,getting ready,MKB_weddings_Ireland_Northen_ireland_Wedding-wedding-photographer_darver-castle_Wedding_Photography-2_500.webp,,,,,,,,,,,darver castle|getting ready|bride|bridal makeup|makeup artist|close up|soft light|natural light|happy|elegant|morning prep|wedding morning,MKB000405
Darver castle,getting ready,MKB_weddings_Ireland_Northen_ireland_Wedding-wedding-photographer_darver-castle_Wedding_Photography-20_500.webp,,,,,,,,,,,darver castle|getting ready|groom prep|adjusting tie|mirror portrait|groom|indoor|window light|moody|candid|wedding morning|formalwear,MKB000406
Darver castle,getting ready,MKB_weddings_Ireland_Northen_ireland_Wedding-wedding-photographer_darver-castle_Wedding_Photography-26_500.webp,,,,,,,,,,,getting ready|groom party|groomsmen|bar scene|darver castle|indoor|warm lighting|candid|relaxed mood|wedding toast|black tie|pre ceremony,MKB000407
Darver castle,getting ready,MKB_weddings_Ireland_Northen_ireland_Wedding-wedding-photographer_darver-castle_Wedding_Photography-58_500.webp,,,,,,,,,,,darver castle|getting ready|bride|bridesmaids|bridal robes|champagne toast|outdoor|natural light|candid|joyful|morning prep|wedding party,MKB000408
Darver castle,getting ready,MKB_weddings_Ireland_Northen_ireland_Wedding-wedding-photographer_darver-castle_Wedding_Photography-80_500.webp,,,,,,,,,,,darver castle|getting ready|bride|wedding dress|bridal portrait|mirror reflection|natural light|soft light|elegant|calm moment|indoor|bridal prep,MKB000409
Darver castle,getting ready,mkb-weddings-northern-ireland-wedding-photographer-ni-wedding-photography-darver-castle-wedding-photography-100_500.webp,,,,,,,,,,,darver castle|getting ready|bridesmaids|bride tribe|outdoor garden|champagne spray|matching pajamas|sunny light|fun moments|candid laughter|wedding morning|celebration,MKB000410
Darver castle,getting ready,mkb-weddings-northern-ireland-wedding-photographer-ni-wedding-photography-darver-castle-wedding-photography-123_500.webp,,,,,,,,,,,darver castle|getting ready|groom prep|groom|bow tie|mirror reflection|indoor|natural light|elegant|calm|wedding morning|black tuxedo,MKB000411
Darver castle,getting ready,mkb-weddings-northern-ireland-wedding-photographer-ni-wedding-photography-darver-castle-wedding-photography-139_500.webp,,,,,,,,,,,darver castle|getting ready|bride|bridal prep|champagne|bridal pajamas|celebration|indoor|natural light|joyful|wedding morning|candid,MKB000412
Darver castle,reception and party,MKB_weddings_Ireland_Northen_ireland_Wedding-wedding-photographer_darver-castle_Wedding_Photography-484_500.webp,,,,,,,,,,,darver castle|reception|first dance|bride and groom|wedding guests|dance floor|warm lighting|dramatic flash|romantic mood|evening celebration|party|castle wedding,MKB000413
Darver castle,reception and party,mkb-weddings-northern-ireland-wedding-photographer-ni-wedding-photography-darver-castle-wedding-photography-189_500.webp,,,,,,,,,,,darver castle|wedding reception|dance floor|party dancing|female guests|dj lighting|warm lights|celebration|fun moments|night reception|candid photo|wedding party,MKB000414
Darver castle,reception and party,mkb-weddings-northern-ireland-wedding-photographer-ni-wedding-photography-darver-castle-wedding-photography-310_500.webp,,,,,,,,,,,darver castle|wedding reception|dance floor|bride dancing|wedding guests|party|confetti|indoor reception|warm lighting|joyful mood|evening celebration|candid moment,MKB000415
Darver castle,reception and party,mkb-weddings-northern-ireland-wedding-photographer-ni-wedding-photography-darver-castle-wedding-photography-315_500.webp,,,,,,,,,,,darver castle|wedding reception|first dance|bride and groom|dance floor|party guests|fairy lights|warm lighting|celebration|joyful|evening reception|wedding party,MKB000416
Dunadry,ceremony,mkb-weddings-mkb-photography-northern-ireland-wedding-photographer-dunadry-hotel-belfast-photography-222_500.webp,,,,,,,,,,,ceremony|dunadry|bride and groom|page boy|wedding guests|indoor ceremony|warm lighting|romantic mood|ceremony table|floral decor|wedding vows|northern ireland wedding,MKB000417
Dunadry,ceremony,mkb-weddings-mkb-photography-northern-ireland-wedding-photographer-dunadry-hotel-belfast-photography-299_500.webp,,,,,,,,,,,dunadry wedding|ceremony|first kiss|bride and groom|wedding guests|bridesmaids|indoor ceremony|black and white|natural light|joyful moment|romantic|northern ireland wedding,MKB000418
Dunadry,couple portraits,mkb-weddings-mkb-photography-northern-ireland-wedding-photographer-dunadry-hotel-belfast-photography-373_500.webp,,,,,,,,,,,dunadry|couple portraits|bride and groom|outdoor portraits|garden setting|stone wall|natural light|romantic|joyful|wedding dress|bridal bouquet|wedding day,MKB000419
Dunadry,couple portraits,mkb-weddings-mkb-photography-northern-ireland-wedding-photographer-dunadry-hotel-belfast-photography-367_500.webp,,,,,,,,,,,dunadry|couple portraits|bride and groom|autumn foliage|garden portrait|stone wall|natural light|romantic|intimate moment|wedding bouquet|outdoor wedding|classic elegance,MKB000420
Dunadry,couple portraits,mkb-weddings-mkb-photography-northern-ireland-wedding-photographer-dunadry-hotel-belfast-photography-374_500.webp,,,,,,,,,,,dunadry wedding|couple portraits|bride and groom|holding hands|wedding bouquet|outdoor portraits|evening light|flash photography|romantic mood|autumn foliage|black tie wedding|newlywed portraits,MKB000421
Dunadry,couple portraits,mkb-weddings-mkb-photography-northern-ireland-wedding-photographer-dunadry-hotel-belfast-photography-388_500.webp,creative-flash,,,,,,,,,,dunadry|couple portraits|bride and groom|vintage campervan|wedding car|candid laughter|romantic|natural light|joyful mood|wedding transport|northern ireland wedding|fun portrait,MKB000422
Dunadry,couple portraits,mkb-weddings-mkb-photography-northern-ireland-wedding-photographer-dunadry-hotel-belfast-photography-392_500.webp,,,,,,,,,,,dunadry|couple portraits|bride and groom|wedding car|vintage car|vw camper|through windshield|natural light|joyful|candid|wedding transport|romantic portrait,MKB000423
Dunadry,couple portraits,mkb-weddings-mkb-photography-northern-ireland-wedding-photographer-dunadry-hotel-belfast-photography-488_500.webp,,,,,,,,,,,dunadry|couple portraits|bride and groom|wedding kiss|bar portrait|indoor wedding|warm lighting|romantic|whiskey cellar|evening reception|candid moment|wedding day,MKB000424
Dunadry,details and decor,mkb-weddings-mkb-photography-northern-ireland-wedding-photographer-dunadry-hotel-belfast-photography-465_500.webp,,,,,,,,,,,wedding decor|reception table|table setting|floral centerpiece|neon sign|soft lighting|elegant details|romantic mood|place settings|wedding reception|dunadry wedding|no people,MKB000425
Dunadry,family and bridal party,mkb-weddings-mkb-photography-northern-ireland-wedding-photographer-dunadry-hotel-belfast-photography-421_500.webp,,,,,,,,,,,dunadry wedding|bridal party|family portraits|smoke bombs|outdoor wedding|gazebo|bride and groom|groomsmen|bridesmaids|dramatic|celebration|daylight,MKB000426
Dunadry,family and bridal party,mkb-weddings-mkb-photography-northern-ireland-wedding-photographer-dunadry-hotel-belfast-photography-451_500.webp,,,,,,,,,,,dunadry|bridal party|bride|bridesmaids|groomsmen|family|outdoor|stone building|overcast light|candid|joyful|wedding walk,MKB000427
Dunadry,getting ready,mkb-weddings-mkb-photography-northern-ireland-wedding-photographer-dunadry-hotel-belfast-photography-103_500.webp,,,,,,,,,,,wedding dress|bridal prep|getting ready|dress details|window light|black and white|soft light|elegant|quiet moment|dunadry wedding,MKB000428
Dunadry,getting ready,mkb-weddings-mkb-photography-northern-ireland-wedding-photographer-dunadry-hotel-belfast-photography-105_500.webp,,,,,,,,,,,dunadry|getting ready|bridal details|wedding flat lay|green shoes|wedding stationery|bridal jewellery|wedding bouquet|emerald accents|soft natural light|elegant mood|morning preparations,MKB000429
Dunadry,getting ready,mkb-weddings-mkb-photography-northern-ireland-wedding-photographer-dunadry-hotel-belfast-photography-115_500.webp,,,,,,,,,,,dunadry|getting ready|bridesmaid dresses|green dresses|dress details|bridal party|indoor light|soft mood|wedding morning|hanging dresses,MKB000430
Dunadry,getting ready,mkb-weddings-mkb-photography-northern-ireland-wedding-photographer-dunadry-hotel-belfast-photography-127_500.webp,,,,,,,,,,,dunadry|getting ready|bridal prep|bride|hairstylist|hair styling|indoor|mirror reflection|warm light|candid|calm mood|wedding morning,MKB000431
Dunadry,getting ready,mkb-weddings-mkb-photography-northern-ireland-wedding-photographer-dunadry-hotel-belfast-photography-130_500.webp,,,,,,,,,,,dunadry|getting ready|bridal prep|groom prep|makeup artist|hair styling|indoor|warm light|ring light|candid|relaxed|wedding morning,MKB000432
Dunadry,getting ready,mkb-weddings-mkb-photography-northern-ireland-wedding-photographer-dunadry-hotel-belfast-photography-140_500.webp,,,,,,,,,,,dunadry|getting ready|bride prep|earrings|mirror reflection|bridal robe|natural light|soft light|calm moment|wedding morning|indoor portrait|bridal details,MKB000433
Dunadry,getting ready,mkb-weddings-mkb-photography-northern-ireland-wedding-photographer-dunadry-hotel-belfast-photography-166_500.webp,,,,,,,,,,,dunadry wedding|getting ready|bridal party|champagne toast|wedding morning|bridesmaid robes|slipper details|candid moment|celebration|soft light|fun mood|detail photo,MKB000434
Dunadry,getting ready,mkb-weddings-mkb-photography-northern-ireland-wedding-photographer-dunadry-hotel-belfast-photography-170_500.webp,,,,,,,,,,,dunadry|getting ready|bride|bridal pyjamas|outdoor portrait|autumn foliage|natural light|relaxed mood|morning prep|wedding morning|garden setting,MKB000435
Dunadry,getting ready,mkb-weddings-mkb-photography-northern-ireland-wedding-photographer-dunadry-hotel-belfast-photography-183_500.webp,,,,,,,,,,,dunadry|getting ready|bride|father of bride|staircase|indoor|soft light|emotional|first look|wedding dress|bridal prep|candid,MKB000436
Dunadry,getting ready,mkb-weddings-mkb-photography-northern-ireland-wedding-photographer-dunadry-hotel-belfast-photography-196_500.webp,,,,,,,,,,,dunadry|getting ready|bridesmaids|green dresses|bouquets|indoor portrait|warm lighting|wedding party|bridal prep|autumn decor|joyful mood|group photo,MKB000437
Dunadry,reception and party,mkb-weddings-mkb-photography-northern-ireland-wedding-photographer-dunadry-hotel-belfast-photography-530_500.webp,,,,,,,,,,,dunadry wedding|reception|party|bride|guests|dancing|candid|indoor|warm lighting|joyful|celebration|wedding reception,MKB000438
Dunadry,reception and party,mkb-weddings-mkb-photography-northern-ireland-wedding-photographer-dunadry-hotel-belfast-photography-538_500.webp,,,,,,,,,,,dunadry|wedding reception|speeches|top table|groom speech|wedding guests|indoor reception|flash lighting|candid moment|joyful atmosphere|floral decor|evening celebration,MKB000439
Edenmore,ceremony,mkb-weddings-mkb-photography-northern-ireland-wedding-photography-edenmore-house-moira-wedding-photography--245_500.webp,,,,,,,,,,,edenmore|ceremony|bride and groom|church ceremony|aisle exit|stained glass|black and white|candid moment|joyful|natural light|wedding recessional|romantic,MKB000440
Edenmore,ceremony,mkb-weddings-mkb-photography-northern-ireland-wedding-photography-edenmore-house-moira-wedding-photography--287_500.webp,,,,,,,,,,,edenmore|ceremony|church ceremony|bride and groom|altar|wedding guests|applause|indoor|natural light|joyful|candid|wedding celebration,MKB000441
Edenmore,ceremony,mkb-weddings-mkb-photography-northern-ireland-wedding-photography-edenmore-house-moira-wedding-photography--333_500.webp,,,,,,,,,,,edenmore|ceremony|bride and groom|wedding kiss|indoor ceremony|seated couple|romantic|joyful|soft light|guests|wedding dress|groom suit,MKB000442
Edenmore,ceremony,mkb-weddings-mkb-photography-northern-ireland-wedding-photography-edenmore-house-moira-wedding-photography--341_500.webp,,,,,,,,,,,ceremony|church wedding|bride and groom|altar|wedding vows|priest|indoor light|romantic|formal|lace dress|wedding train|edenmore,MKB000443
Edenmore,ceremony,mkb-weddings-mkb-photography-northern-ireland-wedding-photography-edenmore-house-moira-wedding-photography--357_500.webp,,,,,,,,,,,ceremony|church ceremony|newlyweds|first kiss|aisle kiss|wedding guests|applause|stained glass|natural light|joyful|edenmore|northern ireland,MKB000444
Edenmore,couple portraits,MKB-weddings-mkb-photography-northern-ireland-wedding-photographer-edenmore-house-moira-wedding-photography2_500.webp,,,,,,,,,,,edenmore|couple portraits|bride and groom|outdoor portraits|garden lawn|tree backdrop|soft daylight|cloudy sky|romantic|elegant|wedding dress|wedding bouquet,MKB000445
Edenmore,couple portraits,MKB-weddings-mkb-photography-northern-ireland-wedding-photographer-edenmore-house-moira-wedding-photography3_500.webp,,,,,,,,,,,edenmore|couple portraits|bride and groom|woodland|outdoor wedding|soft light|romantic|wedding bouquet|bridal veil|formal portrait|natural setting|wedding day,MKB000446
Edenmore,couple portraits,MKB-weddings-mkb-photography-northern-ireland-wedding-photographer-edenmore-house-moira-wedding-photography4_500.webp,,,,,,,,,,,edenmore|couple portraits|bride and groom|outdoor portrait|sunset|silhouette|dramatic sky|romantic|evening light|wedding dress|tree backdrop|newlyweds,MKB000447
Edenmore,couple portraits,mkb-weddings-mkb-photography-northern-ireland-wedding-photography-edenmore-house-moira-wedding-photography--406_500.webp,,,,,,,,,,,edenmore|couple portraits|bride and groom|church interior|aisle portrait|romantic kiss|black and white|soft light|intimate moment|wedding dress|wedding bouquet|romantic mood,MKB000448
Edenmore,couple portraits,mkb-weddings-mkb-photography-northern-ireland-wedding-photography-edenmore-house-moira-wedding-photography--410_500.webp,,,,,,,,,,,edenmore|couple portraits|bride and groom|doorway portrait|stone archway|natural light|romantic|elegant|wedding bouquet|newlyweds|wedding day|northern ireland wedding,MKB000449
Edenmore,couple portraits,mkb-weddings-mkb-photography-northern-ireland-wedding-photography-edenmore-house-moira-wedding-photography--417_500.webp,,,,,,,,,,,edenmore|couple portraits|bride and groom|wedding car|car portrait|soft light|romantic|candid smile|intimate moment|wedding day|northern ireland wedding|moira wedding,MKB000450
Edenmore,couple portraits,mkb-weddings-mkb-photography-northern-ireland-wedding-photography-edenmore-house-moira-wedding-photography--437_500.webp,,,,,,,,,,,edenmore|couple portraits|bride and groom|outdoor wedding|vintage cars|vw camper|overcast light|romantic|relaxed|wedding portraits|rainy day|classic car backdrop,MKB000451
Edenmore,couple portraits,mkb-weddings-mkb-photography-northern-ireland-wedding-photography-edenmore-house-moira-wedding-photography--444_500.webp,,,,,,,,,,,couple portraits|bride and groom|wedding kiss|car reflection|vintage car|red car|romantic|intimate moment|soft light|creative portrait|edenmore|wedding photography,MKB000452
Edenmore,couple portraits,mkb-weddings-mkb-photography-northern-ireland-wedding-photography-edenmore-house-moira-wedding-photography--449_500.webp,,,,,,,,,,,edenmore|couple portraits|bride and groom|outdoor wedding|garden lawn|tree framed|natural light|romantic|elegant|quiet moment|wedding portraits|northern ireland wedding,MKB000453
Edenmore,couple portraits,mkb-weddings-mkb-photography-northern-ireland-wedding-photography-edenmore-house-moira-wedding-photography--453_500.webp,,,,,,,,,,,edenmore|couple portraits|bride and groom|outdoor portraits|green lawn|natural light|romantic|playful moment|wedding dress|groom suit|tree backdrop|wedding portraits,MKB000454
Edenmore,couple portraits,mkb-weddings-mkb-photography-northern-ireland-wedding-photography-edenmore-house-moira-wedding-photography--621_500.webp,creative-flash,,,,,,,,,,edenmore|couple portraits|bride and groom|outdoor wedding|umbrella portrait|dramatic sky|soft light|romantic mood|estate gardens|wedding dress|groom attire|rainy wedding,MKB000455
Edenmore,couple portraits,mkb-weddings-mkb-photography-northern-ireland-wedding-photography-edenmore-house-moira-wedding-photography--625_500.webp,creative-flash,,,,,,,,,,edenmore|couple portraits|bride and groom|outdoor wedding|tree-lined grounds|overcast light|romantic|intimate moment|wedding dress|groom suit|kiss|northern ireland wedding,MKB000456
Edenmore,couple portraits,mkb-weddings-mkb-photography-northern-ireland-wedding-photography-edenmore-house-moira-wedding-photography--627_500.webp,creative-flash,,,,,,,,,,edenmore|couple portraits|bride and groom|outdoor portraits|wedding lawn|dramatic sky|soft light|romantic mood|elegant wedding|posed portrait|northern ireland wedding,MKB000457
Edenmore,details and decor,mkb-weddings-mkb-photography-northern-ireland-wedding-photography-edenmore-house-moira-wedding-photography--103_500.webp,,,,,,,,,,,wedding dress|bridal gown|dress hanging|edenmore|wedding details|indoor decor|black and white|moody lighting|chandelier|bridal preparation|romantic mood|detail shot,MKB000458
Edenmore,details and decor,mkb-weddings-mkb-photography-northern-ireland-wedding-photography-edenmore-house-moira-wedding-photography--107_500.webp,,,,,,,,,,,edenmore|wedding dresses|bridal gown|bridesmaid dresses|flower girl dress|getting ready|dress details|indoor decor|soft light|romantic mood|wedding morning|bridal suite,MKB000459
Edenmore,details and decor,mkb-weddings-mkb-photography-northern-ireland-wedding-photography-edenmore-house-moira-wedding-photography--483_500.webp,,,,,,,,,,,wedding cake|floral cake|cake topper|pink roses|cream cake|reception details|wedding reception|details decor|soft light|romantic decor|edenmore|wedding dessert,MKB000460
Edenmore,details and decor,mkb-weddings-mkb-photography-northern-ireland-wedding-photography-edenmore-house-moira-wedding-photography--490_500.webp,,,,,,,,,,,wedding cake|cake details|floral cake|book decor|reception decor|wedding details|no people|soft light|romantic|elegant|edenmore|detail shot,MKB000461
Edenmore,details and decor,mkb-weddings-mkb-photography-northern-ireland-wedding-photography-edenmore-house-moira-wedding-photography--493_500.webp,,,,,,,,,,,edenmore|wedding decor|reception details|table setting|floral decor|chair flowers|soft lighting|romantic mood|wedding breakfast|glassware|white linens|reception styling,MKB000462
Edenmore,family and bridal party,mkb-weddings-mkb-photography-northern-ireland-wedding-photography-edenmore-house-moira-wedding-photography--386_500.webp,,,,,,,,,,,family portraits|church ceremony|altar steps|bride and groom|parents|formal group|stained glass|dramatic lighting|classic wedding|joyful mood|post ceremony|bridal party,MKB000463
Edenmore,family and bridal party,mkb-weddings-mkb-photography-northern-ireland-wedding-photography-edenmore-house-moira-wedding-photography--394_500.webp,,,,,,,,,,,edenmore|bridal party|group portrait|bride and groom|bridesmaids|groomsmen|church interior|stained glass|formal portraits|soft window light|elegant|wedding party,MKB000464
Edenmore,family and bridal party,mkb-weddings-mkb-photography-northern-ireland-wedding-photography-edenmore-house-moira-wedding-photography--396_500.webp,,,,,,,,,,,edenmore wedding|bridal party|family portraits|church interior|bride and groom|bridesmaids|groomsmen|stained glass|soft window light|joyful|formal portraits|wedding ceremony,MKB000465
Edenmore,family and bridal party,mkb-weddings-mkb-photography-northern-ireland-wedding-photography-edenmore-house-moira-wedding-photography--514_500.webp,,,,,,,,,,,edenmore|bridal party|family portraits|bride|bridesmaids|outdoor|garden|daylight|posed group|bouquets|joyful|wedding portraits,MKB000466
Edenmore,getting ready,MKB-weddings-mkb-photography-northern-ireland-wedding-photographer-edenmore-house-moira-wedding-photography1_500.webp,,,,,,,,,,,edenmore|getting ready|bridal prep|bride|hair styling|morning preparations|indoor|natural light|candid|calm|wedding morning,MKB000467
Edenmore,getting ready,mkb-weddings-mkb-photography-northern-ireland-wedding-photography-edenmore-house-moira-wedding-photography--108_500.webp,,,,,,,,,,,edenmore|getting ready|bridal prep|bride|makeup|lipstick|makeup artist|natural light|soft portrait|calm|morning preparations|wedding morning,MKB000468
Edenmore,getting ready,mkb-weddings-mkb-photography-northern-ireland-wedding-photography-edenmore-house-moira-wedding-photography--121_500.webp,,,,,,,,,,,edenmore|getting ready|groom prep|page boy|wedding morning|buttoning waistcoat|indoor|natural light|candid|tender moment|family|northern ireland wedding,MKB000469
Edenmore,getting ready,mkb-weddings-mkb-photography-northern-ireland-wedding-photography-edenmore-house-moira-wedding-photography--146_500.webp,,,,,,,,,,,edenmore|getting ready|bride|bridesmaids|bridal party|pajamas|champagne toast|morning preparations|indoor|natural light|joyful|wedding morning,MKB000470
Edenmore,getting ready,mkb-weddings-mkb-photography-northern-ireland-wedding-photography-edenmore-house-moira-wedding-photography--162_500.webp,,,,,,,,,,,edenmore|getting ready|bridesmaids|pajamas|black and white|dance party|candid|fun|indoor|low light|morning preparations|wedding morning,MKB000471
Edenmore,getting ready,mkb-weddings-mkb-photography-northern-ireland-wedding-photography-edenmore-house-moira-wedding-photography--183_500.webp,,,,,,,,,,,edenmore|getting ready|bride|mirror portrait|wedding dress|bridal prep|soft light|intimate|elegant|reflective moment|indoor|ornate mirror,MKB000472
Edenmore,getting ready,mkb-weddings-mkb-photography-northern-ireland-wedding-photography-edenmore-house-moira-wedding-photography--198_500.webp,,,,,,,,,,,edenmore|getting ready|bride|bridesmaids|wedding party|bouquets|campervan|soft light|joyful|relaxed|pre ceremony|bridal prep,MKB000473
Edenmore,reception and party,mkb-weddings-mkb-photography-northern-ireland-wedding-photography-edenmore-house-moira-wedding-photography--497_500.webp,,,,,,,,,,,edenmore|wedding reception|bride and groom|guest applause|celebration|indoor venue|black and white|candid moment|party atmosphere|cheering guests|reception entrance|documentary photography,MKB000474
Edenmore,reception and party,mkb-weddings-mkb-photography-northern-ireland-wedding-photography-edenmore-house-moira-wedding-photography--538_500.webp,,,,,,,,,,,edenmore|reception|bride and groom|grand entrance|wedding party|cheering guests|indoor reception|soft lighting|celebration|joyful|bouquet|party,MKB000475
Edenmore,reception and party,mkb-weddings-mkb-photography-northern-ireland-wedding-photography-edenmore-house-moira-wedding-photography--549_500.webp,,,,,,,,,,,edenmore|wedding reception|speeches|top table|bride and groom|emotional speech|wedding guests|floral decor|soft natural light|joyful mood|candid moment|reception party,MKB000476
Edenmore,reception and party,mkb-weddings-mkb-photography-northern-ireland-wedding-photography-edenmore-house-moira-wedding-photography--566_500.webp,,,,,,,,,,,edenmore|wedding reception|speech|top table|groom speech|bride and groom|wedding party|floral decor|bright light|joyful|candid|northern ireland wedding,MKB000477
Edenmore,reception and party,mkb-weddings-mkb-photography-northern-ireland-wedding-photography-edenmore-house-moira-wedding-photography--597_500.webp,,,,,,,,,,,edenmore|wedding reception|top table|bride|groom|emotional hug|speeches|floral decor|soft light|candid moment|joyful|family moment,MKB000478
Edenmore,reception and party,mkb-weddings-mkb-photography-northern-ireland-wedding-photography-edenmore-house-moira-wedding-photography--645_500.webp,,,,,,,,,,,edenmore|reception|first dance|bride and groom|dance floor|wedding guests|indoor wedding|romantic|joyful|spotlight|evening party|northern ireland wedding,MKB000479
Edenmore,reception and party,mkb-weddings-mkb-photography-northern-ireland-wedding-photography-edenmore-house-moira-wedding-photography--648_500.webp,,,,,,,,,,,edenmore|wedding reception|first dance|bride and groom|dance floor|indoor reception|guest watching|romantic moment|backlit|evening party|celebration|northern ireland wedding,MKB000480
Edenmore,reception and party,mkb-weddings-mkb-photography-northern-ireland-wedding-photography-edenmore-house-moira-wedding-photography--659_500.webp,,,,,,,,,,,edenmore|reception|first dance|bride and groom|dance floor|wedding kiss|romantic|black and white|indoor|guests watching|party|evening,MKB000481
Edenmore,reception and party,mkb-weddings-mkb-photography-northern-ireland-wedding-photography-edenmore-house-moira-wedding-photography--678_500.webp,,,,,,,,,,,edenmore|reception|dance floor|group hug|wedding party|bride|groom|guests|indoor lighting|celebration|joyful|party moment,MKB000482
Edenmore,reception and party,mkb-weddings-mkb-photography-northern-ireland-wedding-photography-edenmore-house-moira-wedding-photography--691_500.webp,,,,,,,,,,,edenmore|reception|wedding party|bride|guests|dance floor|clapping|celebration|indoor|flash lighting|joyful|party moment,MKB000483
Farnham,ceremony,"mkb-weddings-mkb-photography-irish-wedding-photographer-farnha,m-estate-wedding-photography-156_500.webp",,,,,,,,,,,farnham wedding|ceremony|bride entrance|aisle walk|indoor ceremony|wedding guests|groom waiting|father of bride|warm lighting|emotional moment|white chairs|bridal bouquet,MKB000484
Farnham,ceremony,"mkb-weddings-mkb-photography-irish-wedding-photographer-farnha,m-estate-wedding-photography-148_500.webp",,,,,,,,,,,farnham wedding|wedding ceremony|indoor ceremony|ceremony aisle|bridesmaid|wedding guests|bouquet|warm lighting|wood panelled room|joyful moment|processional|elegant wedding,MKB000485
Farnham,ceremony,"mkb-weddings-mkb-photography-irish-wedding-photographer-farnha,m-estate-wedding-photography-152_500.webp",,,,,,,,,,,farnham wedding|ceremony|aisle entrance|bride|groom|guests|indoor ceremony|black and white|natural light|emotional|wedding processional|documentary,MKB000486
Farnham,ceremony,"mkb-weddings-mkb-photography-irish-wedding-photographer-farnha,m-estate-wedding-photography-160_500.webp",,,,,,,,,,,ceremony|farnham wedding|bride and groom|register signing|wedding vows|bridal party|guests|floral decor|candlelight|indoor ceremony|joyful mood|documentary photography,MKB000487
Farnham,ceremony,"mkb-weddings-mkb-photography-irish-wedding-photographer-farnha,m-estate-wedding-photography-167_500.webp",,,,,,,,,,,farnham wedding|ceremony|bride and groom|wedding party|indoor ceremony|natural light|romantic|joyful|ceremony table|white florals|candlelight|wedding vows,MKB000488
Farnham,ceremony,"mkb-weddings-mkb-photography-irish-wedding-photographer-farnha,m-estate-wedding-photography-173_500.webp",,,,,,,,,,,farnham wedding|ceremony|bridesmaids|flower girl|bridal party|indoor ceremony|natural light|happy moments|wedding bouquets|emerald dresses|candid laughter|family moments,MKB000489
Farnham,ceremony,"mkb-weddings-mkb-photography-irish-wedding-photographer-farnha,m-estate-wedding-photography-177_500.webp",,,,,,,,,,,farnham wedding|ceremony|bride and groom|candle lighting|black and white|indoor ceremony|wedding guests|emotional moment|altar table|romantic mood|wedding vows,MKB000490
Farnham,ceremony,"mkb-weddings-mkb-photography-irish-wedding-photographer-farnha,m-estate-wedding-photography-188_500.webp",,,,,,,,,,,farnham wedding|ceremony|bride and groom|indoor ceremony|wedding guests|warm lighting|romantic mood|aisle moment|vows|candid wedding|elegant wedding|ceremony room,MKB000491
Farnham,ceremony,"mkb-weddings-mkb-photography-irish-wedding-photographer-farnha,m-estate-wedding-photography-193_500.webp",,,,,,,,,,,ceremony|first kiss|bride and groom|indoor wedding|guest applause|warm lighting|romantic moment|joyful mood|aisle view|farnham wedding,MKB000492
Farnham,ceremony,"mkb-weddings-mkb-photography-irish-wedding-photographer-farnha,m-estate-wedding-photography-194_500.webp",,,,,,,,,,,ceremony|first kiss|bride and groom|indoor wedding|black and white|guest applause|romantic|joyful|candlelight|wedding veil|farnham|aisle moment,MKB000493
Farnham,ceremony,"mkb-weddings-mkb-photography-irish-wedding-photographer-farnha,m-estate-wedding-photography-204_500.webp",,,,,,,,,,,ceremony|bride and groom|flower girl|unity candle|wedding vows|white florals|soft light|romantic|intimate moment|farnham wedding|elegant ceremony|family,MKB000494
Farnham,ceremony,"mkb-weddings-mkb-photography-irish-wedding-photographer-farnha,m-estate-wedding-photography-209_500.webp",,,,,,,,,,,farnham wedding|ceremony|aisle walk|newlyweds|bride and groom|guest applause|indoor ceremony|bright lighting|joyful moment|wedding recessional,MKB000495
Farnham,ceremony,"mkb-weddings-mkb-photography-irish-wedding-photographer-farnha,m-estate-wedding-photography-212_500.webp",,,,,,,,,,,farnham wedding|ceremony|wedding recessional|bride and groom|aisle walk|guest applause|indoor ceremony|warm lighting|joyful moment|elegant decor|newlyweds|candid photography,MKB000496
Farnham,couple portraits,mkb-weddings-mkb-photography-irish-wedding-photographer-farnham-estate-wedding-photography-263_500.webp,,,,,,,,,,,farnham|couple portraits|bride and groom|holding hands|outdoor portrait|natural light|romantic|elegant|wedding dress|groom suit|historic facade|wedding portraits,MKB000497
Farnham,couple portraits,"mkb-weddings-mkb-photography-irish-wedding-photographer-farnha,m-estate-wedding-photography-243_500.webp",,,,,,,,,,,farnham wedding|couple portraits|bride and groom|outdoor portraits|ivy backdrop|soft light|romantic|elegant|wedding dress|groom portrait|newlyweds|estate wedding,MKB000498
Farnham,couple portraits,"mkb-weddings-mkb-photography-irish-wedding-photographer-farnha,m-estate-wedding-photography-244_500.webp",,,,,,,,,,,farnham wedding|couple portraits|bride and groom|newlyweds|outdoor portrait|ivy wall|stone wall|natural light|romantic mood|elegant wedding|bridal veil|wedding portraits,MKB000499
Farnham,couple portraits,"mkb-weddings-mkb-photography-irish-wedding-photographer-farnha,m-estate-wedding-photography-248_500.webp",,,,,,,,,,,farnham|couple portraits|bride and groom|outdoor portraits|estate grounds|holding hands|natural light|romantic|elegant|wedding dress|groom suit|wedding portraits,MKB000500
Farnham,couple portraits,"mkb-weddings-mkb-photography-irish-wedding-photographer-farnha,m-estate-wedding-photography-251_500.webp",,,,,,,,,,,farnham wedding|couple portraits|bride and groom|estate grounds|gazebo|outdoor portraits|soft light|romantic|elegant|walking together|wedding dress|classic wedding,MKB000501
Farnham,couple portraits,"mkb-weddings-mkb-photography-irish-wedding-photographer-farnha,m-estate-wedding-photography-253_500.webp",,,,,,,,,,,couple portraits|bride and groom|outdoor portrait|farnham wedding|estate grounds|romantic kiss|soft light|elegant|wedding dress|groom suit|manor backdrop|romantic moment,MKB000502
Farnham,couple portraits,mkb-weddings-mkb-photography-irish-wedding-photographer-farnham-estate-wedding-photography-254_500.webp,,,,,,,,,,,farnham|couple portraits|bride and groom|estate backdrop|outdoor portrait|soft daylight|romantic|kiss on cheek|wedding dress|groom suit|elegant|wedding day,MKB000503
Farnham,couple portraits,mkb-weddings-mkb-photography-irish-wedding-photographer-farnham-estate-wedding-photography-255_500.webp,,,,,,,,,,,couple portrait|bride and groom|farnham wedding|estate gardens|outdoor portrait|soft daylight|romantic|elegant|wedding dress|groom suit|manor backdrop|newlyweds,MKB000504
Farnham,couple portraits,mkb-weddings-mkb-photography-irish-wedding-photographer-farnham-estate-wedding-photography-257_500.webp,,,,,,,,,,,farnham wedding|couple portraits|bride and groom|gazebo portrait|outdoor wedding|natural light|romantic|elegant|soft daylight|wedding portraits|bridal veil|estate gardens,MKB000505
Farnham,couple portraits,mkb-weddings-mkb-photography-irish-wedding-photographer-farnham-estate-wedding-photography-261_500.webp,,,,,,,,,,,farnham|couple portraits|bride and groom|holding hands|outdoor portraits|estate exterior|natural light|romantic|elegant|relaxed|wedding day|full length,MKB000506
Farnham,couple portraits,mkb-weddings-mkb-photography-irish-wedding-photographer-farnham-estate-wedding-photography-265_500.webp,,,,,,,,,,,farnham|couple portraits|bride and groom|window portrait|indoor wedding|natural light|romantic|intimate moment|wedding kiss|bridal gown|groom suit|elegant wedding,MKB000507
Farnham,couple portraits,mkb-weddings-mkb-photography-irish-wedding-photographer-farnham-estate-wedding-photography-267_500.webp,,,,,,,,,,,farnham|couple portraits|bride and groom|indoor portrait|window light|doorway|natural light|romantic|elegant|wedding dress|groom suit|wedding day,MKB000508
Farnham,couple portraits,mkb-weddings-mkb-photography-irish-wedding-photographer-farnham-estate-wedding-photography-269_500.webp,,,,,,,,,,,couple portraits|wedding couple|bride and groom|indoor portrait|window light|black and white|romantic|intimate moment|backlit|chandelier|farnham wedding|wedding kiss,MKB000509
Farnham,couple portraits,mkb-weddings-mkb-photography-irish-wedding-photographer-farnham-estate-wedding-photography-271_500.webp,,,,,,,,,,,farnham|couple portraits|bride and groom|indoor portrait|soft light|romantic|elegant|wedding day|newlyweds|candid moment|classic style|wall art,MKB000510
Farnham,couple portraits,mkb-weddings-mkb-photography-irish-wedding-photographer-farnham-estate-wedding-photography-272_500.webp,,,,,,,,,,,farnham|couple portraits|bride and groom|indoor portraits|soft light|romantic|elegant|wedding portraits|modern wedding|intimate moment|neutral backdrop|holding hands,MKB000511
Farnham,couple portraits,mkb-weddings-mkb-photography-irish-wedding-photographer-farnham-estate-wedding-photography-320_500.webp,,,,,,,,,,,couple portrait|bride and groom|indoor portrait|bar scene|beer taps|brick wall|flash lighting|fun mood|relaxed couple|wedding reception|farnham wedding|irish wedding,MKB000512
Farnham,couple portraits,mkb-weddings-mkb-photography-irish-wedding-photographer-farnham-estate-wedding-photography-321_500.webp,,,,,,,,,,,couple portrait|bride and groom|wedding kiss|bar scene|beer taps|rustic brick|indoor portrait|soft light|romantic|playful|farnham wedding|candid moment,MKB000513
Farnham,couple portraits,mkb-weddings-mkb-photography-irish-wedding-photographer-farnham-estate-wedding-photography-322_500.webp,,,,,,,,,,,farnham wedding|couple portrait|bride and groom|bar scene|beer taps|exposed brick|indoor portrait|soft lighting|fun moment|relaxed mood|wedding reception|irish wedding,MKB000514
Farnham,couple portraits,mkb-weddings-mkb-photography-irish-wedding-photographer-farnham-estate-wedding-photography-454_500.webp,creative-flash,,,,,,,,,,farnham|couple portraits|bride and groom|night portrait|outdoor garden|backlit|dramatic lighting|romantic|intimate embrace|wedding portraits|evening wedding|tree backdrop,MKB000515
Farnham,couple portraits,mkb-weddings-mkb-photography-irish-wedding-photographer-farnham-estate-wedding-photography-455_500.webp,creative-flash,,,,,,,,,,farnham|couple portraits|bride and groom|gazebo|night portrait|black and white|dramatic lighting|romantic|intimate moment|wedding portraits|outdoor wedding,MKB000516
Farnham,details and decor,"mkb-weddings-mkb-photography-irish-wedding-photographer-farnha,m-estate-wedding-photography-12_500.webp",,,,,,,,,,,bridal shoes|wedding bouquet|bridal details|wedding accessories|floral details|soft light|romantic mood|getting ready|farnham wedding|detail photography,MKB000517
Farnham,details and decor,"mkb-weddings-mkb-photography-irish-wedding-photographer-farnha,m-estate-wedding-photography-16_500.webp",,,,,,,,,,,bridal details|wedding accessories|bridal shoes|wedding bouquet|perfume bottle|gold jewellery|flat lay|soft natural light|romantic details|elegant style|bridal preparation|farnham wedding,MKB000518
Farnham,details and decor,"mkb-weddings-mkb-photography-irish-wedding-photographer-farnha,m-estate-wedding-photography-8_500.webp",,,,,,,,,,,wedding dress|bridal details|dress hanging|farnham wedding|getting ready|wedding morning|soft light|elegant decor|romantic mood|bridal gown|detail photo|indoor scene,MKB000519
Farnham,details and decor,"mkb-weddings-mkb-photography-irish-wedding-photographer-farnha,m-estate-wedding-photography-9_500.webp",,,,,,,,,,,wedding dress|bridal gown|dress details|bridal hanger|wedding details|wooden wardrobe|soft light|warm tones|morning prep|bridal accessories|elegant details|farnham wedding,MKB000520
Farnham,details and decor,mkb-weddings-mkb-photography-irish-wedding-photographer-farnham-estate-wedding-photography-275_500.webp,,,,,,,,,,,wedding details|table setting|place setting|wedding favour|reception decor|farnham wedding|warm lighting|elegant decor|intimate mood|dining table|cutlery|wedding reception,MKB000521
Farnham,details and decor,mkb-weddings-mkb-photography-irish-wedding-photographer-farnham-estate-wedding-photography-276_500.webp,,,,,,,,,,,reception decor|wedding breakfast|table settings|banquet room|christmas decor|warm lighting|elegant reception|farnham wedding|white chairs|festive wedding|empty reception|details and decor,MKB000522
Farnham,family and bridal party,"mkb-weddings-mkb-photography-irish-wedding-photographer-farnha,m-estate-wedding-photography-218_500.webp",,,,,,,,,,,farnham wedding|family portrait|bride and groom|flower girl|parents|bridal party|outdoor portrait|garden backdrop|natural light|formal pose|classic wedding|family photos,MKB000523
Farnham,family and bridal party,"mkb-weddings-mkb-photography-irish-wedding-photographer-farnha,m-estate-wedding-photography-231_500.webp",,,,,,,,,,,farnham wedding|bridal party|bridesmaids|bride and groom|outdoor portraits|natural light|joyful mood|formal group|green dresses|wedding bouquets|garden backdrop|family portraits,MKB000524
Farnham,family and bridal party,"mkb-weddings-mkb-photography-irish-wedding-photographer-farnha,m-estate-wedding-photography-240_500.webp",,,,,,,,,,,farnham wedding|bridal party|bride and groomsmen|group portrait|outdoor wedding|garden backdrop|natural light|formalwear|wedding bouquet|relaxed mood|family photos|wedding party portraits,MKB000525
Farnham,family and bridal party,mkb-weddings-mkb-photography-irish-wedding-photographer-farnham-estate-wedding-photography-295_500.webp,,,,,,,,,,,farnham wedding|family portrait|wedding guests|group photo|reception|evening light|warm lighting|formal attire|smiling|celebration|indoor portrait|wedding moment,MKB000526
Farnham,getting ready,"mkb-weddings-mkb-photography-irish-wedding-photographer-farnha,m-estate-wedding-photography-101_500.webp",,,,,,,,,,,farnham wedding|getting ready|bride portrait|bridal veil|wedding dress|mirror reflection|natural light|calm moment|bridal prep|indoor portrait,MKB000527
Farnham,getting ready,"mkb-weddings-mkb-photography-irish-wedding-photographer-farnha,m-estate-wedding-photography-103_500.webp",,,,,,,,,,,getting ready|bride|wedding dress|veil|staircase|window light|natural light|bridal portrait|soft mood|morning preparations|farnham wedding,MKB000528
Farnham,getting ready,"mkb-weddings-mkb-photography-irish-wedding-photographer-farnha,m-estate-wedding-photography-116_500.webp",,,,,,,,,,,getting ready|bride reveal|bridesmaids|bridal party|window light|emotional moment|teal dresses|farnham wedding|indoor portraits|wedding morning|soft light|friendship,MKB000529
Farnham,getting ready,"mkb-weddings-mkb-photography-irish-wedding-photographer-farnha,m-estate-wedding-photography-29_500.webp",,,,,,,,,,,farnham wedding|getting ready|bride|bridesmaids|bridal party|champagne toast|outdoor courtyard|natural light|joyful moments|morning preparations|wedding robes|candid photography,MKB000530
Farnham,getting ready,"mkb-weddings-mkb-photography-irish-wedding-photographer-farnha,m-estate-wedding-photography-35_500.webp",,,,,,,,,,,farnham|getting ready|bride|bridal robe|champagne|outdoor portrait|natural light|relaxed mood|morning preparations|wedding morning|bridal style|garden setting,MKB000531
Farnham,getting ready,"mkb-weddings-mkb-photography-irish-wedding-photographer-farnha,m-estate-wedding-photography-49_500.webp",,,,,,,,,,,farnham wedding|getting ready|groom portrait|groom prep|wedding suit|formalwear|window light|moody portrait|classic style|black tie|candid portrait|wedding morning,MKB000532
Farnham,getting ready,"mkb-weddings-mkb-photography-irish-wedding-photographer-farnha,m-estate-wedding-photography-50_500.webp",,,,,,,,,,,farnham wedding|getting ready|groom portrait|groom prep|wedding suit|window light|indoor portrait|calm moment|elegant style|natural light|wedding morning,MKB000533
Farnham,getting ready,"mkb-weddings-mkb-photography-irish-wedding-photographer-farnha,m-estate-wedding-photography-52_500.webp",,,,,,,,,,,getting ready|groom|groomsmen|outdoor portraits|farnham wedding|black tie|candid laughter|golden hour|garden lawn|relaxed mood|wedding party|pre ceremony,MKB000534
Farnham,getting ready,"mkb-weddings-mkb-photography-irish-wedding-photographer-farnha,m-estate-wedding-photography-60_500.webp",,,,,,,,,,,groom|groomsmen|getting ready|black tie|wedding party|outdoor portraits|candid laughter|daylight|relaxed mood|farnham wedding|boutonniere|pre ceremony,MKB000535
Farnham,getting ready,"mkb-weddings-mkb-photography-irish-wedding-photographer-farnha,m-estate-wedding-photography-62_500.webp",,,,,,,,,,,farnham wedding|getting ready|groom|groomsmen|black tie|outdoor portraits|estate grounds|soft daylight|candid laughter|relaxed mood|wedding morning|group portrait,MKB000536
Farnham,getting ready,"mkb-weddings-mkb-photography-irish-wedding-photographer-farnha,m-estate-wedding-photography-67_500.webp",,,,,,,,,,,groom portrait|getting ready|outdoor portrait|farnham wedding|wedding suit|buttonhole|natural light|relaxed mood|elegant groom|candid moment|estate grounds|pre ceremony,MKB000537
Farnham,getting ready,"mkb-weddings-mkb-photography-irish-wedding-photographer-farnha,m-estate-wedding-photography-72_500.webp",,,,,,,,,,,getting ready|bride prep|bridal robe|mirror portrait|makeup moment|soft light|calm mood|wedding morning|farnham wedding|indoor portrait,MKB000538
Farnham,getting ready,"mkb-weddings-mkb-photography-irish-wedding-photographer-farnha,m-estate-wedding-photography-80_500.webp",,,,,,,,,,,farnham wedding|getting ready|bride portrait|wedding dress|window light|soft light|bridal prep|quiet moment|elegant mood|indoor portrait|romantic|wedding morning,MKB000539
Farnham,getting ready,"mkb-weddings-mkb-photography-irish-wedding-photographer-farnha,m-estate-wedding-photography-81_500.webp",,,,,,,,,,,getting ready|bride portrait|wedding dress|window light|black and white|soft light|quiet moment|elegant|bridal prep|indoor portrait|farnham wedding,MKB000540
Farnham,getting ready,"mkb-weddings-mkb-photography-irish-wedding-photographer-farnha,m-estate-wedding-photography-91_500.webp",,,,,,,,,,,getting ready|bride|mirror portrait|wedding dress|bridal prep|natural light|quiet moment|elegant|farnham wedding|indoor|reflection,MKB000541
Farnham,getting ready,"mkb-weddings-mkb-photography-irish-wedding-photographer-farnha,m-estate-wedding-photography-95_500.webp",,,,,,,,,,,farnham wedding|getting ready|bridal prep|bride|bridesmaids|wedding dress|dress fitting|mirror portrait|window light|soft mood|indoor scene|wedding morning,MKB000542
Farnham,reception and party,mkb-weddings-mkb-photography-irish-wedding-photographer-farnham-estate-wedding-photography-307_500.webp,,,,,,,,,,,farnham wedding|reception dinner|wedding guests|group portrait|round table|indoor reception|warm lighting|festive decor|christmas tree|happy mood|party moments|candid celebration,MKB000543
Farnham,reception and party,mkb-weddings-mkb-photography-irish-wedding-photographer-farnham-estate-wedding-photography-332_500.webp,,,,,,,,,,,farnham wedding|reception entrance|bride and groom|wedding guests|cheering guests|indoor reception|warm lighting|party atmosphere|joyful moment|evening celebration|wedding cake|candid photography,MKB000544
Farnham,reception and party,mkb-weddings-mkb-photography-irish-wedding-photographer-farnham-estate-wedding-photography-333_500.webp,,,,,,,,,,,farnham wedding|reception|party|bride and groom|guests|dance floor|napkin waving|indoor reception|black and white|candid|celebration|evening light,MKB000545
Farnham,reception and party,mkb-weddings-mkb-photography-irish-wedding-photographer-farnham-estate-wedding-photography-354_500.webp,,,,,,,,,,,farnham wedding|reception|wedding speech|toast|guest reactions|banquet hall|warm lighting|festive decor|candid moments|celebration|evening reception|party atmosphere,MKB000546
Farnham,reception and party,mkb-weddings-mkb-photography-irish-wedding-photographer-farnham-estate-wedding-photography-360_500.webp,,,,,,,,,,,wedding reception|speeches|groom speech|guests applauding|indoor dining|bar backdrop|warm lighting|celebration|candid moment|party atmosphere|farnham wedding|reception tables,MKB000547
Farnham,reception and party,mkb-weddings-mkb-photography-irish-wedding-photographer-farnham-estate-wedding-photography-365_500.webp,,,,,,,,,,,farnham wedding|wedding reception|speech|top table|guest speaker|laughing guest|indoor reception|warm lighting|candid moment|joyful mood|table decor|floral centerpiece,MKB000548
Farnham,reception and party,mkb-weddings-mkb-photography-irish-wedding-photographer-farnham-estate-wedding-photography-378_500.webp,,,,,,,,,,,farnham|wedding reception|speech|top table|couple laughing|wedding guests|indoor reception|natural light|candid moment|joyful|party|toast,MKB000549
Farnham,reception and party,mkb-weddings-mkb-photography-irish-wedding-photographer-farnham-estate-wedding-photography-380_500.webp,,,,,,,,,,,farnham wedding|wedding reception|party|guests laughing|candid moment|speech reactions|indoor reception|warm lighting|festive decor|joyful mood|wedding guests|documentary style,MKB000550
Farnham,reception and party,mkb-weddings-mkb-photography-irish-wedding-photographer-farnham-estate-wedding-photography-389_500.webp,,,,,,,,,,,farnham wedding|wedding reception|wedding speech|groom speech|seated guests|indoor reception|warm lighting|floral decor|candid moment|celebration|evening party|documentary wedding,MKB000551
Farnham,reception and party,mkb-weddings-mkb-photography-irish-wedding-photographer-farnham-estate-wedding-photography-396_500.webp,,,,,,,,,,,farnham wedding|wedding reception|reception party|wedding guests|candid laughter|joyful mood|indoor reception|warm lighting|dinner tables|speech reactions|bar backdrop|documentary wedding,MKB000552
Farnham,reception and party,mkb-weddings-mkb-photography-irish-wedding-photographer-farnham-estate-wedding-photography-401_500.webp,,,,,,,,,,,farnham wedding|reception|top table|bride and groom|wedding speeches|guests|candlelight|warm lighting|laughter|joyful|indoor reception|party,MKB000553
Farnham,reception and party,mkb-weddings-mkb-photography-irish-wedding-photographer-farnham-estate-wedding-photography-407_500.webp,,,,,,,,,,,farnham wedding|reception|top table|wedding toast|speeches|bride and groom|wedding party|guests|champagne|bright indoor light|celebration|candid moment,MKB000554
Farnham,reception and party,mkb-weddings-mkb-photography-irish-wedding-photographer-farnham-estate-wedding-photography-413_500.webp,,,,,,,,,,,farnham wedding|reception|wedding speeches|top table|groom|best man|bride|laughter|candid moment|indoor reception|natural light|joyful mood,MKB000555
Farnham,reception and party,mkb-weddings-mkb-photography-irish-wedding-photographer-farnham-estate-wedding-photography-420_500.webp,,,,,,,,,,,farnham wedding|wedding reception|groom speech|top table|bride reaction|wedding guests|indoor reception|warm lighting|candid moment|celebration|emotional speech|party atmosphere,MKB000556
Farnham,reception and party,mkb-weddings-mkb-photography-irish-wedding-photographer-farnham-estate-wedding-photography-439_500.webp,,,,,,,,,,,cake cutting|wedding cake|bride and groom|reception|party|indoor|warm lighting|flash photography|happy moment|farnham wedding|evening reception|wedding celebration,MKB000557
Farnham,reception and party,mkb-weddings-mkb-photography-irish-wedding-photographer-farnham-estate-wedding-photography-443_500.webp,,,,,,,,,,,farnham wedding|reception|wedding cake|cake cutting|bride|party|indoor reception|warm lighting|joyful|candid|celebration|wedding dessert,MKB000558
Farnham,reception and party,mkb-weddings-mkb-photography-irish-wedding-photographer-farnham-estate-wedding-photography-447_500.webp,,,,,,,,,,,farnham|reception|party|sparkler exit|night|bride and groom|wedding guests|black and white|celebration|joyful|outdoor|candid,MKB000559
Farnham,reception and party,mkb-weddings-mkb-photography-irish-wedding-photographer-farnham-estate-wedding-photography-451_500.webp,,,,,,,,,,,farnham wedding|sparkler exit|night reception|bride and groom|wedding guests|evening party|romantic kiss|celebration|low light|outdoor reception|candid moment|wedding sparklers,MKB000560
Farnham,reception and party,mkb-weddings-mkb-photography-irish-wedding-photographer-farnham-estate-wedding-photography-452_500.webp,,,,,,,,,,,sparkler exit|wedding reception|bride and groom|night celebration|wedding guests|party atmosphere|romantic lighting|joyful moment|outdoor reception|farnham wedding|evening wedding|celebration,MKB000561
Farnham,reception and party,mkb-weddings-mkb-photography-irish-wedding-photographer-farnham-estate-wedding-photography-479_500.webp,,,,,,,,,,,farnham wedding|reception|first dance|bride and groom|dance floor|indoor reception|party|guests|flash lighting|romantic|evening|celebration,MKB000562
Farnham,reception and party,mkb-weddings-mkb-photography-irish-wedding-photographer-farnham-estate-wedding-photography-482_500.webp,,,,,,,,,,,farnham wedding|reception|first dance|bride and groom|dance floor|guests watching|indoor wedding|warm lighting|festive decor|romantic mood|evening party|wedding celebration,MKB000563
Farnham,reception and party,mkb-weddings-mkb-photography-irish-wedding-photographer-farnham-estate-wedding-photography-489_500.webp,,,,,,,,,,,farnham wedding|reception|party|dance floor|bride and groom|wedding guests|indoor celebration|flash lighting|festive decor|joyful|couple dance|candid moment,MKB000564
Farnham,reception and party,mkb-weddings-mkb-photography-irish-wedding-photographer-farnham-estate-wedding-photography-498_500.webp,,,,,,,,,,,farnham wedding|reception|party|dance floor|bride|guests|black and white|fairy lights|flash lighting|candid|joyful|evening celebration,MKB000565
Field of dreams,couple portraits,mkb-weddings-mkb-photography-northern-ireland-wedding-photography-field-of-dreams-bangor-wedding-photography--388_500.webp,creative-flash,,,,,,,,,,couple portraits|bride and groom|woodland|outdoor wedding|natural light|backlit|romantic|relaxed|holding hands|wedding portraits|field of dreams|summer wedding,MKB000566
Field of dreams,couple portraits,mkb-weddings-mkb-photography-northern-ireland-wedding-photography-field-of-dreams-bangor-wedding-photography--393_500.webp,creative-flash,,,,,,,,,,couple portraits|bride and groom|woodland portrait|autumn wedding|dappled light|romantic|outdoor wedding|field of dreams|wedding dress|groom suit|natural light|intimate moment,MKB000567
Field of dreams,couple portraits,mkb-weddings-mkb-photography-northern-ireland-wedding-photography-field-of-dreams-bangor-wedding-photography--515_500.webp,,,,,,,,,,,couple portraits|bride and groom|woodland path|field of dreams|soft light|romantic|intimate|autumn tones|framed by foliage|wedding portraits|northern ireland wedding,MKB000568
Field of dreams,getting ready,mkb-weddings-mkb-photography-northern-ireland-wedding-photography-field-of-dreams-bangor-wedding-photography--76_500.webp,,,,,,,,,,,groom|getting ready|window light|blue suit|orange tie|buttonhole|portrait|indoor|calm moment|wedding morning|field of dreams,MKB000569
Field of dreams,reception and party,mkb-weddings-mkb-photography-northern-ireland-wedding-photography-field-of-dreams-bangor-wedding-photography--482_500.webp,,,,,,,,,,,reception|wedding speech|groom speech|seated guests|rustic barn|bunting decor|daylight|candid laughter|warm atmosphere|wedding party|field of dreams|northern ireland wedding,MKB000570
Four Seasons monaghan,ceremony,mkb-weddings-mkb-photography-northern-ireland-wedding-photography-four-seasons-hotel-monaghan-wedding-photography-114_500.webp,,,,,,,,,,,ceremony|indoor wedding|groom waiting|bride entrance|aisle walk|wedding guests|floral aisle|black and white|soft lighting|emotional moment|anticipation|four seasons monaghan,MKB000571
Four Seasons monaghan,couple portraits,MKB_weddings-mkb-Photography-Northern-ireland-wedding-photography-northern-ireland-wedding-photographer-four-seasons-hotel-monaghan-wedding-photography-1-2-196_500.webp,,,,,,,,,,,couple portraits|bride and groom|garden portrait|wooden pergola|holding hands|soft natural light|romantic mood|outdoor wedding|wedding dress|groom suit|bridal bouquet|four seasons monaghan,MKB000572
Four Seasons monaghan,couple portraits,MKB_weddings-mkb-Photography-Northern-ireland-wedding-photography-northern-ireland-wedding-photographer-four-seasons-hotel-monaghan-wedding-photography-1-2-217_500.webp,,,,,,,,,,,couple portraits|bride and groom|outdoor portrait|natural light|romantic|wedding bouquet|hotel grounds|autumn foliage|candid smiles|wedding day|four seasons monaghan,MKB000573
Four Seasons monaghan,couple portraits,mkb-weddings-mkb-photography-northern-ireland-wedding-photography-four-seasons-hotel-monaghan-wedding-photography-1_500.webp,,,,,,,,,,,couple portraits|bride and groom|golden hour|sun flare|romantic|outdoor portrait|wedding dress|black tie|intimate moment|warm light|four seasons monaghan,MKB000574
Four Seasons monaghan,couple portraits,mkb-weddings-mkb-photography-northern-ireland-wedding-photography-four-seasons-hotel-monaghan-wedding-photography-355_500.webp,,,,,,,,,,,couple portraits|bride and groom|outdoor portraits|woodland path|golden light|romantic|joyful|wedding bouquet|bridal veil|four seasons monaghan|wedding day|natural light,MKB000575
Four Seasons monaghan,couple portraits,mkb-weddings-mkb-photography-northern-ireland-wedding-photography-four-seasons-hotel-monaghan-wedding-photography-360_500.webp,,,,,,,,,,,couple portraits|bride and groom|lakeside|outdoor wedding|four seasons monaghan|golden hour|romantic|natural light|wedding dress|black tie|veil|scenic landscape,MKB000576
Four Seasons monaghan,couple portraits,mkb-weddings-mkb-photography-northern-ireland-wedding-photography-four-seasons-hotel-monaghan-wedding-photography-371_500.webp,,,,,,,,,,,couple portraits|bride and groom|wedding veil|close embrace|romantic portrait|outdoor wedding|sunlit|intimate moment|happy couple|four seasons monaghan|wedding day,MKB000577
Four Seasons monaghan,couple portraits,mkb-weddings-mkb-photography-northern-ireland-wedding-photography-four-seasons-hotel-monaghan-wedding-photography-94_500.webp,,,,,,,,,,,couple portraits|bride and groom|outdoor wedding|garden portrait|golden hour|sunset light|romantic|joyful|wedding dress|black tie|tree backdrop|four seasons monaghan,MKB000578
Four Seasons monaghan,family and bridal party,mkb-weddings-mkb-photography-northern-ireland-wedding-photography-four-seasons-hotel-monaghan-wedding-photography-334_500.webp,,,,,,,,,,,bridal party|bridesmaids|groomsmen|outdoor portraits|woodland path|golden hour|backlit|candid walking|joyful|wedding party|four seasons monaghan|summer wedding,MKB000579
Four Seasons monaghan,getting ready,MKB_weddings-mkb-Photography-Northern-ireland-wedding-photography-northern-ireland-wedding-photographer-four-seasons-hotel-monaghan-wedding-photography-1-2-447_500.webp,,,,,,,,,,,getting ready|groom party|groomsmen|page boy|outdoor portraits|walking|morning light|candid|relaxed|wedding morning|four seasons monaghan,MKB000580
Four Seasons monaghan,getting ready,MKB_weddings-mkb-Photography-Northern-ireland-wedding-photography-northern-ireland-wedding-photographer-four-seasons-hotel-monaghan-wedding-photography-1-2-464_500.webp,,,,,,,,,,,getting ready|bridal prep|bride|makeup artist|makeup touch up|indoor light|candid|happy mood|wedding morning|four seasons monaghan,MKB000581
Four Seasons monaghan,getting ready,mkb-weddings-mkb-photography-northern-ireland-wedding-photography-four-seasons-hotel-monaghan-wedding-photography-33_500.webp,,,,,,,,,,,getting ready|bride prep|bridal portrait|mirror reflection|earrings|hotel room|soft natural light|calm mood|four seasons monaghan|wedding morning,MKB000582
Four Seasons monaghan,getting ready,mkb-weddings-mkb-photography-northern-ireland-wedding-photography-four-seasons-hotel-monaghan-wedding-photography-42_500.webp,,,,,,,,,,,getting ready|bridal prep|bridesmaids|flower girls|hotel room|matching robes|candid|natural light|window light|joyful|wedding morning|four seasons monaghan,MKB000583
Four Seasons monaghan,getting ready,mkb-weddings-mkb-photography-northern-ireland-wedding-photography-four-seasons-hotel-monaghan-wedding-photography-49_500.webp,,,,,,,,,,,getting ready|bridal prep|bridesmaids|hotel room|mirror reflection|soft indoor light|morning preparations|relaxed mood|champagne toast|hair and makeup|wedding morning|four seasons monaghan,MKB000584
Four Seasons monaghan,getting ready,mkb-weddings-mkb-photography-northern-ireland-wedding-photography-four-seasons-hotel-monaghan-wedding-photography-64_500.webp,,,,,,,,,,,getting ready|groom|groomsman|outdoor portrait|garden|black tie|tuxedos|natural light|candid laughter|relaxed mood|wedding morning|four seasons monaghan,MKB000585
Four Seasons monaghan,getting ready,mkb-weddings-mkb-photography-northern-ireland-wedding-photography-four-seasons-hotel-monaghan-wedding-photography-77_500.webp,,,,,,,,,,,getting ready|bride prep|bridal hair|mirror reflection|black and white|window light|candid moment|calm mood|wedding morning|bridal suite|four seasons monaghan|northern ireland wedding,MKB000586
Four Seasons monaghan,getting ready,mkb-weddings-mkb-photography-northern-ireland-wedding-photography-four-seasons-hotel-monaghan-wedding-photography-86_500.webp,,,,,,,,,,,getting ready|bridesmaids|bridal prep|purple dresses|mirror reflection|indoor|natural light|candid|joyful|earring adjustment|wedding morning|four seasons monaghan,MKB000587
Four Seasons monaghan,reception and party,mkb-weddings-mkb-photography-northern-ireland-wedding-photography-four-seasons-hotel-monaghan-wedding-photography-132_500.webp,,,,,,,,,,,reception|first dance|bride and groom|dance floor|guests watching|black and white|romantic|indoor wedding|spotlight|draped ceiling|wedding party|four seasons monaghan,MKB000588
Four Seasons monaghan,reception and party,mkb-weddings-mkb-photography-northern-ireland-wedding-photography-four-seasons-hotel-monaghan-wedding-photography-418_500.webp,,,,,,,,,,,reception entrance|bride and groom|wedding party|guests clapping|indoor reception|natural light|joyful mood|dancing|celebration|four seasons monaghan|party moments|wedding reception,MKB000589
Galgorm,couple portraits,MKB-weddings-mkb-photography_Northern_Ireland_Wedding_Photography_Galgorm_Manor_wedding_photography_Galgorm_resort_wedding_photographer-Full-res-256_500.webp,,,,,,,,,,,galgorm|couple portraits|bride and groom|outdoor portrait|golden hour|romantic|soft light|wedding bouquet|bridal veil|black tie|newlyweds|intimate moment,MKB000590
Galgorm,couple portraits,MKB-photography-Northern-Ireland-wedding-photographer-Galgorm-resort-Wedding-photography-Glagorm-resort-wedding-photography-full res-303_500.webp,,,,,,,,,,,galgorm|couple portraits|bride and groom|outdoor wedding|garden portrait|bridge|natural light|romantic|candid moment|lush greenery|wedding dress|intimate portrait,MKB000591
Galgorm,couple portraits,MKB-photography-Northern-Ireland-wedding-photographer-Galgorm-resort-Wedding-photography-Glagorm-resort-wedding-photography-full res-310_500.webp,,,,,,,,,,,galgorm|couple portraits|bride and groom|outdoor portrait|soft light|romantic|joyful|wedding day|autumn foliage|veil|intimate moment|northern ireland wedding,MKB000592
Galgorm,couple portraits,MKB-photography-Northern-Ireland-wedding-photographer-Galgorm-resort-Wedding-photography-Glagorm-resort-wedding-photography-full res-318_500.webp,,,,,,,,,,,galgorm|couple portraits|bride and groom|riverside|outdoor wedding|backlit|romantic|intimate|veil|wedding dress|groom suit|newlyweds,MKB000593
Galgorm,couple portraits,MKB-photography-Northern-Ireland-wedding-photographer-Galgorm-resort-Wedding-photography-Glagorm-resort-wedding-photography-full res-326_500.webp,,,,,,,,,,,galgorm|couple portraits|bride and groom|woodland portrait|intimate embrace|forehead kiss|moody lighting|romantic mood|wedding dress|groom suit|veil|outdoor wedding,MKB000594
Galgorm,couple portraits,MKB-weddings-mkb-photography_Northern_Ireland_Wedding_Photography_Galgorm_Manor_wedding_photography_Galgorm_resort_wedding_photographer-Full-res-252_500.webp,,,,,,,,,,,galgorm|couple portraits|bride and groom|black and white|outdoor portrait|bridge|soft light|romantic|intimate|wedding day|veil|stone backdrop,MKB000595
Galgorm,couple portraits,MKB-weddings-mkb-photography_Northern_Ireland_Wedding_Photography_Galgorm_Manor_wedding_photography_Galgorm_resort_wedding_photographer-Full-res-254_500.webp,,,,,,,,,,,galgorm|couple portraits|bride and groom|wedding portrait|romantic|golden hour|outdoor|bridge|veil|bouquet|intimate moment|soft light,MKB000596
Galgorm,couple portraits,mkb-weddings-northern-ireland-wedding-photographer-galgorm-resort-ballymena-wedding-photography-12_500.webp,creative-flash,,,,,,,,,,galgorm|couple portraits|bride and groom|riverside|waterfall|dramatic lighting|romantic|moody|wedding portraits|bridal bouquet|outdoor wedding|northern ireland,MKB000597
Galgorm,couple portraits,mkb-weddings-northern-ireland-wedding-photographer-galgorm-resort-ballymena-wedding-photography-37_500.webp,creative-flash,,,,,,,,,,galgorm|couple portraits|bride and groom|vintage campervan|vw camper|outdoor portraits|evening light|romantic|intimate moment|wedding transport|northern ireland wedding,MKB000598
Galgorm,couple portraits,MKB-photography-Northern-Ireland-wedding-photographer-Galgorm-resort-Wedding-photography-Glagorm-resort-wedding-photography-full res-307_500.webp,,,,,,,,,,,galgorm|couple portraits|bride and groom|outdoor portrait|romantic|intimate moment|soft light|wedding kiss|autumn foliage|close up|natural light|wedding day,MKB000599
Galgorm,couple portraits,MKB-photography-Northern-Ireland-wedding-photographer-Galgorm-resort-Wedding-photography-Glagorm-resort-wedding-photography-full res-330_500.webp,,,,,,,,,,,galgorm|couple portraits|bride and groom|woodland|tree framed|natural light|romantic|intimate|wedding dress|long veil|forest portraits|wedding portraits,MKB000600
Galgorm,family and bridal party,MKB-photography-Northern-Ireland-wedding-photographer-Galgorm-resort-Wedding-photography-Glagorm-resort-wedding-photography-full res-377_500.webp,,,,,,,,,,,galgorm wedding|bridal party|bride|bridesmaids|outdoor portraits|natural light|joyful|bouquets|green dresses|wedding flowers|group portrait|bridal portraits,MKB000601
Galgorm,family and bridal party,MKB-photography-Northern-Ireland-wedding-photographer-Galgorm-resort-Wedding-photography-Glagorm-resort-wedding-photography-full res-381_500.webp,,,,,,,,,,,galgorm wedding|bridal party|bride|bridesmaids|outdoor portraits|natural light|candid laughter|green dresses|wedding bouquets|joyful mood|garden setting|pre ceremony,MKB000602
Galgorm,family and bridal party,MKB-photography-Northern-Ireland-wedding-photographer-Galgorm-resort-Wedding-photography-Glagorm-resort-wedding-photography-full res-509_500.webp,,,,,,,,,,,galgorm wedding|sparkler exit|bride and groom|wedding guests|bridal party|night photography|sparkler light|celebration|joyful mood|wedding reception|candid moment|evening send off,MKB000603
Galgorm,getting ready,MKB-photography-Northern-Ireland-wedding-photographer-Galgorm-resort-Wedding-photography-Glagorm-resort-wedding-photography-full res-32_500.webp,,,,,,,,,,,galgorm|getting ready|bridal prep|bride|makeup artist|eye makeup|close up|soft light|calm mood|intimate moment|wedding morning,MKB000604
Galgorm,getting ready,MKB-photography-Northern-Ireland-wedding-photographer-Galgorm-resort-Wedding-photography-Glagorm-resort-wedding-photography-full res-67_500.webp,,,,,,,,,,,galgorm|getting ready|bride|bridal portrait|wedding dress|hotel room|window light|black and white|quiet moment|elegant|morning prep|romantic,MKB000605
Galgorm,getting ready,MKB-weddings-mkb-photography_Northern_Ireland_Wedding_Photography_Galgorm_Manor_wedding_photography_Galgorm_resort_wedding_photographer-Full-res-48_500.webp,,,,,,,,,,,galgorm|getting ready|bride|bridal portrait|wedding dress|window light|black and white|moody|elegant|indoor|quiet moment|northern ireland wedding,MKB000606
Galgorm,getting ready,MKB-weddings-mkb-photography_Northern_Ireland_Wedding_Photography_Galgorm_Manor_wedding_photography_Galgorm_resort_wedding_photographer-Full-res-51_500.webp,,,,,,,,,,,galgorm|getting ready|bride portrait|bridal gown|window light|dramatic lighting|intimate moment|elegant|wedding morning|lace dress|soft mood|portrait,MKB000607
Galgorm,getting ready,mkb-weddings-northern-ireland-wedding-photographer-ivory-pavillion-galgorm-wedding-photography-2_500.webp,,,,,,,,,,,galgorm|getting ready|bride|father of bride|staircase|bridal portrait|wedding dress|bouquet|window light|black and white|emotional|pre ceremony,MKB000608
Galgorm,reception and party,MKB-photography-Northern-Ireland-wedding-photographer-Galgorm-resort-Wedding-photography-Glagorm-resort-wedding-photography-full res-448_500.webp,,,,,,,,,,,galgorm|wedding reception|speeches|groom speech|bride|top table|candlelight|natural light|joyful|indoor reception|wedding party|celebration,MKB000609
Ghan House,couple portraits,mkb-weddings-northern-ireland-wedding-photographer-ghan-house-carlingford-wedding-photography-3_500.webp,,,,,,,,,,,ghan house|couple portraits|bride and groom|outdoor portrait|wedding bouquet|natural light|romantic|joyful|candid laughter|wedding day|rustic backdrop|carlingford wedding,MKB000610
Ghan House,couple portraits,mkb-weddings-northern-ireland-wedding-photographer-ghan-house-carlingford-wedding-photography-4_500.webp,creative-flash,,,,,,,,,,ghan house|couple portraits|bride and groom|dramatic sky|mountain backdrop|castle ruins|outdoor portrait|moody lighting|romantic|wedding dress|bridal bouquet|evening portrait,MKB000611
Glenavon,couple portraits,MKB-weddings-MKB-photography-Northern-Ireland-wedding-photographer-Northern-ireland-Wedding-photography_Glenavon_hotel_cookstown_Wedding_photography_cookstown_wedding_photographer-473_500.webp,,,,,,,,,,,glenavon|couple portraits|bride and groom|indoor portrait|seated pose|warm lighting|romantic mood|wedding dress|veil|groom suit|intimate moment|classic wedding,MKB000612
Glenavon,couple portraits,MKB-weddings-MKB-photography-Northern-Ireland-wedding-photographer-Northern-ireland-Wedding-photography_Glenavon_hotel_cookstown_Wedding_photography_cookstown_wedding_photographer-484_500.webp,,,,,,,,,,,glenavon|couple portraits|bride and groom|outdoor portrait|sunny light|romantic|classic wedding|wedding dress|black suit|bridal bouquet|mr and mrs sign|wedding day,MKB000613
Glenavon,couple portraits,MKB-weddings-MKB-photography-Northern-Ireland-wedding-photographer-Northern-ireland-Wedding-photography_Glenavon_hotel_cookstown_Wedding_photography_cookstown_wedding_photographer-488_500.webp,,,,,,,,,,,glenavon|couple portraits|bride and groom|stone arches|outdoor portrait|natural light|sunlit|romantic|elegant|wedding bouquet|wedding dress|newlyweds,MKB000614
Glenavon,couple portraits,MKB-weddings-MKB-photography-Northern-Ireland-wedding-photographer-Northern-ireland-Wedding-photography_Glenavon_hotel_cookstown_Wedding_photography_cookstown_wedding_photographer-492_500.webp,,,,,,,,,,,glenavon|couple portraits|bride and groom|outdoor portraits|holding hands|wedding dress|groom suit|bridal bouquet|natural light|romantic|sunlit|wedding day,MKB000615
Glenavon,couple portraits,MKB-weddings-MKB-photography-Northern-Ireland-wedding-photographer-Northern-ireland-Wedding-photography_Glenavon_hotel_cookstown_Wedding_photography_cookstown_wedding_photographer-510_500.webp,,,,,,,,,,,couple portrait|bride and groom|woodland|outdoor|golden light|romantic|natural light|wedding dress|groom suit|bridal bouquet|glenavon|wedding portraits,MKB000616
Glenavon,getting ready,MKB-weddings-MKB-photography-Northern-Ireland-wedding-photographer-Northern-ireland-Wedding-photography_Glenavon_hotel_cookstown_Wedding_photography_cookstown_wedding_photographer-109_500.webp,,,,,,,,,,,bridal details|wedding invitation|wedding shoes|bridal accessories|perfume|floral details|getting ready|flat lay|soft light|romantic|glenavon|detail shot,MKB000617
Glenavon,getting ready,MKB-weddings-MKB-photography-Northern-Ireland-wedding-photographer-Northern-ireland-Wedding-photography_Glenavon_hotel_cookstown_Wedding_photography_cookstown_wedding_photographer-138_500.webp,,,,,,,,,,,getting ready|bridal portrait|bride|mirror reflection|wedding morning|soft light|calm mood|bridal robe|indoor|glenavon|hair and makeup|candid,MKB000618
Glenavon,getting ready,MKB-weddings-MKB-photography-Northern-Ireland-wedding-photographer-Northern-ireland-Wedding-photography_Glenavon_hotel_cookstown_Wedding_photography_cookstown_wedding_photographer-149_500.webp,,,,,,,,,,,glenavon|getting ready|bride prep|champagne|bridal pajamas|morning preparations|natural light|relaxed mood|wedding morning|indoor|celebration|candid,MKB000619
Glenavon,getting ready,MKB-weddings-MKB-photography-Northern-Ireland-wedding-photographer-Northern-ireland-Wedding-photography_Glenavon_hotel_cookstown_Wedding_photography_cookstown_wedding_photographer-162_500.webp,,,,,,,,,,,glenavon|getting ready|bridesmaids|bridal party|pajamas|champagne toast|candid|morning prep|soft light|joyful|outdoor doorway|wedding morning,MKB000620
Glenavon,getting ready,MKB-weddings-MKB-photography-Northern-Ireland-wedding-photographer-Northern-ireland-Wedding-photography_Glenavon_hotel_cookstown_Wedding_photography_cookstown_wedding_photographer-181_500.webp,,,,,,,,,,,glenavon|getting ready|bride|bridal prep|wedding dress|veil|vanity mirror|black and white|window light|quiet moment|candid|morning prep,MKB000621
Glenavon,reception and party,MKB-weddings-MKB-photography-Northern-Ireland-wedding-photographer-Northern-ireland-Wedding-photography_Glenavon_hotel_cookstown_Wedding_photography_cookstown_wedding_photographer-455_500.webp,,,,,,,,,,,glenavon|wedding reception|bride and groom|bar scene|pouring pints|party moments|indoor lighting|warm lighting|candid laughter|celebration|floral bouquet|northern ireland wedding,MKB000622
Glenavon,reception and party,MKB-weddings-MKB-photography-Northern-Ireland-wedding-photographer-Northern-ireland-Wedding-photography_Glenavon_hotel_cookstown_Wedding_photography_cookstown_wedding_photographer-463_500.webp,,,,,,,,,,,glenavon|reception|wedding party|bride and groom|indoor|bar setting|drinks|warm lighting|candid|relaxed|celebration|party,MKB000623
Glenavon,reception and party,MKB-weddings-MKB-photography-Northern-Ireland-wedding-photographer-Northern-ireland-Wedding-photography_Glenavon_hotel_cookstown_Wedding_photography_cookstown_wedding_photographer-466_500.webp,,,,,,,,,,,glenavon|wedding reception|bar scene|bride and groom|wedding party|candid moment|black and white|moody lighting|indoor reception|relaxed atmosphere|party guests|documentary style,MKB000624
Greenvale Hotel,ceremony,MKB-weddings-mkb-photography-NI-wedding-photographer-greenvale-cookstown-wedding-photography-213_500.webp,,,,,,,,,,,ceremony|church ceremony|bride entrance|walking down aisle|bride|groom|wedding guests|applause|natural light|joyful|emotional moment|indoor wedding,MKB000625
Greenvale Hotel,ceremony,MKB-weddings-mkb-photography-NI-wedding-photographer-greenvale-cookstown-wedding-photography-233_500.webp,,,,,,,,,,,ceremony|church interior|bride and groom|wedding guests|altar|pews|indoor light|warm lighting|solemn mood|wedding vows|traditional wedding|greenvale hotel,MKB000626
Greenvale Hotel,couple portraits,MKB_weddings_MKB_photography_Ireland_Northen_ireland_Wedding_photographer_greenvale_hotel_cookstown_Wedding_Photography-302_500.webp,,,,,,,,,,,couple portraits|bride and groom|forest road|woodland wedding|soft natural light|romantic mood|intimate portrait|wedding dress|groom suit|outdoor portraits|greenvale hotel|wedding photography,MKB000627
Greenvale Hotel,couple portraits,MKB_weddings_MKB_photography_Ireland_Northen_ireland_Wedding_photographer_greenvale_hotel_cookstown_Wedding_Photography-335_500.webp,,,,,,,,,,,greenvale hotel|couple portraits|bride and groom|window light|indoor portrait|romantic|intimate moment|groom kissing bride|bridal bouquet|wedding dress|navy suit|soft light,MKB000628
Greenvale Hotel,couple portraits,MKB_weddings_MKB_photography_Ireland_Northen_ireland_Wedding_photographer_greenvale_hotel_cookstown_Wedding_Photography-347_500.webp,,,,,,,,,,,greenvale hotel|couple portraits|bride and groom|indoor portrait|window light|moody lighting|romantic|wedding bouquet|hotel corridor|intimate moment|wedding portraits|northern ireland wedding,MKB000629
Greenvale Hotel,couple portraits,MKB_weddings_MKB_photography_Ireland_Northen_ireland_Wedding_photographer_greenvale_hotel_cookstown_Wedding_Photography-349_500.webp,creative-flash,,,,,,,,,,greenvale hotel|couple portraits|bride and groom|indoor portrait|staircase|warm lighting|romantic mood|wedding dress|groom suit|wood paneling|intimate moment|wedding photography,MKB000630
Greenvale Hotel,couple portraits,MKB-weddings-mkb-photography-NI-wedding-photographer-greenvale-cookstown-wedding-photography-446_500.webp,,,,,,,,,,,greenvale hotel|couple portraits|bride and groom|stone doorway|outdoor portrait|natural light|romantic|intimate moment|wedding dress|groom portrait|summer wedding|newlyweds,MKB000631
Greenvale Hotel,couple portraits,MKB-weddings-mkb-photography-NI-wedding-photographer-greenvale-cookstown-wedding-photography-456_500.webp,,,,,,,,,,,greenvale hotel|couple portraits|bride and groom|outdoor portraits|garden setting|golden light|romantic|sunlit|wedding dress|groom suit|natural light|wedding day,MKB000632
Greenvale Hotel,couple portraits,MKB-weddings-mkb-photography-NI-wedding-photographer-greenvale-cookstown-wedding-photography-477_500.webp,,,,,,,,,,,couple portraits|bride and groom|castle backdrop|stone steps|outdoor wedding|natural light|romantic|intimate moment|wedding veil|historic gardens|greenvale hotel|wedding portraits,MKB000633
Greenvale Hotel,couple portraits,mkb-weddings-northern-ireland-wedding-photographer-greenvale-hotel-cookstown-wedding-photography_500.webp,,,,,,,,,,,couple portrait|bride and groom|outdoor portrait|golden hour|backlit|romantic|intimate moment|wedding day|soft light|smiling couple|greenvale hotel,MKB000634
Greenvale Hotel,details and decor,mkb-weddings-northern-ireland-wedding-photographer-lissan-house-cookstown-wedding-photography-3_500.webp,,,,,,,,,,,bridal portrait|bride|wedding dress|veil|window light|soft light|romantic|elegant|getting ready|bridal details|indoor portrait|wedding morning,MKB000635
Greenvale Hotel,family and bridal party,MKB-weddings-mkb-photography-NI-wedding-photographer-greenvale-cookstown-wedding-photography-100_500.webp,,,,,,,,,,,wedding dress|bridal gown|dress detail|bridal prep|getting ready|window light|soft lighting|black and white|romantic mood|wedding details,MKB000636
Greenvale Hotel,family and bridal party,MKB-weddings-mkb-photography-NI-wedding-photographer-greenvale-cookstown-wedding-photography-102_500.webp,,,,,,,,,,,wedding dress|bridal gown|dress detail|bridal prep|morning preparations|lace bodice|hanging dress|window light|soft light|romantic mood|wedding details|greenvale hotel,MKB000637
Greenvale Hotel,family and bridal party,MKB-weddings-mkb-photography-NI-wedding-photographer-greenvale-cookstown-wedding-photography-434_500.webp,,,,,,,,,,,greenvale hotel|bridal party|wedding party|outdoor portraits|champagne spray|bride and groom|bridesmaids|groomsmen|sunlit|joyful|candid moment|celebration,MKB000638
Greenvale Hotel,family and bridal party,MKB-weddings-mkb-photography-NI-wedding-photographer-greenvale-cookstown-wedding-photography-435_500.webp,,,,,,,,,,,greenvale hotel|bridal party|outdoor wedding|tree lined path|bride and groomsmen|bridesmaids|sunlit|confetti toss|candid moment|joyful|wedding party fun|summer wedding,MKB000639
Greenvale Hotel,family and bridal party,mkb-weddings-northern-ireland-wedding-photographer-greenvale-hotel-cookstown-wedding-photography-12_500.webp,,,,,,,,,,,bridal party|family portraits|wedding cars|vintage cars|outdoor portraits|soft light|romantic mood|formal group|bride and groom|groomsmen|bridesmaids|wedding day,MKB000640
Greenvale Hotel,getting ready,MKB-weddings-mkb-photography-NI-wedding-photographer-greenvale-cookstown-wedding-photography-151_500.webp,,,,,,,,,,,getting ready|bride|father of bride|staircase|wedding dress|indoor|natural light|emotional|bridal prep|greenvale hotel|wedding morning|first look,MKB000641
Harveys point,ceremony,mkb-weddings-mkb-photography-donegal-wedding-photography-harveys-point-hotel-donegal-wedding-photography-148_500.webp,,,,,,,,,,,harveys point|outdoor ceremony|lakeside wedding|wedding guests|ceremony aisle|floral arch|overcast light|dramatic sky|romantic mood|waterfront|donegal wedding|ceremony decor,MKB000642
Harveys point,ceremony,mkb-weddings-mkb-photography-donegal-wedding-photography-harveys-point-hotel-donegal-wedding-photography-184_500.webp,,,,,,,,,,,harveys point|ceremony|outdoor ceremony|bride|aisle walk|processional|wedding guests|father of bride|floral aisle|natural light|joyful|donegal wedding,MKB000643
Harveys point,ceremony,mkb-weddings-mkb-photography-donegal-wedding-photography-harveys-point-hotel-donegal-wedding-photography-212_500.webp,,,,,,,,,,,harveys point|ceremony|bride entrance|outdoor wedding|wedding aisle|bride and escort|guests|natural light|joyful|floral bouquets|donegal wedding|processional,MKB000644
Harveys point,ceremony,mkb-weddings-mkb-photography-donegal-wedding-photography-harveys-point-hotel-donegal-wedding-photography-239_500.webp,,,,,,,,,,,harveys point|ceremony|hand holding|close up|bride|wedding vows|intimate moment|soft light|romantic|emotional|wedding details|donegal wedding,MKB000645
Harveys point,ceremony,mkb-weddings-mkb-photography-donegal-wedding-photography-harveys-point-hotel-donegal-wedding-photography-250_500.webp,,,,,,,,,,,harveys point|outdoor ceremony|same sex wedding|brides|wedding guests|bridal party|daylight|romantic|joyful|vow exchange|aisle view|donegal wedding,MKB000646
Harveys point,ceremony,mkb-weddings-mkb-photography-donegal-wedding-photography-harveys-point-hotel-donegal-wedding-photography-281_500.webp,,,,,,,,,,,harveys point|outdoor ceremony|brides|wedding vows|ceremony flowers|guests|daylight|romantic|emotional|garden wedding|donegal wedding|aisle moment,MKB000647
Harveys point,ceremony,mkb-weddings-mkb-photography-donegal-wedding-photography-harveys-point-hotel-donegal-wedding-photography-303_500.webp,,,,,,,,,,,ceremony|harveys point|outdoor wedding|brides|same sex wedding|vows|ring exchange|natural light|joyful|emotional|lakeside|donegal wedding,MKB000648
Harveys point,ceremony,mkb-weddings-mkb-photography-donegal-wedding-photography-harveys-point-hotel-donegal-wedding-photography-338_500.webp,,,,,,,,,,,harveys point|ceremony|outdoor ceremony|brides|same-sex wedding|forehead kiss|wedding vows|guests|natural light|romantic|emotional moment|donegal wedding,MKB000649
Harveys point,ceremony,mkb-weddings-mkb-photography-donegal-wedding-photography-harveys-point-hotel-donegal-wedding-photography-493_500.webp,,,,,,,,,,,ceremony|brides|same sex wedding|outdoor ceremony|sunlit|intimate moment|emotional|wedding vows|veil|bridal dress|romantic|harveys point,MKB000650
Harveys point,couple portraits,mkb-weddings-mkb-photography-donegal-wedding-photography-harveys-point-hotel-donegal-wedding-photography-448_500.webp,,,,,,,,,,,harveys point|couple portraits|two brides|same sex wedding|lakeside portrait|bridal bouquets|soft light|romantic mood|wedding dresses|outdoor portraits|donegal wedding|newlyweds,MKB000651
Harveys point,couple portraits,mkb-weddings-mkb-photography-donegal-wedding-photography-harveys-point-hotel-donegal-wedding-photography-503_500.webp,,,,,,,,,,,harveys point|couple portraits|two brides|lakeside|outdoor portraits|golden hour|soft light|joyful|romantic|wedding dresses|bride portraits|wedding day,MKB000652
Harveys point,couple portraits,mkb-weddings-mkb-photography-donegal-wedding-photography-harveys-point-hotel-donegal-wedding-photography-508_500.webp,,,,,,,,,,,harveys point|couple portraits|two brides|bridge portrait|lakeside|outdoor wedding|natural light|romantic|scenic|wedding dress|bouquet|donegal wedding,MKB000653
Harveys point,couple portraits,mkb-weddings-mkb-photography-donegal-wedding-photography-harveys-point-hotel-donegal-wedding-photography-510_500.webp,,,,,,,,,,,harveys point wedding|couple portraits|brides|woodland|outdoor portrait|dappled light|romantic|wedding bouquets|white dresses|garden path|intimate moment|donegal wedding,MKB000654
Harveys point,couple portraits,mkb-weddings-mkb-photography-donegal-wedding-photography-harveys-point-hotel-donegal-wedding-photography-517_500.webp,,,,,,,,,,,harveys point|couple portraits|two brides|same sex wedding|outdoor portrait|natural light|romantic|intimate embrace|bridal veil|garden setting|wedding dress|tender moment,MKB000655
Harveys point,couple portraits,mkb-weddings-mkb-photography-donegal-wedding-photography-harveys-point-hotel-donegal-wedding-photography-524_500.webp,,,,,,,,,,,harveys point|couple portraits|bride and bride|wedding dresses|walking portrait|garden path|sunlit|backlit|romantic|candid moment|bouquet|donegal wedding,MKB000656
Harveys point,couple portraits,mkb-weddings-mkb-photography-donegal-wedding-photography-harveys-point-hotel-donegal-wedding-photography-658_500.webp,creative-flash,,,,,,,,,,harveys point|couple portraits|brides|lakeside|sunset|golden hour|romantic|scenic landscape|wedding dresses|donegal wedding|reflections|intimate moment,MKB000657
Harveys point,couple portraits,mkb-weddings-mkb-photography-donegal-wedding-photography-harveys-point-hotel-donegal-wedding-photography-663_500.webp,creative-flash,,,,,,,,,,harveys point|couple portraits|two brides|lakeside|sunset light|golden hour|romantic|holding hands|wedding portraits|donegal wedding|evening sky|outdoor portraits,MKB000658
Harveys point,couple portraits,mkb-weddings-mkb-photography-donegal-wedding-photography-harveys-point-hotel-donegal-wedding-photography-664_500.webp,creative-flash,,,,,,,,,,couple portraits|two brides|same sex wedding|lakeside|golden hour|romantic|outdoor portraits|wedding dress|veil|intimate moment|harveys point|donegal wedding,MKB000659
Harveys point,couple portraits,mkb-weddings-mkb-photography-donegal-wedding-photography-harveys-point-hotel-donegal-wedding-photography-667_500.webp,,,,,,,,,,,harveys point|couple portraits|lakeside|bride and groom|outdoor wedding|golden hour|romantic|soft light|natural scenery|donegal wedding|wedding portraits|intimate moment,MKB000660
Harveys point,details and decor,mkb-weddings-mkb-photography-donegal-wedding-photography-harveys-point-hotel-donegal-wedding-photography-477_500.webp,,,,,,,,,,,wedding details|table decor|floral centerpiece|table number|candles|reception styling|warm light|romantic mood|place setting|wedding stationery|harveys point|donegal wedding,MKB000661
Harveys point,family and bridal party,mkb-weddings-mkb-photography-donegal-wedding-photography-harveys-point-hotel-donegal-wedding-photography-137_500.webp,,,,,,,,,,,harveys point|bride|parents|family portrait|bridal party|indoor wedding|cheek kiss|wedding bouquet|soft lighting|joyful moment|formalwear|donegal wedding,MKB000662
Harveys point,getting ready,mkb-weddings-mkb-photography-donegal-wedding-photography-harveys-point-hotel-donegal-wedding-photography-100_500.webp,,,,,,,,,,,harveys point|getting ready|bride portrait|bridal robe|window light|soft light|happy bride|morning prep|wedding makeup|elegant|indoor portrait|donegal wedding,MKB000663
Harveys point,getting ready,mkb-weddings-mkb-photography-donegal-wedding-photography-harveys-point-hotel-donegal-wedding-photography-121_500.webp,,,,,,,,,,,getting ready|bride|father of bride|first look|wedding dress|veil|tuxedo|emotional moment|indoor|soft flash|harveys point|donegal wedding,MKB000664
Harveys point,getting ready,mkb-weddings-mkb-photography-donegal-wedding-photography-harveys-point-hotel-donegal-wedding-photography-124_500.webp,,,,,,,,,,,harveys point|getting ready|bride|parents|dress adjustment|black and white|indoor|emotional|candid|soft lighting|wedding morning|family moment,MKB000665
Harveys point,getting ready,mkb-weddings-mkb-photography-donegal-wedding-photography-harveys-point-hotel-donegal-wedding-photography-4_500.webp,,,,,,,,,,,getting ready|harveys point|bridal prep|bridesmaids|hotel room|morning preparations|candid|natural light|relaxed mood|wedding morning|hair and makeup|donegal wedding,MKB000666
Harveys point,getting ready,mkb-weddings-mkb-photography-donegal-wedding-photography-harveys-point-hotel-donegal-wedding-photography-59_500.webp,,,,,,,,,,,harveys point|getting ready|bride|bridal prep|earrings|mirror reflection|wedding morning|soft light|intimate moment|calm mood|bridal robe|donegal wedding,MKB000667
Harveys point,getting ready,mkb-weddings-mkb-photography-donegal-wedding-photography-harveys-point-hotel-donegal-wedding-photography-61_500.webp,,,,,,,,,,,harveys point|getting ready|bride|mirror reflection|bridal prep|wedding morning|black and white|soft light|quiet moment|bridal robe|jewellery|documentary,MKB000668
Harveys point,getting ready,mkb-weddings-mkb-photography-donegal-wedding-photography-harveys-point-hotel-donegal-wedding-photography-8_500.webp,,,,,,,,,,,getting ready|bridal suite|bride|bridesmaids|hair and makeup|accordion|candid|natural light|joyful|hotel room|harveys point|donegal wedding,MKB000669
Harveys point,getting ready,mkb-weddings-mkb-photography-donegal-wedding-photography-harveys-point-hotel-donegal-wedding-photography-95_500.webp,,,,,,,,,,,getting ready|bridal makeup|bride|makeup artist|window light|natural light|calm moment|wedding morning|beauty prep|harveys point|donegal wedding,MKB000670
Harveys point,reception and party,mkb-weddings-mkb-photography-donegal-wedding-photography-harveys-point-hotel-donegal-wedding-photography-532_500.webp,,,,,,,,,,,harveys point|outdoor reception|brides dancing|same sex wedding|live music|string quartet|patio|golden light|joyful|wedding party|summer wedding|donegal wedding,MKB000671
Harveys point,reception and party,mkb-weddings-mkb-photography-donegal-wedding-photography-harveys-point-hotel-donegal-wedding-photography-582_500.webp,,,,,,,,,,,reception|party|bride|wedding guests|bouquet toss|napkin waving|indoor reception|bright lighting|celebration|joyful|harveys point|donegal wedding,MKB000672
Harveys point,reception and party,mkb-weddings-mkb-photography-donegal-wedding-photography-harveys-point-hotel-donegal-wedding-photography-585_500.webp,,,,,,,,,,,reception|party|harveys point|bride and groom|wedding kiss|top table|guests cheering|indoor reception|bright light|celebration|joyful|donegal wedding,MKB000673
Harveys point,reception and party,mkb-weddings-mkb-photography-donegal-wedding-photography-harveys-point-hotel-donegal-wedding-photography-688_500.webp,,,,,,,,,,,harveys point|reception|party|sparkler exit|bride|wedding couple|guests|evening|dramatic lighting|celebration|joyful|donegal wedding,MKB000674
Harveys point,reception and party,mkb-weddings-mkb-photography-donegal-wedding-photography-harveys-point-hotel-donegal-wedding-photography-702_500.webp,,,,,,,,,,,harveys point|wedding reception|dance floor|brides dancing|first dance|guests applauding|indoor reception|chandelier lighting|warm light|celebration|joyful moment|party,MKB000675
Harveys point,reception and party,mkb-weddings-mkb-photography-donegal-wedding-photography-harveys-point-hotel-donegal-wedding-photography-726_500.webp,,,,,,,,,,,wedding reception|live band|guitarist|party music|indoor stage|evening reception|warm lighting|celebration|dance floor|entertainment|harveys point|donegal wedding,MKB000676
Harveys point,reception and party,mkb-weddings-mkb-photography-donegal-wedding-photography-harveys-point-hotel-donegal-wedding-photography-730_500.webp,,,,,,,,,,,harveys point|wedding reception|dance floor|live band|bride and groom|wedding guests|party atmosphere|indoor lighting|chandelier|celebration|dancing|evening reception,MKB000677
Hillgrove Hotel,ceremony,mkb-weddings-mkb-photography-irish-wedding-photographer-hillgrove-hotel-monaghan-wedding-photography-16_500.webp,,,,,,,,,,,ceremony|aisle walk|bride entrance|bride and father|groom waiting|indoor ceremony|natural light|emotional moment|wedding guests|romantic|hillgrove hotel|monaghan wedding,MKB000678
Hillgrove Hotel,ceremony,mkb-weddings-mkb-photography-irish-wedding-photographer-hillgrove-hotel-monaghan-wedding-photography-161_500.webp,,,,,,,,,,,ceremony|church interior|bride and groom|wedding kiss|aisle portrait|stained glass|natural light|romantic|joyful|wedding bouquet|guests|traditional wedding,MKB000679
Hillgrove Hotel,couple portraits,mkb-weddings-mkb-photography-irish-wedding-photographer-hillgrove-hotel-monaghan-wedding-photography-101_500.webp,,,,,,,,,,,couple portraits|bride and groom|outdoor wedding|tree lined garden|golden hour|natural light|romantic|joyful|wedding portraits|summer wedding|hillgrove hotel|monaghan wedding,MKB000680
Hillgrove Hotel,couple portraits,mkb-weddings-mkb-photography-irish-wedding-photographer-hillgrove-hotel-monaghan-wedding-photography-107_500.webp,,,,,,,,,,,hillgrove hotel|couple portraits|bride and groom|vintage car|outdoor portraits|golden hour|romantic|elegant|wedding dress|bridal bouquet|groom tuxedo|wedding portraits,MKB000681
Hillgrove Hotel,couple portraits,mkb-weddings-mkb-photography-irish-wedding-photographer-hillgrove-hotel-monaghan-wedding-photography-112_500.webp,,,,,,,,,,,couple portraits|bride and groom|wedding car|mirror reflection|vintage car|outdoor portraits|golden hour|romantic|candid moment|hillgrove hotel|monaghan wedding|elegant,MKB000682
Hillgrove Hotel,couple portraits,mkb-weddings-mkb-photography-irish-wedding-photographer-hillgrove-hotel-monaghan-wedding-photography-150_500.webp,,,,,,,,,,,hillgrove hotel|bridal portrait|bride|vintage car|black and white|natural light|joyful|candid moment|wedding veil|car window|elegant|couple portraits,MKB000683
Hillgrove Hotel,couple portraits,mkb-weddings-mkb-photography-irish-wedding-photographer-hillgrove-hotel-monaghan-wedding-photography-45_500.webp,,,,,,,,,,,hillgrove hotel|couple portraits|bride and groom|wedding kiss|stone archway|sunlit portrait|romantic mood|bridal bouquet|wedding dress|groom tuxedo|veil|intimate moment,MKB000684
Hillgrove Hotel,couple portraits,mkb-weddings-mkb-photography-irish-wedding-photographer-hillgrove-hotel-monaghan-wedding-photography-47_500.webp,,,,,,,,,,,hillgrove hotel|couple portraits|bride and groom|wedding dress|groom portrait|arched doorway|stone columns|natural light|romantic|elegant|wedding portraits|bridal bouquet,MKB000685
Hillgrove Hotel,couple portraits,mkb-weddings-mkb-photography-irish-wedding-photographer-hillgrove-hotel-monaghan-wedding-photography-59_500.webp,,,,,,,,,,,couple portraits|bride and groom|hillgrove hotel|wedding bouquet|natural light|romantic|joyful|indoor portraits|wedding dress|groom tuxedo|veil|wedding day,MKB000686
Hillgrove Hotel,couple portraits,mkb-weddings-mkb-photography-irish-wedding-photographer-hillgrove-hotel-monaghan-wedding-photography-96_500.webp,,,,,,,,,,,couple portraits|bride and groom|outdoor portrait|countryside|meadow|golden hour|natural light|romantic|relaxed|wedding portraits|hillgrove hotel|monaghan wedding,MKB000687
Hillgrove Hotel,family and bridal party,mkb-weddings-mkb-photography-irish-wedding-photographer-hillgrove-hotel-monaghan-wedding-photography-66_500.webp,,,,,,,,,,,bridal party|bride and groom|bridesmaids|red dresses|bouquets|stone doorway|outdoor portrait|natural light|formal pose|elegant|wedding portraits|hillgrove hotel,MKB000688
Hillgrove Hotel,family and bridal party,mkb-weddings-mkb-photography-irish-wedding-photographer-hillgrove-hotel-monaghan-wedding-photography-72_500.webp,,,,,,,,,,,bridal party|bridesmaids|groomsmen|bride|outdoor portraits|garden walkway|sunny light|natural light|formalwear|wedding party|joyful mood|family and bridal party,MKB000689
Hillgrove Hotel,getting ready,mkb-weddings-mkb-photography-irish-wedding-photographer-hillgrove-hotel-monaghan-wedding-photography-110_500.webp,,,,,,,,,,,hillgrove hotel|getting ready|bride|family moment|staircase|wedding dress|natural light|indoor|candid|joyful|pre ceremony|bridal prep,MKB000690
Hillgrove Hotel,getting ready,mkb-weddings-mkb-photography-irish-wedding-photographer-hillgrove-hotel-monaghan-wedding-photography-113_500.webp,,,,,,,,,,,getting ready|bride|father of bride|staircase|indoor|natural light|first look|emotional|candid|wedding dress|hillgrove hotel|monaghan wedding,MKB000691
Hillgrove Hotel,getting ready,mkb-weddings-mkb-photography-irish-wedding-photographer-hillgrove-hotel-monaghan-wedding-photography-116_500.webp,,,,,,,,,,,getting ready|bride|father of bride|emotional hug|wedding morning|hallway|natural light|candid moment|family moment|bridal prep|warm mood|hillgrove hotel,MKB000692
Hillgrove Hotel,getting ready,mkb-weddings-mkb-photography-irish-wedding-photographer-hillgrove-hotel-monaghan-wedding-photography-34_500.webp,,,,,,,,,,,getting ready|groom prep|boutonniere|red suit|mirror reflection|hotel room|natural light|quiet moment|wedding morning|hillgrove hotel|monaghan wedding|groom portrait,MKB000693
Hillgrove Hotel,getting ready,mkb-weddings-mkb-photography-irish-wedding-photographer-hillgrove-hotel-monaghan-wedding-photography-38_500.webp,,,,,,,,,,,getting ready|groom portrait|red tuxedo|bow tie|boutonniere|wedding suit|formalwear|dramatic light|moody|elegant|hillgrove hotel|wedding morning,MKB000694
Hillgrove Hotel,getting ready,mkb-weddings-mkb-photography-irish-wedding-photographer-hillgrove-hotel-monaghan-wedding-photography-77_500.webp,,,,,,,,,,,getting ready|bridesmaids|garden|morning drinks|outdoor|sunny light|relaxed mood|wedding morning|pink pajamas|bridal party|hillgrove hotel|candid,MKB000695
Hillgrove Hotel,getting ready,mkb-weddings-mkb-photography-irish-wedding-photographer-hillgrove-hotel-monaghan-wedding-photography-83_500.webp,,,,,,,,,,,getting ready|bridal prep|bride|pajamas|outdoor portrait|balcony|natural light|countryside view|relaxed mood|morning preparations|hillgrove hotel|wedding morning,MKB000696
Hillgrove Hotel,getting ready,mkb-weddings-mkb-photography-irish-wedding-photographer-hillgrove-hotel-monaghan-wedding-photography-92_500.webp,,,,,,,,,,,getting ready|hillgrove hotel|bride|bridesmaids|mother of bride|bridal prep|wedding dress|natural light|pink room|joyful|candid moment|monaghan wedding,MKB000697
Hillgrove Hotel,getting ready,mkb-weddings-mkb-photography-irish-wedding-photographer-hillgrove-hotel-monaghan-wedding-photography-94_500.webp,,,,,,,,,,,getting ready|bridal prep|wedding dress|dress buttons|bride|bridesmaid|close up|soft light|intimate moment|morning preparations|hillgrove hotel|monaghan wedding,MKB000698
Hillsborough Castle,ceremony,MKB_weddings_Ireland_Northen_ireland_Wedding_Photography_Hillsborough-castle-_Wedding_Photography-134_500.webp,,,,,,,,,,,hillsborough castle|ceremony|bride and groom|wedding aisle|processional|castle interior|black and white|natural light|candid|elegant|joyful|guests,MKB000699
Hillsborough Castle,ceremony,MKB_weddings_Ireland_Northen_ireland_Wedding_Photography_Hillsborough-castle-_Wedding_Photography-178_500.webp,,,,,,,,,,,hillsborough castle|ceremony|wedding register|bride and groom|signing documents|castle interior|chandelier light|warm lighting|formal portraits|intimate moment|historic room|table reflection,MKB000700
Hillsborough Castle,couple portraits,MKB_weddings_Ireland_Northen_ireland_Wedding_Photography_Hillsborough-castle-_Wedding_Photography-100-2_500.webp,,,,,,,,,,,hillsborough castle|couple portraits|bride and groom|staircase|chandelier|black and white|window light|elegant|romantic|castle interior|wedding portraits|dramatic light,MKB000701
Hillsborough Castle,couple portraits,MKB_weddings_Ireland_Northen_ireland_Wedding_Photography_Hillsborough-castle-_Wedding_Photography-121_500.webp,,,,,,,,,,,hillsborough castle|couple portrait|bride and groom|castle doorway|red carpet|wedding bouquet|black tie|soft natural light|elegant|romantic|formal portrait|wedding day,MKB000702
Hillsborough Castle,couple portraits,MKB_weddings_Ireland_Northen_ireland_Wedding_Photography_Hillsborough-castle-_Wedding_Photography-255_500.webp,,,,,,,,,,,hillsborough castle|couple portraits|bride and groom|castle entrance|stone columns|red carpet|natural light|romantic|elegant|wedding portrait|formal attire|historic backdrop,MKB000703
Hillsborough Castle,couple portraits,MKB_weddings_Ireland_Northen_ireland_Wedding_Photography_Hillsborough-castle-_Wedding_Photography-266_500.webp,,,,,,,,,,,hillsborough castle|couple portraits|bride and groom|romantic kiss|castle gardens|tree lined path|wedding bouquet|soft light|intimate moment|elegant wedding|outdoor portraits,MKB000704
Hillsborough Castle,couple portraits,MKB_weddings_Ireland_Northen_ireland_Wedding_Photography_Hillsborough-castle-_Wedding_Photography-273_500.webp,,,,,,,,,,,hillsborough castle|couple portraits|bride and groom|garden walkway|hand in hand|wedding bouquet|soft natural light|romantic|elegant|outdoor portraits|wedding day|classic style,MKB000705
Hillsborough Castle,couple portraits,MKB_weddings_Ireland_Northen_ireland_Wedding_Photography_Hillsborough-castle-_Wedding_Photography-281_500.webp,,,,,,,,,,,hillsborough castle|couple portraits|bride and groom|castle exterior|garden lawn|historic architecture|soft natural light|romantic|elegant|outdoor portraits|wedding portraits|overcast,MKB000706
Hillsborough Castle,couple portraits,MKB_weddings_Ireland_Northen_ireland_Wedding_Photography_Hillsborough-castle-_Wedding_Photography-288_500.webp,,,,,,,,,,,hillsborough castle|couple portraits|bride and groom|castle exterior|garden steps|natural light|romantic|elegant|outdoor portraits|wedding day|newlyweds|northern ireland wedding,MKB000707
Hillsborough Castle,couple portraits,MKB_weddings_Ireland_Northen_ireland_Wedding_Photography_Hillsborough-castle-_Wedding_Photography-293_500.webp,creative-flash,,,,,,,,,,hillsborough castle|couple portraits|bride and groom|castle steps|historic estate|outdoor portrait|overcast light|dramatic sky|romantic mood|formal wedding|wedding attire|northern ireland wedding,MKB000708
Hillsborough Castle,family and bridal party,MKB_weddings_Ireland_Northen_ireland_Wedding_Photography_Hillsborough-castle-_Wedding_Photography-100_500.webp,,,,,,,,,,,family portrait|groomsmen|page boys|formalwear|indoor portrait|hillsborough castle|art gallery|dramatic lighting|classic style|wedding party|posed portrait|elegant mood,MKB000709
Ivory Pavillion,couple portraits,MKB_weddings_Ireland_Northen_ireland_Wedding_Photography_Ivory_pavillion-ballymena_Wedding_Photography_Helen_and_Karl-400_500.webp,,,,,,,,,,,couple portraits|bride and groom|umbrella|rainy wedding|outdoor portraits|romantic|embrace|wedding veil|garden path|string lights|soft light|ivory pavillion,MKB000710
Killeavy castle,ceremony,MKB_weddings_Ireland_Northen_ireland_Wedding_Photography_killeavy-castle_Wedding_Photography-272_500.webp,,,,,,,,,,,killeavy castle|outdoor ceremony|wedding ceremony|bride and groom|celebrant|floral arch|natural light|garden wedding|joyful moment|romantic|ireland wedding|ceremony reading,MKB000711
Killeavy castle,ceremony,MKB_weddings_Ireland_Northen_ireland_Wedding_Photography_killeavy-castle_Wedding_Photography-274_500.webp,,,,,,,,,,,killeavy castle|outdoor ceremony|bride and groom|wedding vows|holding hands|officiant|wedding guests|natural light|romantic|garden wedding|ceremony moment|ireland wedding,MKB000712
Killeavy castle,ceremony,MKB_weddings_Ireland_Northen_ireland_Wedding_Photography_killeavy-castle_Wedding_Photography-281_500.webp,,,,,,,,,,,killeavy castle|outdoor ceremony|bride and groom|wedding vows|holding hands|aisle|guests|daylight|romantic|joyful|floral decor|ceremony moment,MKB000713
Killeavy castle,ceremony,MKB_weddings_Ireland_Northen_ireland_Wedding_Photography_killeavy-castle_Wedding_Photography-289_500.webp,,,,,,,,,,,killeavy castle|outdoor ceremony|wedding kiss|dip kiss|bride and groom|ceremony aisle|guests clapping|red carpet aisle|romantic moment|joyful|natural light|castle wedding,MKB000714
Killeavy castle,ceremony,MKB_weddings_mkb_Photography-Northern-ireland-wedding-photography-northern-ireland-wedding-photographer-killeavy-castle-wedding-photography-195_500.webp,,,,,,,,,,,killeavy castle|ceremony|bride entrance|aisle walk|bride|family escort|wedding guests|floral aisle|marquee ceremony|soft lighting|emotional moment|romantic,MKB000715
Killeavy castle,ceremony,mkb-weddings-northern-ireland-wedding-photographer-killeavy-castle-newry-wedding-photography-121_500.webp,,,,,,,,,,,killeavy castle|ceremony|bride and groom|indoor ceremony|wedding vows|candid laughter|joyful moment|soft light|bridal bouquet|church seating|romantic|northern ireland wedding,MKB000716
Killeavy castle,ceremony,mkb-weddings-northern-ireland-wedding-photographer-killeavy-castle-newry-wedding-photography-135_500.webp,,,,,,,,,,,killeavy castle|ceremony|bride and groom|ring reveal|marriage register|signing ceremony|indoor ceremony|flash lighting|joyful|candid moment|wedding rings|church interior,MKB000717
Killeavy castle,couple portraits,mkb-weddings-northern-ireland-wedding-photographer-killeavy-castle-newry-wedding-photography-116_500.webp,creative-flash,,,,Y,4,Y,10,Y,,killeavy castle|couple portrait|bride and groom|castle entrance|wedding dress|groom suit|bridal bouquet|dramatic lighting|romantic mood|formal portrait|northern ireland wedding|wedding portraits,MKB000718
Killeavy castle,couple portraits,MKB_weddings_Ireland_Northen_ireland_Wedding_killeavy-castle-hotel-spa-Wedding_Photography-354_500.webp,,,,,,,,,,,killeavy castle|couple portraits|bride and groom|castle backdrop|wedding veil|outdoor portrait|romantic|elegant|overcast light|wedding dress|groom suit|castle wedding,MKB000719
Killeavy castle,couple portraits,MKB_weddings_Ireland_Northen_ireland_Wedding_killeavy-castle-hotel-spa-Wedding_Photography-378_500.webp,,,,,,,,,,,killeavy castle|couple portraits|bride and groom|castle archway|romantic portrait|soft natural light|intimate moment|wedding dress|groom suit|historic corridor|elegant mood|wedding photography,MKB000720
Killeavy castle,couple portraits,MKB_weddings_Ireland_Northen_ireland_Wedding_killeavy-castle-hotel-spa-Wedding_Photography-394_500.webp,,,,,,,,,,,killeavy castle|couple portraits|bride and groom|outdoor portrait|garden setting|natural light|joyful|romantic|wedding dress|groom suit|candid laughter|castle wedding,MKB000721
Killeavy castle,couple portraits,MKB_weddings_Ireland_Northen_ireland_Wedding_killeavy-castle-hotel-spa-Wedding_Photography-408_500.webp,,,,,,,,,,,killeavy castle|couple portraits|bride and groom|outdoor portraits|castle grounds|stone wall|natural light|romantic|intimate|wedding dress|bridal bouquet|wedding day,MKB000722
Killeavy castle,couple portraits,MKB_weddings_Ireland_Northen_ireland_Wedding_killeavy-castle-hotel-spa-Wedding_Photography-442_500.webp,,,,,,,,,,,killeavy castle|couple portraits|bride and groom|castle doorway|wedding dress|romantic|natural light|elegant|stone architecture|wedding portraits|newlyweds,MKB000723
Killeavy castle,couple portraits,MKB_weddings_Ireland_Northen_ireland_Wedding_Photography_killeavy-castle_Wedding_Photography-400_500.webp,,,,,,,,,,,killeavy castle|couple portraits|bride and groom|outdoor portraits|natural light|romantic|intimate moment|wedding bouquet|castle gardens|forehead kiss|elegant bridal style|northern ireland wedding,MKB000724
Killeavy castle,couple portraits,MKB_weddings_Ireland_Northen_ireland_Wedding_Photography_killeavy-castle_Wedding_Photography-462_500.webp,,,,,Y,5,Y,4,,,couple portraits|bride and groom|killeavy castle|castle grounds|woodland portrait|soft light|romantic|elegant|wedding dress|black tuxedo|bridal bouquet|ireland wedding,MKB000725
Killeavy castle,couple portraits,MKB_weddings_Ireland_Northen_ireland_Wedding_Photography_killeavy-castle_Wedding_Photography-472_500.webp,,,,,,,,,,,killeavy castle|couple portraits|bride and groom|bridal portrait|groom foreground|wedding dress|bridal bouquet|garden setting|soft light|romantic mood|first look|outdoor wedding,MKB000726
Killeavy castle,couple portraits,MKB_weddings_Ireland_Northen_ireland_Wedding_Photography_killeavy-castle_Wedding_Photography-482_500.webp,creative-flash,,,,,,,,,,killeavy castle|couple portraits|bride and groom|black and white|castle archway|romantic|soft light|wedding dress|bridal bouquet|intimate moment|elegant|wedding portraits,MKB000727
Killeavy castle,couple portraits,MKB_weddings_Ireland_Northen_ireland_Wedding_Photography_killeavy-castle_Wedding_Photography-591_500.webp,,,,,,,,,,,killeavy castle|bride portrait|bridal gown|castle terrace|mountain view|garden flowers|soft cloudy light|romantic mood|elegant bridal|wedding portrait|ireland wedding|outdoor portrait,MKB000728
Killeavy castle,couple portraits,MKB_weddings_mkb_Photography-Northern-ireland-wedding-photography-northern-ireland-wedding-photographer-killeavy-castle-wedding-photography-100_500.webp,creative-flash,,,,Y,1,Y,1,Y,1,killeavy castle|couple portraits|bride and groom|rainy wedding|umbrella portrait|night portrait|backlit rain|romantic mood|dramatic lighting|outdoor wedding|wedding portraits|intimate moment,MKB000729
Killeavy castle,couple portraits,MKB_weddings_mkb_Photography-Northern-ireland-wedding-photography-northern-ireland-wedding-photographer-killeavy-castle-wedding-photography-200_500.webp,,,,,,,,,,,killeavy castle|couple portraits|bride and groom|wedding portrait|stone tunnel|backlit|romantic|intimate|dramatic lighting|wedding dress|castle wedding|moody,MKB000730
Killeavy castle,couple portraits,MKB_weddings_mkb_Photography-Northern-ireland-wedding-photography-northern-ireland-wedding-photographer-killeavy-castle-wedding-photography-202_500.webp,creative-flash,,,,,,,,,,killeavy castle|couple portraits|bride and groom|tunnel portrait|black and white|dramatic lighting|romantic mood|intimate moment|wedding dress|groom suit|backlit|castle wedding,MKB000731
Killeavy castle,couple portraits,MKB_weddings_mkb_Photography-Northern-ireland-wedding-photography-northern-ireland-wedding-photographer-killeavy-castle-wedding-photography-206_500.webp,,,,,,,,,,,killeavy castle|couple portraits|bride and groom|wedding portrait|castle grounds|stone wall|outdoor wedding|natural light|romantic|intimate moment|bridal bouquet|soft mood,MKB000732
Killeavy castle,couple portraits,MKB_weddings_mkb_Photography-Northern-ireland-wedding-photography-northern-ireland-wedding-photographer-killeavy-castle-wedding-photography-212_500.webp,,,,,,,,,,,killeavy castle|couple portraits|bride and groom|woodland|tree-lined path|natural light|romantic|joyful|wedding bouquet|bridal veil|outdoor portraits|wedding day,MKB000733
Killeavy castle,couple portraits,MKB_weddings_mkb_Photography-Northern-ireland-wedding-photography-northern-ireland-wedding-photographer-killeavy-castle-wedding-photography-254_500.webp,,,,,,,,,,,killeavy castle|couple portraits|bride and groom|bathtub portrait|indoor portrait|blue room|checkered floor|soft light|playful mood|romantic moment|wedding dress|groom suit,MKB000734
Killeavy castle,couple portraits,MKB-weddings-mkb-photography-northern-ireland-wedding-photographer-killeavy-castle-newry-wedding-photography5_500.webp,,,,,,,,,,,killeavy castle|bridal portrait|bride|wedding dress|veil|bouquet|castle doorway|red carpet|natural light|elegant|romantic|couple portraits,MKB000735
Killeavy castle,couple portraits,MKB-weddings-mkb-photography-northern-ireland-wedding-photographer-killeavy-castle-newry-wedding-photography6_500.webp,,,,,Y,3,Y,2,,,killeavy castle|couple portraits|bride and groom|castle exterior|holding hands|wedding dress|black tie|daylight|romantic|elegant|wedding portraits|grand entrance,MKB000736
Killeavy castle,couple portraits,MKB-weddings-mkb-photography-northern-ireland-wedding-photographer-killeavy-castle-newry-wedding-photography7_500.webp,,,,,,,,,,,killeavy castle|couple portraits|bride and groom|castle doorway|wedding dress|black tie groom|bridal bouquet|veil|natural light|elegant|romantic|wedding portraits,MKB000737
Killeavy castle,couple portraits,MKB-weddings-mkb-photography-northern-ireland-wedding-photographer-killeavy-castle-newry-wedding-photography8_500.webp,,,,,,,,,,,killeavy castle|couple portraits|bride and groom|wedding dog|black and white|outdoor portraits|natural light|romantic|joyful|elegant wedding|pet at wedding|wedding portrait,MKB000738
Killeavy castle,couple portraits,MKB-weddings-mkb-photography-northern-ireland-wedding-photographer-killeavy-castle-newry-wedding-photography9_500.webp,,,,,,,,,,,killeavy castle|couple portraits|bride and groom|doorway portrait|black and white|backlit|romantic|intimate moment|wedding kiss|natural light|castle wedding|northern ireland wedding,MKB000739
Killeavy castle,couple portraits,mkb-weddings-northern-ireland-wedding-photographer-killeavy-castle-newry-wedding-photography-113_500.webp,creative-flash,,,,,,,,,,killeavy castle|castle exterior|couple portraits|bride and groom|wedding dress|groom suit|historic backdrop|overcast light|romantic mood|wedding bouquet|northern ireland wedding|castle wedding,MKB000740
Killeavy castle,couple portraits,mkb-weddings-northern-ireland-wedding-photographer-killeavy-castle-newry-wedding-photography-118_500.webp,,,,,,,,,,,killeavy castle|couple portraits|bride and groom|doorway portrait|pampas grass|wedding bouquet|natural light|romantic|elegant|posed portrait|wedding day|castle wedding,MKB000741
Killeavy castle,couple portraits,mkb-weddings-northern-ireland-wedding-photographer-killeavy-castle-newry-wedding-photography-139_500.webp,,,,,,,,,,,killeavy castle|couple portraits|bride and groom|indoor portrait|bathtub portrait|playful moment|romantic|soft lighting|wedding day|modern bridal style|castle wedding|northern ireland wedding,MKB000742
Killeavy castle,couple portraits,mkb-weddings-northern-ireland-wedding-photographer-killeavy-castle-newry-wedding-photography-143_500.webp,,,,,,,,,,,killeavy castle|couple portraits|bride and groom|autumn wedding|woodland portrait|outdoor wedding|soft natural light|romantic mood|wedding bouquet|veil portrait|castle grounds|northern ireland wedding,MKB000743
Killeavy castle,couple portraits,mkb-weddings-northern-ireland-wedding-photographer-killeavy-castle-newry-wedding-photography-154_500.webp,,,,,,,,,,,killeavy castle|couple portraits|bride and groom|woodland|autumn leaves|natural light|romantic|intimate|wedding portraits|bridal bouquet|veil|northern ireland,MKB000744
Killeavy castle,couple portraits,mkb-weddings-northern-ireland-wedding-photographer-killeavy-castle-newry-wedding-photography-157_500.webp,creative-flash,,,,,,,,,,killeavy castle|couple portraits|bride and groom|outdoor portrait|dramatic sky|moody lighting|romantic|countryside views|wedding dress|groom suit|cloudy weather|wedding portraits,MKB000745
Killeavy castle,couple portraits,mkb-weddings-northern-ireland-wedding-photographer-killeavy-castle-newry-wedding-photography-168_500.webp,,,,,,,,,,,killeavy castle|couple portraits|bride and groom|indoor portraits|fireplace|castle interior|natural light|romantic|elegant|relaxed|wedding portraits|sitting pose,MKB000746
Killeavy castle,couple portraits,mkb-weddings-northern-ireland-wedding-photographer-killeavy-castle-newry-wedding-photography-183_500.webp,,,,,,,,,,,killeavy castle|couple portraits|bride and groom|castle backdrop|stone wall|outdoor wedding|soft natural light|romantic|holding hands|wedding dress|groom suit|northern ireland wedding,MKB000747
Killeavy castle,couple portraits,mkb-weddings-northern-ireland-wedding-photographer-killeavy-castle-newry-wedding-photography-258_500.webp,,,,,,,,,,,killeavy castle|couple portraits|bride and groom|outdoor portrait|romantic embrace|natural light|joyful moment|wedding veil|close-up portrait|autumn greenery|intimate moment|wedding day,MKB000748
Killeavy castle,couple portraits,mkb-weddings-northern-ireland-wedding-photographer-killeavy-castle-newry-wedding-photography-110_500.webp,,,,,,,,,,,killeavy castle|bridal portrait|bride|castle doorway|wedding dress|veil|stone steps|red carpet|dramatic light|elegant|romantic|couple portraits,MKB000749
Killeavy castle,couple portraits,mkb-weddings-northern-ireland-wedding-photographer-killeavy-castle-newry-wedding-photography-114_500.webp,,,,,,,,,,,killeavy castle|couple portraits|bride and groom|castle doorway|stone steps|wedding dress|evening portrait|flash lighting|romantic|formal portrait|wedding day|elegant,MKB000750
Killeavy castle,couple portraits,mkb-weddings-northern-ireland-wedding-photographer-killeavy-castle-newry-wedding-photography-138_500.webp,,,,,,,,,,,killeavy castle|couple portraits|bride and groom|wedding car|car window|bridal bouquet|soft natural light|romantic|candid moment|just married|elegant wedding|newry wedding,MKB000751
Killeavy castle,couple portraits,mkb-weddings-northern-ireland-wedding-photographer-killeavy-castle-newry-wedding-photography-144-2_500.webp,,,,,,,,,,,killeavy castle|bridal portrait|bride|wedding dress|window light|castle interiors|elegant|romantic|soft light|couple portraits|wedding day|northern ireland wedding,MKB000752
Killeavy castle,couple portraits,mkb-weddings-northern-ireland-wedding-photographer-killeavy-castle-newry-wedding-photography-159_500.webp,,,,,,,,,,,killeavy castle|couple portraits|bride and groom|castle grounds|outdoor wedding|dramatic sky|romantic mood|scenic landscape|golden hour|wedding dress|northern ireland wedding|newlyweds,MKB000753
Killeavy castle,couple portraits,mkb-weddings-northern-ireland-wedding-photographer-killeavy-castle-newry-wedding-photography-160_500.webp,,,,,Y,2,Y,11,,,killeavy castle|couple portraits|bride and groom|outdoor portrait|mountain views|romantic embrace|dramatic sky|soft light|elegant bridal style|wedding dress|intimate moment|castle grounds,MKB000754
Killeavy castle,couple portraits,mkb-weddings-northern-ireland-wedding-photographer-killeavy-castle-newry-wedding-photography-171_500.webp,,,,,,,,,,,killeavy castle|couple portraits|bride and groom|outdoor portrait|autumn foliage|stone wall|natural light|romantic|intimate moment|wedding bouquet|veil|northern ireland wedding,MKB000755
Killeavy castle,details and decor,MKB_weddings_mkb_Photography-Northern-ireland-wedding-photography-northern-ireland-wedding-photographer-killeavy-castle-wedding-photography-219_500.webp,,,,,,,,,,,wedding cake|floral cake|cake details|reception decor|killeavy castle|soft light|romantic decor|elegant details|pink flowers|wedding details|dessert table|castle wedding,MKB000756
Killeavy castle,details and decor,MKB_weddings_mkb_Photography-Northern-ireland-wedding-photography-northern-ireland-wedding-photographer-killeavy-castle-wedding-photography-225_500.webp,,,,,,,,,,,killeavy castle|wedding reception|table decor|floral centerpiece|luxury decor|romantic lighting|soft light|elegant tablescape|wedding details|reception styling|pastel flowers|intimate mood,MKB000757
Killeavy castle,details and decor,mkb-weddings-northern-ireland-wedding-photographer-killeavy-castle-newry-wedding-photography-144_500.webp,,,,,,,,,,,killeavy castle|wedding decor|reception details|table setting|floral centerpiece|menu card|glassware|place settings|elegant|soft light|romantic mood|wedding reception,MKB000758
Killeavy castle,details and decor,mkb-weddings-northern-ireland-wedding-photographer-killeavy-castle-newry-wedding-photography-150_500.webp,,,,,,,,,,,wedding cake|cake table|floral decor|reception details|framed photos|window light|elegant decor|romantic mood|killeavy castle|wedding details,MKB000759
Killeavy castle,details and decor,mkb-weddings-northern-ireland-wedding-photographer-killeavy-castle-newry-wedding-photography-151_500.webp,,,,,,,,,,,killeavy castle|wedding decor|top table|floral arrangements|fairy lights|reception details|autumn flowers|romantic lighting|elegant decor|wedding breakfast|table styling|warm mood,MKB000760
Killeavy castle,details and decor,mkb-weddings-northern-ireland-wedding-photographer-killeavy-castle-newry-wedding-photography-155_500.webp,,,,,,,,,,,reception decor|wedding tables|floral centerpieces|fairy lights|warm lighting|romantic mood|castle wedding|killeavy castle|table settings|wedding details|reception room|elegant decor,MKB000761
Killeavy castle,family and bridal party,MKB_weddings_Ireland_Northen_ireland_Wedding_killeavy-castle-hotel-spa-Wedding_Photography-450_500.webp,,,,,,,,,,,killeavy castle|bridal party|family portraits|wedding group|castle entrance|red carpet|bride and groom|bridesmaids|groomsmen|soft daylight|formal portrait|elegant mood,MKB000762
Killeavy castle,family and bridal party,MKB_weddings_Ireland_Northen_ireland_Wedding_Photography_killeavy-castle_Wedding_Photography-531_500.webp,,,,,,,,,,,killeavy castle|bridal party|family portraits|bride and groom|wedding kiss|castle entrance|outdoor wedding|natural light|romantic moment|formal attire|joyful mood|wedding portraits,MKB000763
Killeavy castle,family and bridal party,mkb-weddings-northern-ireland-wedding-photographer-killeavy-castle-newry-wedding-photography-133_500.webp,,,,,,,,,,,killeavy castle|bridal party|family portraits|bride and groom|bridesmaids|groomsmen|castle steps|red carpet|natural light|formal portrait|elegant|wedding day,MKB000764
Killeavy castle,family and bridal party,mkb-weddings-northern-ireland-wedding-photographer-killeavy-castle-newry-wedding-photography-128_500.webp,,,,,,,,,,,killeavy castle|bride|bridesmaids|bridal party|castle entrance|red carpet|bouquets|blue dresses|natural light|joyful|formal portraits|wedding party,MKB000765
Killeavy castle,family and bridal party,mkb-weddings-northern-ireland-wedding-photographer-killeavy-castle-newry-wedding-photography-136_500.webp,,,,,,,,,,,killeavy castle|bridal party|family portraits|bride and groom|bridesmaids|groomsmen|castle entrance|red carpet|natural light|formal wedding|joyful mood|wedding portraits,MKB000766
Killeavy castle,family and bridal party,mkb-weddings-northern-ireland-wedding-photographer-killeavy-castle-newry-wedding-photography-252_500.webp,,,,,,,,,,,killeavy castle|bridal party|bride|bridesmaids|flower girl|family portraits|blue dresses|wedding bouquets|castle steps|natural light|joyful|pre ceremony,MKB000767
Killeavy castle,getting ready,MKB_weddings_Ireland_Northen_ireland_Wedding_killeavy-castle-hotel-spa-Wedding_Photography-140_500.webp,,,,,,,,,,,killeavy castle|getting ready|bridesmaids|mirror reflection|blue dresses|bridal prep|natural light|candid moment|happy mood|wedding morning,MKB000768
Killeavy castle,getting ready,MKB_weddings_Ireland_Northen_ireland_Wedding_Photography_killeavy-castle_Wedding_Photography-190_500.webp,,,,,,,,,,,killeavy castle|getting ready|bride|wedding dress|dress fitting|bridal prep|morning preparations|soft light|elegant|calm moment|bridal portrait|ireland wedding,MKB000769
Killeavy castle,getting ready,MKB_weddings_mkb_Photography-Northern-ireland-wedding-photography-northern-ireland-wedding-photographer-killeavy-castle-wedding-photography-120_500.webp,,,,,,,,,,,killeavy castle|getting ready|bridesmaids|champagne toast|bridal party|matching pyjamas|morning preparations|natural light|joyful|candid|indoor|wedding morning,MKB000770
Killeavy castle,getting ready,MKB_weddings_mkb_Photography-Northern-ireland-wedding-photography-northern-ireland-wedding-photographer-killeavy-castle-wedding-photography-141_500.webp,,,,,,,,,,,killeavy castle|getting ready|bride|bridesmaid|wedding dress|dress fastening|bridal prep|veil|window light|warm tones|candid moment|elegant mood,MKB000771
Killeavy castle,getting ready,MKB_weddings_mkb_Photography-Northern-ireland-wedding-photography-northern-ireland-wedding-photographer-killeavy-castle-wedding-photography-146_500.webp,,,,,,,,,,,killeavy castle|getting ready|bride|bridal prep|earrings|wedding dress|veil|black and white|window light|mirror portrait|elegant|quiet moment,MKB000772
Killeavy castle,getting ready,MKB_weddings_mkb_Photography-Northern-ireland-wedding-photography-northern-ireland-wedding-photographer-killeavy-castle-wedding-photography-147_500.webp,,,,,,,,,,,killeavy castle|getting ready|bride|bridal portrait|wedding dress|staircase|indoor|soft light|elegant|romantic|bridal prep|castle wedding,MKB000773
Killeavy castle,getting ready,MKB_weddings_mkb_Photography-Northern-ireland-wedding-photography-northern-ireland-wedding-photographer-killeavy-castle-wedding-photography-154_500.webp,,,,,,,,,,,killeavy castle|getting ready|bride|wedding dress|first look|family moment|emotional|black and white|indoor|natural light|candid|bridal reveal,MKB000774
Killeavy castle,getting ready,MKB_weddings_mkb_Photography-Northern-ireland-wedding-photography-northern-ireland-wedding-photographer-killeavy-castle-wedding-photography-164_500.webp,,,,,,,,,,,getting ready|killeavy castle|bride|bridesmaids|hands detail|wedding morning|black and white|soft light|candid|joyful|friendship|bridal prep,MKB000775
Killeavy castle,getting ready,MKB-weddings-mkb-photography-northern-ireland-wedding-photographer-killeavy-castle-newry-wedding-photography10_500.webp,,,,,,,,,,,killeavy castle|getting ready|bride|groom|staircase|hallway|wedding dress|black tie|natural light|anticipation|emotional moment|first look,MKB000776
Killeavy castle,getting ready,MKB-weddings-mkb-photography-northern-ireland-wedding-photographer-killeavy-castle-newry-wedding-photography11_500.webp,,,,,,,,,,,killeavy castle|getting ready|bride|bridal robe|wedding morning|reading card|champagne|soft light|indoor portrait|emotional moment|bridal prep|calm mood,MKB000777
Killeavy castle,getting ready,mkb-weddings-northern-ireland-wedding-photographer-killeavy-castle-newry-wedding-photography-126_500.webp,,,,,,,,,,,killeavy castle|getting ready|groom prep|groom portrait|boutonniere|wedding suit|window light|indoor|candid|calm mood|wedding morning|newry wedding,MKB000778
Killeavy castle,getting ready,mkb-weddings-northern-ireland-wedding-photographer-killeavy-castle-newry-wedding-photography-240_500.webp,,,,,,,,,,,killeavy castle|getting ready|bride|bridal portrait|wedding car|bouquet|veil|window light|joyful|elegant|candid|wedding morning,MKB000779
Killeavy castle,reception and party,MKB_weddings_Ireland_Northen_ireland_Wedding_killeavy-castle-hotel-spa-Wedding_Photography-477_500.webp,,,,,,,,,,,killeavy castle|reception|bride|telephone booth|candid|warm light|playful|party moment|wedding dress|indoor portrait,MKB000780
Killeavy castle,reception and party,MKB_weddings_Ireland_Northen_ireland_Wedding_killeavy-castle-hotel-spa-Wedding_Photography-542_500.webp,,,,,,,,,,,killeavy castle|reception|first dance|bride and groom|dance floor|wedding guests|fairy lights|spotlight|romantic|evening party|celebration|candid,MKB000781
Killeavy castle,reception and party,MKB_weddings_Ireland_Northen_ireland_Wedding_Photography_killeavy-castle_Wedding_Photography-100_500.webp,,,,,,,,,,,killeavy castle|reception|fireworks|night portrait|bride and groom|couple kiss|sparkler light|romantic|celebration|wedding party|outdoor|dramatic lighting,MKB000782
Killeavy castle,reception and party,MKB_weddings_Ireland_Northen_ireland_Wedding_Photography_killeavy-castle_Wedding_Photography-609_500.webp,,,,,,,,,,,killeavy castle|reception|wedding games|shoe game|bride and groom|dance floor|fairy lights|chandelier|flash lighting|fun moment|party atmosphere|evening reception,MKB000783
Killeavy castle,reception and party,MKB_weddings_Ireland_Northen_ireland_Wedding_Photography_killeavy-castle_Wedding_Photography-618_500.webp,,,,,Y,6,Y,2,,,killeavy castle|wedding reception|first dance|bride and groom|dance floor|party|twirl|sparkler light|fairy lights|joyful|evening celebration|candid moment,MKB000784
Killeavy castle,reception and party,MKB_weddings_Ireland_Northen_ireland_Wedding_Photography_killeavy-castle_Wedding_Photography-669_500.webp,,,,,,,,,,,killeavy castle|wedding fireworks|reception|evening celebration|bride and groom|night portrait|romantic moment|outdoor scene|sparkler light|dramatic sky|wedding party|ireland wedding,MKB000785
Killeavy castle,reception and party,MKB_weddings_mkb_Photography-Northern-ireland-wedding-photography-northern-ireland-wedding-photographer-killeavy-castle-wedding-photography-125_500.webp,,,,,,,,,,,killeavy castle|wedding reception|bride and groom|guests cheering|dance floor|marquee reception|natural light|joyful moments|party atmosphere|candid laughter|celebration|bouquet toss,MKB000786
Killeavy castle,reception and party,MKB_weddings_mkb_Photography-Northern-ireland-wedding-photography-northern-ireland-wedding-photographer-killeavy-castle-wedding-photography-132_500.webp,,,,,,,,,,,killeavy castle|wedding reception|first dance|bride and groom|dance floor|guests cheering|marquee wedding|romantic dip|evening party|soft lighting|joyful celebration|floral decor,MKB000787
Killeavy castle,reception and party,MKB_weddings_mkb_Photography-Northern-ireland-wedding-photography-northern-ireland-wedding-photographer-killeavy-castle-wedding-photography-150_500.webp,,,,,,,,,,,killeavy castle|wedding reception|top table|bride|wedding guests|speeches|black and white|natural light|candid moment|joyful mood|party atmosphere|northern ireland wedding,MKB000788
Killeavy castle,reception and party,MKB-weddings-mkb-photography-northern-ireland-wedding-photographer-killeavy-castle-newry-wedding-photography1_500.webp,,,,,,,,,,,killeavy castle|wedding reception|first dance|bride and groom|dance floor|fairy lights|black and white|party atmosphere|romantic moment|evening celebration|wedding guests|joyful,MKB000789
Killeavy castle,reception and party,MKB-weddings-mkb-photography-northern-ireland-wedding-photographer-killeavy-castle-newry-wedding-photography2_500.webp,,,,,,,,,,,killeavy castle|reception|sparkler exit|bride and groom|wedding guests|castle steps|evening light|celebration|party atmosphere|joyful|outdoor wedding|northern ireland wedding,MKB000790
Killeavy castle,reception and party,MKB-weddings-mkb-photography-northern-ireland-wedding-photographer-killeavy-castle-newry-wedding-photography3_500.webp,,,,,,,,,,,killeavy castle|wedding reception|speeches|groom speech|top table|bride laughing|wedding party|marquee reception|fairy lights|candid moment|joyful|northern ireland wedding,MKB000791
Killeavy castle,reception and party,MKB-weddings-mkb-photography-northern-ireland-wedding-photographer-killeavy-castle-newry-wedding-photography4_500.webp,,,,,,,,,,,killeavy castle|reception|wedding party|bride and groom|candid moments|black and white|window light|elegant room|relaxed mood|castle wedding|group portrait|wedding celebration,MKB000792
Killeavy castle,reception and party,mkb-weddings-northern-ireland-wedding-photographer-killeavy-castle-newry-wedding-photography-190_500.webp,,,,,,,,,,,killeavy castle|wedding reception|speech|top table|bridal party|indoor reception|warm lighting|candid moment|celebration|floral decor|evening party|documentary photography,MKB000793
Killeavy castle,reception and party,mkb-weddings-northern-ireland-wedding-photographer-killeavy-castle-newry-wedding-photography-276_500.webp,,,,,,,,,,,killeavy castle|wedding reception|top table|wedding speeches|groom laughing|bride reaction|wedding party|warm lighting|joyful mood|candid moment|reception decor|northern ireland wedding,MKB000794
Killeavy castle,reception and party,mkb-weddings-northern-ireland-wedding-photographer-killeavy-castle-newry-wedding-photography-294_500.webp,,,,,,,,,,,killeavy castle|wedding reception|first dance|bride and groom|dance floor|marquee reception|fairy lights|backlit|romantic|celebration|wedding guests|party,MKB000795
Killeavy castle,reception and party,mkb-weddings-northern-ireland-wedding-photographer-killeavy-castle-newry-wedding-photography-366_500.webp,,,,,,,,,,,killeavy castle|wedding reception|live music|dance floor|bride|wedding guests|party atmosphere|evening light|fairy lights|candid moment|black and white|celebration,MKB000796
Killeavy castle,reception and party,mkb-weddings-northern-ireland-wedding-photographer-killeavy-castle-newry-wedding-photography-303_500.webp,,,,,,,,,,,killeavy castle|wedding reception|first dance|bride and groom|dance floor|guests watching|warm lighting|joyful moment|indoor celebration|party atmosphere,MKB000797
Kilmore house,couple portraits,mkb-weddings-northern-ireland-wedding-photographer-kilmore-house-cookstown-wedding-photography-10_500.webp,creative-flash,,,,,,,,,,kilmore house|couple portraits|bride and groom|coastal wedding|dramatic sky|moody lighting|romantic portrait|wedding dress|groom suit|bouquet|shoreline|northern ireland wedding,MKB000798
Kilmore house,couple portraits,mkb-weddings-northern-ireland-wedding-photographer-kilmore-house-glenarif-wedding-photography-1_500.webp,,,,,,,,,,,kilmore house|couple portraits|bride and groom|coastal portrait|beach wedding|dramatic sky|natural light|romantic|moody|mountain backdrop|wedding portraits|northern ireland,MKB000799
Kilmore house,couple portraits,mkb-weddings-northern-ireland-wedding-photographer-kilmore-house-glenarif-wedding-photography-2_500.webp,,,,,,,,,,,couple portraits|bride and groom|mountain backdrop|outdoor wedding|kilmore house|soft light|romantic|scenic landscape|intimate moment|wedding portraits|northern ireland|countryside,MKB000800
La mon hotel,couple portraits,mkb-weddings-mkb-photography-northern-ireland-wedding-photography-la-mon-hotel-belfast-wedding-photography--347_500.webp,,,,,,,,,,,la mon hotel|couple portraits|bride and groom|outdoor garden|wedding kiss|romantic|natural light|wedding bouquet|summer wedding|lawn portraits,MKB000801
La mon hotel,couple portraits,mkb-weddings-mkb-photography-northern-ireland-wedding-photography-la-mon-hotel-belfast-wedding-photography--390_500.webp,,,,,,,,,,,couple portraits|bride and groom|wedding kiss|romantic|black and white|outdoor portraits|field|cloudy sky|soft light|wedding bouquet|intimate moment|la mon hotel,MKB000802
La mon hotel,couple portraits,mkb-weddings-mkb-photography-northern-ireland-wedding-photography-la-mon-hotel-belfast-wedding-photography--392_500.webp,,,,,,,,,,,couple portraits|bride and groom|field portrait|wheat field|outdoor wedding|overcast light|romantic|intimate moment|wedding kiss|bridal bouquet|veil|countryside,MKB000803
La mon hotel,couple portraits,mkb-weddings-mkb-photography-northern-ireland-wedding-photography-la-mon-hotel-belfast-wedding-photography--394_500.webp,creative-flash,,,,,,,,,,couple portraits|bride and groom|wheat field|stormy sky|dramatic clouds|natural light|romantic|moody|wedding bouquet|outdoor portraits|holding hands|countryside wedding,MKB000804
La mon hotel,couple portraits,mkb-weddings-mkb-photography-northern-ireland-wedding-photography-la-mon-hotel-belfast-wedding-photography--397_500.webp,,,,,,,,,,,couple portraits|bride and groom|outdoor wedding|field portraits|walking together|holding hands|wedding bouquet|overcast light|romantic|natural moments|wedding dress|grey suit,MKB000805
La mon hotel,couple portraits,mkb-weddings-mkb-photography-northern-ireland-wedding-photography-la-mon-hotel-belfast-wedding-photography--404_500.webp,,,,,,,,,,,la mon hotel|couple portraits|bride and groom|wheat field|outdoor portrait|natural light|romantic|intimate pose|bridal bouquet|wedding dress|groom suit|belfast wedding,MKB000806
La mon hotel,couple portraits,mkb-weddings-mkb-photography-northern-ireland-wedding-photography-la-mon-hotel-belfast-wedding-photography--408_500.webp,,,,,,,,,,,couple portraits|bride and groom|outdoor portrait|field|golden grass|wedding kiss|romantic|soft light|bouquet|natural backdrop|la mon hotel|belfast wedding,MKB000807
La mon hotel,couple portraits,mkb-weddings-mkb-photography-northern-ireland-wedding-photography-la-mon-hotel-belfast-wedding-photography--410_500.webp,,,,,,,,,,,couple portraits|bride and groom|wheat field|outdoor wedding|natural light|romantic|bridal bouquet|wedding dress|groom portrait|summer wedding|soft mood|la mon hotel,MKB000808
La mon hotel,couple portraits,mkb-weddings-mkb-photography-northern-ireland-wedding-photography-la-mon-hotel-belfast-wedding-photography--412_500.webp,,,,,,,,,,,couple portraits|bride and groom|holding hands|wheat field|countryside|outdoor portraits|natural light|dramatic sky|romantic|walking together|wedding portraits|la mon hotel,MKB000809
La mon hotel,couple portraits,MKB-weddings-Northern-ireland-wedding-photography-northern-ireland-wedding-photographer-la-mon-hotel-belfast-wedding-photography-115_500.webp,,,,,,,,,,,la mon hotel|couple portraits|bride and groom|outdoor portraits|natural light|romantic|wedding bouquet|soft focus|garden setting|intimate moment|wedding day|northern ireland wedding,MKB000810
La mon hotel,couple portraits,MKB-weddings-Northern-ireland-wedding-photography-northern-ireland-wedding-photographer-la-mon-hotel-belfast-wedding-photography-195_500.webp,,,,,,,,,,,couple portraits|bride and groom|wedding dog|outdoor portraits|woodland setting|natural light|playful moment|romantic|wedding bouquet|veil|black tie groom|la mon hotel,MKB000811
La mon hotel,getting ready,mkb-weddings-mkb-photography-northern-ireland-wedding-photography-la-mon-hotel-belfast-wedding-photography--100_500.webp,,,,,,,,,,,getting ready|bridal details|wedding flat lay|wedding rings|bridal bouquet|wedding shoes|bridal jewellery|soft light|romantic mood|morning preparations|la mon hotel|belfast wedding,MKB000812
La mon hotel,getting ready,mkb-weddings-mkb-photography-northern-ireland-wedding-photography-la-mon-hotel-belfast-wedding-photography--101_500.webp,,,,,,,,,,,wedding rings|ring detail|bridal bouquet|red roses|floral details|getting ready|detail shot|romantic|soft light|close up|wedding morning,MKB000813
La mon hotel,getting ready,mkb-weddings-mkb-photography-northern-ireland-wedding-photography-la-mon-hotel-belfast-wedding-photography--102_500.webp,,,,,,,,,,,bridal jewellery|wedding details|getting ready|bracelet closeup|accessories|natural light|soft light|elegant|romantic|detail shot|la mon hotel,MKB000814
La mon hotel,getting ready,mkb-weddings-mkb-photography-northern-ireland-wedding-photography-la-mon-hotel-belfast-wedding-photography--119_500.webp,,,,,,,,,,,getting ready|bridal makeup|lipstick application|bride portrait|makeup artist|soft light|calm mood|wedding morning|close up|beauty prep|indoor scene,MKB000815
La mon hotel,getting ready,mkb-weddings-mkb-photography-northern-ireland-wedding-photography-la-mon-hotel-belfast-wedding-photography--127_500.webp,,,,,,,,,,,getting ready|groom prep|groom|grey suit|red tie|cuff adjustment|window light|indoor portrait|calm moment|wedding morning|la mon hotel|belfast wedding,MKB000816
La mon hotel,getting ready,mkb-weddings-mkb-photography-northern-ireland-wedding-photography-la-mon-hotel-belfast-wedding-photography--130_500.webp,,,,,,,,,,,getting ready|groom details|pocket watch|wedding accessories|waistcoat|hands|natural light|intimate moment|classic style|morning prep|la mon hotel,MKB000817
La mon hotel,getting ready,mkb-weddings-mkb-photography-northern-ireland-wedding-photography-la-mon-hotel-belfast-wedding-photography--141_500.webp,,,,,,,,,,,getting ready|groom|groomsmen|hotel room|la mon hotel|wedding suits|candid laughter|playful moment|natural light|morning preparations|belfast wedding|group portrait,MKB000818
La mon hotel,getting ready,mkb-weddings-mkb-photography-northern-ireland-wedding-photography-la-mon-hotel-belfast-wedding-photography--157_500.webp,,,,,,,,,,,getting ready|bride|bridesmaids|wedding dress|dress fastening|hotel room|natural light|bridal prep|happy moments|red bridesmaid dresses|morning preparations|la mon hotel,MKB000819
La mon hotel,getting ready,mkb-weddings-mkb-photography-northern-ireland-wedding-photography-la-mon-hotel-belfast-wedding-photography--167_500.webp,,,,,,,,,,,getting ready|bride|bridal shoes|wedding dress|hotel room|natural light|soft light|calm moment|morning prep|bridal portrait|red sofa|northern ireland wedding,MKB000820
La mon hotel,getting ready,MKB-weddings-Northern-ireland-wedding-photography-northern-ireland-wedding-photographer-la-mon-hotel-belfast-wedding-photography-111_500.webp,,,,,,,,,,,getting ready|la mon hotel|bride|bridesmaid|bridal robes|champagne|morning preparations|indoor portrait|natural light|happy moments|wedding morning|belfast wedding,MKB000821
La mon hotel,getting ready,MKB-weddings-Northern-ireland-wedding-photography-northern-ireland-wedding-photographer-la-mon-hotel-belfast-wedding-photography-121_500.webp,,,,,,,,,,,getting ready|bride|bridal robe|mirror portrait|soft light|morning prep|wedding morning|calm mood|indoor|la mon hotel|bridal prep|reflection,MKB000822
La mon hotel,getting ready,MKB-weddings-Northern-ireland-wedding-photography-northern-ireland-wedding-photographer-la-mon-hotel-belfast-wedding-photography-135_500.webp,,,,,,,,,,,getting ready|bride|bridesmaids|wedding dress|dress fitting|window light|soft light|bridal prep|morning preparations|calm moment|hotel room|la mon hotel,MKB000823
La mon hotel,reception and party,MKB-weddings-Northern-ireland-wedding-photography-northern-ireland-wedding-photographer-la-mon-hotel-belfast-wedding-photography-243_500.webp,,,,,,,,,,,reception|speeches|top table|wedding party|guest toast|indoor reception|fairy lights|candid moments|celebration|evening party|joyful mood|la mon hotel,MKB000824
La mon hotel,reception and party,MKB-weddings-Northern-ireland-wedding-photography-northern-ireland-wedding-photographer-la-mon-hotel-belfast-wedding-photography-280_500.webp,,,,,,,,,,,la mon hotel|wedding reception|dance floor|children dancing|love letters|party moments|black and white|fun candid|evening reception|joyful mood|wedding guests|reception lighting,MKB000825
La mon hotel,reception and party,MKB-weddings-Northern-ireland-wedding-photography-northern-ireland-wedding-photographer-la-mon-hotel-belfast-wedding-photography-294_500.webp,,,,,,,,,,,la mon hotel|wedding reception|first dance|bride and groom|dance floor|wedding party|indoor reception|flash lighting|joyful moment|guests watching|romantic dance|northern ireland wedding,MKB000826
Landsdowne Hotel,ceremony,mkb-weddings-landsdowne-hotel-belfast-wedding-photographer-107_500.webp,,,,,,,,,,,ceremony|indoor wedding|aisle walk|bride entrance|groom waiting|father of bride|soft lighting|romantic|emotional|floral decor|hotel wedding|landsdowne hotel,MKB000827
Landsdowne Hotel,ceremony,mkb-weddings-landsdowne-hotel-belfast-wedding-photographer-109_500.webp,,,,,,,,,,,ceremony|aisle walk|bride entrance|indoor wedding|wedding party|flower girl|guests|chandelier lighting|warm light|emotional moment|landsdowne hotel|belfast wedding,MKB000828
Landsdowne Hotel,ceremony,mkb-weddings-landsdowne-hotel-belfast-wedding-photographer-133_500.webp,,,,,,,,,,,ceremony|landsdowne hotel|bride and groom|wedding vows|indoor ceremony|aisle decor|soft lighting|romantic mood|guest seating|officiant|belfast wedding|candid moment,MKB000829
Landsdowne Hotel,ceremony,mkb-weddings-landsdowne-hotel-belfast-wedding-photographer-137_500.webp,,,,,,,,,,,ceremony|ring exchange|wedding rings|close up|hands|bride|groom|soft light|romantic|intimate moment|landsdowne hotel|belfast wedding,MKB000830
Landsdowne Hotel,ceremony,mkb-weddings-landsdowne-hotel-belfast-wedding-photographer-158_500.webp,,,,,,,,,,,ceremony|bride and groom|indoor wedding|soft light|romantic|joyful|wedding vows|top table|floral decor|white drapes|landsdowne hotel|belfast wedding,MKB000831
Landsdowne Hotel,ceremony,mkb-weddings-landsdowne-hotel-belfast-wedding-photographer-164_500.webp,,,,,,,,,,,landsdowne hotel|ceremony|indoor ceremony|bride and groom|aisle walk|wedding recessional|guests applauding|joyful moment|soft window light|hotel wedding|belfast wedding|celebration,MKB000832
Landsdowne Hotel,ceremony,mkb-weddings-landsdowne-hotel-belfast-wedding-photographer-169_500.webp,,,,,,,,,,,ceremony|bride and groom|aisle walk|processional|hotel wedding|indoor ceremony|natural light|bright lighting|romantic|joyful|guests|landsdowne hotel,MKB000833
Landsdowne Hotel,couple portraits,mkb-weddings-landsdowne-hotel-belfast-wedding-photographer-213_500.webp,,,,,,,,,,,couple portraits|bride and groom|stone arch|outdoor portrait|soft daylight|romantic|elegant|wedding dress|black tie|bridal bouquet|landsdowne hotel|wedding portraits,MKB000834
Landsdowne Hotel,couple portraits,mkb-weddings-landsdowne-hotel-belfast-wedding-photographer-218_500.webp,,,,,,,,,,,couple portraits|bride and groom|stone staircase|outdoor wedding|natural light|romantic|historic backdrop|wedding dress|black tie|holding hands|elegant|landsdowne hotel,MKB000835
Landsdowne Hotel,couple portraits,mkb-weddings-landsdowne-hotel-belfast-wedding-photographer-220_500.webp,,,,,,,,,,,couple portraits|bride and groom|outdoor walkway|garden portraits|soft natural light|romantic mood|hand in hand|wedding bouquet|black tie wedding|walking portrait|belfast wedding|landsdowne hotel,MKB000836
Landsdowne Hotel,couple portraits,mkb-weddings-landsdowne-hotel-belfast-wedding-photographer-221_500.webp,creative-flash,,,,,,,,,,landsdowne hotel|couple portraits|bride and groom|outdoor wedding|garden portraits|evergreen backdrop|natural light|romantic|classic wedding|wedding dress|black tuxedo|bridal bouquet,MKB000837
Landsdowne Hotel,couple portraits,mkb-weddings-landsdowne-hotel-belfast-wedding-photographer-222_500.webp,,,,,,,,,,,couple portraits|bride and groom|outdoor portraits|natural light|romantic|embrace|wedding dress|veil|bridal bouquet|greenery|intimate moment|landsdowne hotel,MKB000838
Landsdowne Hotel,couple portraits,mkb-weddings-landsdowne-hotel-belfast-wedding-photographer-225_500.webp,,,,,,,,,,,couple portraits|bride and groom|newlyweds|outdoor portrait|natural light|romantic|intimate moment|wedding veil|bridal bouquet|soft focus|landsdowne hotel|belfast wedding,MKB000839
Landsdowne Hotel,couple portraits,mkb-weddings-landsdowne-hotel-belfast-wedding-photographer-226_500.webp,creative-flash,,,,,,,,,,couple portraits|bride and groom|outdoor portrait|coastal view|dramatic sky|soft evening light|romantic|wedding bouquet|veil|black tie|wedding day|landsdowne hotel,MKB000840
Landsdowne Hotel,couple portraits,mkb-weddings-landsdowne-hotel-belfast-wedding-photographer-228_500.webp,creative-flash,,,,,,,,,,couple portraits|bride and groom|wedding portrait|ornate staircase|indoor wedding|dramatic lighting|romantic mood|historic interior|elegant wedding|landsdowne hotel|belfast wedding|newlyweds,MKB000841
Landsdowne Hotel,couple portraits,mkb-weddings-landsdowne-hotel-belfast-wedding-photographer-231_500.webp,,,,,,,,,,,couple portraits|bride and groom|romantic kiss|stone archway|soft natural light|intimate moment|wedding portraits|elegant wedding|moody lighting|bridal bouquet|landsdowne hotel|belfast wedding,MKB000842
Landsdowne Hotel,couple portraits,mkb-weddings-landsdowne-hotel-belfast-wedding-photographer-232_500.webp,,,,,,,,,,,couple portraits|bride and groom|landsdowne hotel|belfast wedding|historic building|evening portraits|dramatic lighting|romantic mood|wedding dress|bridal bouquet|outdoor portraits|castle backdrop,MKB000843
Landsdowne Hotel,couple portraits,mkb-weddings-landsdowne-hotel-belfast-wedding-photographer-233_500.webp,creative-flash,,,,,,,,,,couple portraits|bride and groom|outdoor portrait|landsdowne hotel|golden hour|soft light|romantic|wedding day|bridal bouquet|veil|reflective glass|belfast wedding,MKB000844
Landsdowne Hotel,couple portraits,mkb-weddings-landsdowne-hotel-belfast-wedding-photographer-234_500.webp,creative-flash,,,,,,,,,,couple portraits|bride and groom|outdoor portraits|landsdowne hotel|sunset light|dramatic sky|romantic mood|wedding bouquet|elegant attire|belfast wedding|evening portraits|wedding day,MKB000845
Landsdowne Hotel,couple portraits,mkb-weddings-landsdowne-hotel-belfast-wedding-photographer-235_500.webp,creative-flash,,,,,,,,,,couple portraits|bride and groom|outdoor portraits|stone terrace|garden wedding|moody lighting|dramatic portrait|romantic|wedding day|landsdowne hotel|belfast wedding|editorial style,MKB000846
Landsdowne Hotel,details and decor,mkb-weddings-landsdowne-hotel-belfast-wedding-photographer-12_500.webp,,,,,,,,,,,bridal shoes|wedding details|bridal accessories|getting ready|soft light|romantic|elegant|lace details|wedding morning|detail shot,MKB000847
Landsdowne Hotel,details and decor,mkb-weddings-landsdowne-hotel-belfast-wedding-photographer-18_500.webp,,,,,,,,,,,landsdowne hotel|wedding details|groom style|black tuxedo|bow tie|buttonhole|floral boutonniere|poppy pin|formalwear|soft light|elegant|wedding morning,MKB000848
Landsdowne Hotel,details and decor,mkb-weddings-landsdowne-hotel-belfast-wedding-photographer-254_500.webp,,,,,,,,,,,landsdowne hotel|wedding decor|reception details|table styling|candlelight|floral decor|pampas grass|soft lighting|romantic mood|elegant details|warm tones|belfast wedding,MKB000849
Landsdowne Hotel,details and decor,mkb-weddings-landsdowne-hotel-belfast-wedding-photographer-255_500.webp,,,,,,,,,,,wedding decor|reception details|candlelight|wooden lanterns|table styling|indoor reception|warm lighting|romantic mood|floral decor|hotel wedding|aisle decor|landsdowne hotel,MKB000850
Landsdowne Hotel,details and decor,mkb-weddings-landsdowne-hotel-belfast-wedding-photographer-257_500.webp,,,,,,,,,,,reception decor|table setting|floral centerpiece|wedding flowers|table number|banquet room|soft lighting|elegant decor|romantic mood|wedding details|landsdowne hotel|belfast wedding,MKB000851
Landsdowne Hotel,details and decor,mkb-weddings-landsdowne-hotel-belfast-wedding-photographer-70_500.webp,,,,,,,,,,,bridal bouquet|bouquet charm|bride hands|wedding details|floral details|soft light|romantic mood|delicate decor|wedding flowers|bridal accessories|detail shot|landsdowne hotel,MKB000852
Landsdowne Hotel,details and decor,mkb-weddings-landsdowne-hotel-belfast-wedding-photographer-91_500.webp,,,,,,,,,,,wedding decor|floral arrangement|table decor|candles|blush flowers|romantic details|soft lighting|wedding reception|reception styling|landsdowne hotel,MKB000853
Landsdowne Hotel,details and decor,mkb-weddings-landsdowne-hotel-belfast-wedding-photographer-94_500.webp,,,,,,,,,,,wedding decor|floral arrangement|pampas grass|ceremony backdrop|draped fabric|indoor wedding|soft lighting|romantic mood|neutral tones|wedding details|landsdowne hotel|no people,MKB000854
Landsdowne Hotel,details and decor,mkb-weddings-landsdowne-hotel-belfast-wedding-photographer-96_500.webp,,,,,,,,,,,wedding decor|ceremony backdrop|floral arch|boho flowers|hexagon arch|draped fabric|pampas grass|soft light|romantic mood|no people|landsdowne hotel|wedding details,MKB000855
Landsdowne Hotel,details and decor,mkb-weddings-landsdowne-hotel-belfast-wedding-photographer-97_500.webp,,,,,,,,,,,wedding decor|chair bows|floral arrangements|ceremony setup|aisle decor|soft lighting|romantic mood|neutral tones|reception details|landsdowne hotel,MKB000856
Landsdowne Hotel,family and bridal party,mkb-weddings-landsdowne-hotel-belfast-wedding-photographer-198_500.webp,,,,,,,,,,,landsdowne hotel|bride and groom|flower girl|family portraits|bridal party|outdoor portrait|natural light|formal wedding photos|elegant|romantic|wedding flowers|belfast wedding,MKB000857
Landsdowne Hotel,family and bridal party,mkb-weddings-landsdowne-hotel-belfast-wedding-photographer-207_500.webp,,,,,,,,,,,bridal party|family portrait|bride and groom|bridesmaids|groomsmen|flower girl|outdoor portrait|daylight|stone backdrop|formal wedding|elegant|landsdowne hotel,MKB000858
Landsdowne Hotel,family and bridal party,mkb-weddings-landsdowne-hotel-belfast-wedding-photographer-72_500.webp,,,,,,,,,,,groom|groomsmen|black tie|tuxedos|bridal party|indoor portrait|hotel wedding|soft window light|formal|elegant|wedding morning|landsdowne hotel,MKB000859
Landsdowne Hotel,family and bridal party,mkb-weddings-landsdowne-hotel-belfast-wedding-photographer-76_500.webp,,,,,,,,,,,landsdowne hotel|bridal party|bridesmaids|flower girl|wedding bouquets|car portrait|natural light|soft window light|joyful moment|family wedding|belfast wedding|elegant portraits,MKB000860
Landsdowne Hotel,getting ready,mkb-weddings-landsdowne-hotel-belfast-wedding-photographer-20_500.webp,,,,,,,,,,,getting ready|groom prep|bow tie|mirror reflection|black and white|hotel room|landsdowne hotel|window light|candid|formalwear|wedding morning|quiet moment,MKB000861
Landsdowne Hotel,getting ready,mkb-weddings-landsdowne-hotel-belfast-wedding-photographer-34_500.webp,,,,,,,,,,,getting ready|bride prep|bridal makeup|mirror reflection|bride portrait|earrings|window light|soft light|calm mood|wedding morning|landsdowne hotel|belfast wedding,MKB000862
Landsdowne Hotel,getting ready,mkb-weddings-landsdowne-hotel-belfast-wedding-photographer-44_500.webp,,,,,,,,,,,getting ready|bride prep|bridal pajamas|outdoor portrait|morning light|soft sunlight|relaxed bride|champagne glass|wedding morning|landsdowne hotel|belfast wedding|candid portrait,MKB000863
Landsdowne Hotel,getting ready,mkb-weddings-landsdowne-hotel-belfast-wedding-photographer-4_500.webp,,,,,,,,,,,getting ready|bridal makeup|bride portrait|makeup artist|lip liner|indoor light|soft lighting|calm mood|elegant bridal|wedding morning|landsdowne hotel|belfast wedding,MKB000864
Landsdowne Hotel,getting ready,mkb-weddings-landsdowne-hotel-belfast-wedding-photographer-64_500.webp,,,,,,,,,,,landsdowne hotel|getting ready|bride|wedding dress|bridal veil|mirror portrait|natural light|elegant|calm moment|bridal prep|belfast wedding,MKB000865
Landsdowne Hotel,getting ready,mkb-weddings-landsdowne-hotel-belfast-wedding-photographer-65_500.webp,,,,,,,,,,,landsdowne hotel|getting ready|bride|wedding dress|staircase|bridal portrait|soft light|elegant|calm moment|indoor|belfast wedding,MKB000866
Landsdowne Hotel,reception and party,mkb-weddings-landsdowne-hotel-belfast-wedding-photographer-266_500.webp,,,,,,,,,,,reception|bride and groom|wedding portrait|outdoor seating|hotel wedding|evening light|romantic|elegant|floral decor|just married|belfast wedding|landsdowne hotel,MKB000867
Landsdowne Hotel,reception and party,mkb-weddings-landsdowne-hotel-belfast-wedding-photographer-330_500.webp,,,,,,,,,,,wedding reception|bride|wedding guest|party photos|dance floor|neon sign|flash lighting|fun mood|celebration|evening party|photo booth|landsdowne hotel,MKB000868
Landsdowne Hotel,reception and party,mkb-weddings-landsdowne-hotel-belfast-wedding-photographer-338_500.webp,,,,,,,,,,,reception|party|bride and groom|wedding guests|sparkler exit|night celebration|outdoor reception|festive lighting|joyful mood|group photo|landsdowne hotel|belfast wedding,MKB000869
Landsdowne Hotel,reception and party,mkb-weddings-landsdowne-hotel-belfast-wedding-photographer-370_500.webp,,,,,,,,,,,reception|first dance|bride and groom|dance floor|indoor wedding|sparkler fountain|black and white|dramatic lighting|wedding guests|celebration|romantic moment|landsdowne hotel,MKB000870
Larchfields,couple portraits,MKB_weddings_MKB_Photography_Ireland_Northen_ireland_Wedding_Photographer_Larchfield_estate_Wedding_Photography-361_500.webp,,,,,,,,,,,couple portraits|bride and groom|autumn wedding|outdoor portraits|golden hour|romantic|garden setting|wedding dress|groom suit|bridal bouquet|soft light|larchfields,MKB000871
Larchfields,couple portraits,MKB_weddings_MKB_Photography_Ireland_Northen_ireland_Wedding_Photographer_Larchfield_estate_Wedding_Photography-367_500.webp,,,,,,,,,,,larchfields|couple portraits|bride and groom|outdoor portraits|golden hour|backlit|romantic|joyful|wedding dress|groom suit|garden setting|newlyweds,MKB000872
Larchfields,couple portraits,MKB_weddings_MKB_Photography_Ireland_Northen_ireland_Wedding_Photographer_Larchfield_estate_Wedding_Photography-376_500.webp,,,,,,,,,,,larchfields|couple portraits|bride and groom|golden hour|backlit|veil|romantic|outdoor|woodland|silhouette|wedding portraits|intimate moment,MKB000873
Larchfields,couple portraits,MKB_weddings_MKB_Photography_Ireland_Northen_ireland_Wedding_Photographer_Larchfield_estate_Wedding_Photography-385_500.webp,creative-flash,,,,,,,,,,larchfields|couple portraits|bride and groom|wedding cars|vintage camper|vw beetle|outdoor portrait|dramatic sky|dusk light|romantic mood|wedding day|northern ireland wedding,MKB000874
Larchfields,couple portraits,MKB_weddings_MKB_Photography_Ireland_Northen_ireland_Wedding_Photographer_Larchfield_estate_Wedding_Photography-421_500.webp,creative-flash,,,,,,,,,,larchfields|couple portraits|bride and groom|autumn wedding|garden portraits|tree lined path|golden foliage|natural light|romantic|intimate moment|outdoor wedding|wedding portraits,MKB000875
Larchfields,couple portraits,MKB_weddings_MKB_Photography_Ireland_Northen_ireland_Wedding_Photographer_Larchfield_estate_Wedding_Photography-422_500.webp,,,,,,,,,,,larchfields|couple portraits|bride and groom|outdoor portrait|autumn wedding|brick wall|soft light|joyful|candid laugh|wedding bouquet|romantic|wedding day,MKB000876
Larchfields,couple portraits,MKB_weddings_MKB_Photography_Ireland_Northen_ireland_Wedding_Photographer_Larchfield_estate_Wedding_Photography-425_500.webp,,,,,,,,,,,larchfields|couple portraits|bride and groom|wedding portrait|autumn wedding|brick wall|bridal bouquet|natural light|romantic|intimate moment|outdoor portraits|wedding day,MKB000877
Larchfields,couple portraits,mkb-weddings-northern-ireland-wedding-photographer-larchfields-estate-lisburn-wedding-photography-32_500.webp,,,,,,,,,,,larchfields|couple portraits|bride and groom|garden portrait|outdoor wedding|holding hands|natural light|romantic|intimate moment|lush greenery|framed by foliage|wedding portraits,MKB000878
Larchfields,couple portraits,mkb-weddings-northern-ireland-wedding-photographer-larchfields-estate-lisburn-wedding-photography-33_500.webp,,,,,,,,,,,larchfields|couple portraits|bride and groom|garden|greenery|natural light|romantic|intimate|wedding portraits|outdoor wedding|soft focus|candid moment,MKB000879
Larchfields,couple portraits,mkb-weddings-northern-ireland-wedding-photographer-larchfields-estate-lisburn-wedding-photography-34_500.webp,,,,,,,,,,,larchfields|couple portraits|bride and groom|garden portrait|greenery|natural light|romantic|intimate|soft focus|wedding portraits|outdoor wedding|elegant,MKB000880
Larchfields,couple portraits,mkb-weddings-northern-ireland-wedding-photographer-larchfields-estate-lisburn-wedding-photography-35_500.webp,,,,,,,,,,,larchfields|couple portraits|bride and groom|garden portrait|outdoor wedding|natural light|romantic|lush greenery|intimate pose|wedding day|soft focus|northern ireland wedding,MKB000881
Larchfields,couple portraits,mkb-weddings-northern-ireland-wedding-photographer-larchfields-estate-lisburn-wedding-photography-36_500.webp,,,,,,,,,,,larchfields|couple portraits|bride and groom|indoor wedding|warm lighting|fairy lights|guest applause|candid moment|joyful|evening reception|wedding entrance|romantic,MKB000882
Larchfields,couple portraits,mkb-weddings-northern-ireland-wedding-photographer-larchfields-estate-lisburn-wedding-photography-37_500.webp,,,,,,,,,,,larchfields|couple portraits|bride and groom|tree lined driveway|silhouette|misty landscape|soft light|romantic mood|quiet moment|evening portraits|outdoor wedding|estate grounds,MKB000883
Larchfields,couple portraits,mkb-weddings-northern-ireland-wedding-photographer-larchfields-estate-lisburn-wedding-photography-38_500.webp,,,,,,,,,,,couple portraits|bride and groom|tree lined lane|misty morning|soft light|romantic mood|walking together|estate grounds|outdoor portraits|wedding day|silhouette|larchfields,MKB000884
Larchfields,couple portraits,mkb-weddings-northern-ireland-wedding-photographer-larchfields-estate-lisburn-wedding-photography-39_500.webp,,,,,,,,,,,larchfields|couple portraits|bride and groom|tree lined road|misty morning|soft light|romantic|intimate|walking together|outdoor portraits|candid moment|wedding portraits,MKB000885
Larchfields,couple portraits,mkb-weddings-northern-ireland-wedding-photographer-larchfields-estate-lisburn-wedding-photography-40_500.webp,,,,,,,,,,,larchfields|couple portraits|bride and groom|tree lined lane|walking portrait|golden hour|backlit|misty|romantic|candid|outdoor wedding|estate grounds,MKB000886
Larchfields,couple portraits,mkb-weddings-northern-ireland-wedding-photographer-larchfields-estate-lisburn-wedding-photography-41_500.webp,,,,,,,,,,,larchfields|couple portraits|bride and groom|outdoor portrait|dramatic sky|twilight|moody lighting|romantic|wedding portraits|estate gardens|stormy clouds,MKB000887
Larchfields,couple portraits,mkb-weddings-northern-ireland-wedding-photographer-larchfields-estate-lisburn-wedding-photography-42_500.webp,creative-flash,,,,,,,,,,larchfields|couple portraits|bride and groom|garden portrait|evening light|fairy lights|romantic|intimate moment|wedding dress|groom suit|outdoor wedding|natural backdrop,MKB000888
Larchfields,family and bridal party,MKB_weddings_MKB_Photography_Ireland_Northen_ireland_Wedding_Photographer_Larchfield_estate_Wedding_Photography-217_500.webp,,,,,,,,,,,larchfields|bridal party|bride|bridesmaids|bouquets|rustic backdrop|soft light|joyful|candid smiles|wedding portraits|pink dresses|red dresses,MKB000889
Larchfields,family and bridal party,MKB_weddings_MKB_Photography_Ireland_Northen_ireland_Wedding_Photographer_Larchfield_estate_Wedding_Photography-401_500.webp,,,,,,,,,,,larchfields|bridal party|bride and groom|bridesmaids|groomsmen|group portrait|outdoor wedding|rustic backdrop|soft daylight|formal portraits|elegant|wedding party,MKB000890
Larchfields,getting ready,MKB_weddings_MKB_Photography_Ireland_Northen_ireland_Wedding_Photographer_Larchfield_estate_Wedding_Photography-139_500.webp,,,,,,,,,,,getting ready|bridal prep|bride|bridesmaids|robes|indoor|candid|morning preparations|relaxed mood|soft light|wedding morning|larchfields,MKB000891
Larchfields,getting ready,MKB_weddings_MKB_Photography_Ireland_Northen_ireland_Wedding_Photographer_Larchfield_estate_Wedding_Photography-170_500.webp,,,,,,,,,,,bride|getting ready|bridal portrait|wedding dress|lace sleeves|veil|headpiece|window light|dramatic lighting|elegant|romantic|larchfields,MKB000892
Larchfields,getting ready,MKB_weddings_MKB_Photography_Ireland_Northen_ireland_Wedding_Photographer_Larchfield_estate_Wedding_Photography-184_500.webp,,,,,,,,,,,larchfields|getting ready|bride|bridal prep|window light|black and white|veil|wedding dress|bouquet|quiet moment|romantic|candid,MKB000893
Larchfields,getting ready,MKB_weddings_MKB_Photography_Ireland_Northen_ireland_Wedding_Photographer_Larchfield_estate_Wedding_Photography-197_500.webp,,,,,,,,,,,larchfields|getting ready|bride|bridesmaids|first look|outdoor|autumn|natural light|joyful|bouquets|wedding party|candid,MKB000894
Larchfields,getting ready,MKB_weddings_MKB_Photography_Ireland_Northen_ireland_Wedding_Photographer_Larchfield_estate_Wedding_Photography-203_500.webp,,,,,,,,,,,larchfields|getting ready|bride|bridal portrait|mirror reflection|wedding dress|bridal veil|soft indoor light|elegant|joyful|morning prep|wedding morning,MKB000895
Larchfields,getting ready,mkb-weddings-northern-ireland-wedding-photographer-larchfields-estate-lisburn-wedding-photography-30_500.webp,,,,,,,,,,,larchfields|getting ready|bride portrait|wedding dress|indoor portrait|window light|soft light|natural light|bridal prep|emotional moment|elegant|northern ireland wedding,MKB000896
Larchfields,getting ready,mkb-weddings-northern-ireland-wedding-photographer-larchfields-estate-lisburn-wedding-photography-31_500.webp,,,,,,,,,,,larchfields|getting ready|bride|father of bride|emotional hug|wedding morning|indoor|warm lighting|candid moment|family moment|bridal prep|intimate mood,MKB000897
Leighinmohr house hotel,ceremony,mkb-weddings-mkb-Photography-northern-ireland-wedding-photographer-LEIGHINMOHR-hotel-ballymena-wedding-photography-12_500.webp,,,,,,,,,,,ceremony|bride entrance|walking down aisle|bride and father|wedding procession|indoor ceremony|floral aisle|natural light|elegant|emotional moment|leighinmohr house hotel|ballymena wedding,MKB000898
Leighinmohr house hotel,ceremony,mkb-weddings-mkb-photography-northern-ireland-wedding-photography-leighinmohr-house-hotel-ballymena-wedding-photography--259_500.webp,,,,,,,,,,,ceremony|newlyweds|aisle walk|bride and groom|bouquet|kilt|guest applause|joyful|natural light|indoor ceremony|wedding celebration|leighinmohr house hotel,MKB000899
Leighinmohr house hotel,couple portraits,mkb-weddings-northern-ireland-wedding-photographer-leighinmohr-hotel-ballymena-wedding-photography-19_500.webp,,,,,,,,,,,couple portraits|bride and groom|outdoor portraits|garden setting|leighinmohr house hotel|natural light|soft bokeh|romantic mood|intimate moment|wedding flowers|northern ireland wedding,MKB000900
Leighinmohr house hotel,couple portraits,MKB-weddings-mkb-photography_Northern_Ireland_Wedding_Photography_Leighinmohr_House_Hotel_Wedding_Photography-Full Res-361_500.webp,creative-flash,,,,,,,,,,leighinmohr house hotel|bridal portrait|bride|black and white|window light|night portrait|elegant|romantic mood|indoor portrait|wedding dress|couple portraits,MKB000901
Leighinmohr house hotel,couple portraits,mkb-weddings-mkb-Photography-northern-ireland-wedding-photographer-LEIGHINMOHR-hotel-ballymena-wedding-photography-2_500.webp,,,,,,,,,,,couple portraits|bride and groom|indoor portrait|hotel wedding|leighinmohr house hotel|soft lighting|elegant|romantic|happy couple|wedding dress|black tuxedo|wedding day,MKB000902
Leighinmohr house hotel,couple portraits,mkb-weddings-mkb-Photography-northern-ireland-wedding-photographer-LEIGHINMOHR-hotel-ballymena-wedding-photography-3_500.webp,,,,,,,,,,,leighinmohr house hotel|couple portraits|bride and groom|indoor portrait|window light|romantic|elegant|wedding bouquet|black tie wedding|intimate moment|bridal style|northern ireland wedding,MKB000903
Leighinmohr house hotel,couple portraits,mkb-weddings-mkb-Photography-northern-ireland-wedding-photographer-LEIGHINMOHR-hotel-ballymena-wedding-photography-5_500.webp,creative-flash,,,,,,,,,,couple portraits|bride and groom|umbrella portrait|rainy wedding|outdoor portraits|romantic|joyful|natural light|wedding dress|black tuxedo|intimate moment|leighinmohr house hotel,MKB000904
Leighinmohr house hotel,couple portraits,mkb-weddings-mkb-photography-northern-ireland-wedding-photography-leighinmohr-house-hotel-ballymena-wedding-photography--301_500.webp,,,,,,,,,,,couple portraits|woodland path|bride and groom|walking together|hand in hand|natural light|romantic|relaxed|wedding dress|groom in kilt|leighinmohr house hotel|outdoor wedding,MKB000905
Leighinmohr house hotel,couple portraits,mkb-weddings-mkb-photography-northern-ireland-wedding-photography-leighinmohr-house-hotel-ballymena-wedding-photography--315_500.webp,,,,,,,,,,,couple portraits|bride and groom|outdoor portrait|bridge walkway|black and white|dramatic sky|soft light|romantic mood|wedding embrace|leighinmohr house|ballymena wedding|northern ireland,MKB000906
Leighinmohr house hotel,couple portraits,mkb-weddings-mkb-photography-northern-ireland-wedding-photography-leighinmohr-house-hotel-ballymena-wedding-photography--327_500.webp,,,,,Y,2,Y,7,,,beach portraits|bride and groom|couple portraits|wedding dress|kilt groom|stormy sky|dramatic clouds|natural light|romantic|windswept|walking together|wedding day,MKB000907
Leighinmohr house hotel,couple portraits,mkb-weddings-mkb-photography-northern-ireland-wedding-photography-leighinmohr-house-hotel-ballymena-wedding-photography--347_500.webp,,,,,,,,,,,beach portraits|couple portraits|bride and groom|seaside|soft light|romantic|candid|coastal walk|wedding portraits|natural framing|relaxed mood|ocean backdrop,MKB000908
Leighinmohr house hotel,couple portraits,mkb-weddings-mkb-photography-northern-ireland-wedding-photography-leighinmohr-house-hotel-ballymena-wedding-photography--355_500.webp,,,,,,,,,,,couple portrait|bride and groom|meadow|countryside|walking|golden grass|wildflowers|natural light|sunny|romantic|relaxed|wedding portraits,MKB000909
Leighinmohr house hotel,couple portraits,mkb-weddings-northern-ireland-wedding-photographer-leighinmohr-hotel-ballymena-wedding-photography-12_500.webp,,,,,,,,,,,couple portraits|bride and groom|outdoor portraits|countryside|mountain backdrop|natural light|romantic|intimate|wedding portraits|veil|leighinmohr house hotel|northern ireland wedding,MKB000910
Leighinmohr house hotel,couple portraits,mkb-weddings-northern-ireland-wedding-photographer-leighinmohr-hotel-ballymena-wedding-photography-14_500.webp,,,,,,,,,,,couple portraits|bride and groom|countryside|outdoor wedding|dramatic sky|soft light|romantic|intimate moment|holding hands|wedding dress|groom suit|leighinmohr house hotel,MKB000911
Leighinmohr house hotel,couple portraits,mkb-weddings-northern-ireland-wedding-photographer-leighinmohr-hotel-ballymena-wedding-photography-18_500.webp,,,,,Y,3,Y,15,,,leighinmohr house hotel|couple portraits|bride and groom|outdoor portrait|natural light|romantic|joyful|wedding day|close up|veil|black tie|northern ireland wedding,MKB000912
Leighinmohr house hotel,couple portraits,mkb-weddings-northern-ireland-wedding-photographer-leighinmohr-hotel-ballymena-wedding-photography-21_500.webp,,,,,Y,1,Y,13,,,couple portraits|bride and groom|woodland|autumn leaves|natural light|romantic|intimate|wedding portrait|embracing|outdoor wedding|leighinmohr house hotel|ballymena,MKB000913
Leighinmohr house hotel,couple portraits,mkb-weddings-northern-ireland-wedding-photographer-leighinmohr-hotel-ballymena-wedding-photography-30_500.webp,creative-flash,,,,,,,,,,leighinmohr house hotel|bridal portrait|bride|wedding dress|indoor portrait|ornate sofa|moody lighting|romantic mood|elegant wedding|couple portraits|ballymena wedding|northern ireland wedding,MKB000914
Leighinmohr house hotel,couple portraits,mkb-weddings-northern-ireland-wedding-photographer-leighinmohr-house-ballymena-wedding-photography-1_500.webp,,,,,,,,,,,couple portraits|bride and groom|outdoor portraits|golden hour|romantic|candid moment|wedding day|soft light|countryside backdrop|intimate pose|leighinmohr house hotel,MKB000915
Leighinmohr house hotel,details and decor,mkb-weddings-mkb-Photography-northern-ireland-wedding-photographer-LEIGHINMOHR-hotel-ballymena-wedding-photography-8_500.webp,,,,,,,,,,,ceremony decor|wedding aisle|floral arch|white flowers|indoor ceremony|aisle flowers|romantic decor|soft lighting|elegant wedding|ceremony setup|leighinmohr house hotel|wedding details,MKB000916
Leighinmohr house hotel,details and decor,mkb-weddings-mkb-Photography-northern-ireland-wedding-photographer-LEIGHINMOHR-hotel-ballymena-wedding-photography-9_500.webp,,,,,,,,,,,ceremony decor|aisle flowers|floral arrangements|white chairs|gold stands|greenery|indoor ceremony|soft light|romantic mood|elegant details|wedding aisle|leighinmohr house hotel,MKB000917
Leighinmohr house hotel,details and decor,mkb-weddings-northern-ireland-wedding-photographer-creative-wedding-photography-10_500.webp,,,,,,,,,,,wedding dress|flower girl dress|bridal prep|mirror reflection|bedroom details|soft light|romantic mood|elegant decor|wedding morning|dress hanging|no people|leighinmohr house hotel,MKB000918
Leighinmohr house hotel,family and bridal party,mkb-weddings-mkb-Photography-northern-ireland-wedding-photographer-LEIGHINMOHR-hotel-ballymena-wedding-photography-376_500.webp,,,,,,,,,,,bridal party|wedding portrait|bride and groom|bridesmaids|groomsmen|indoor wedding|formal group|hotel wedding|soft lighting|elegant|family and bridal party|leighinmohr house hotel,MKB000919
Leighinmohr house hotel,getting ready,mkb-weddings-mkb-Photography-northern-ireland-wedding-photographer-LEIGHINMOHR-hotel-ballymena-wedding-photography-10_500.webp,,,,,,,,,,,getting ready|groom prep|buttonhole|groomsmen|candid|natural light|happy|wedding morning|suits|mirror reflection|leighinmohr house hotel,MKB000920
Leighinmohr house hotel,getting ready,mkb-weddings-mkb-Photography-northern-ireland-wedding-photographer-LEIGHINMOHR-hotel-ballymena-wedding-photography-11_500.webp,,,,,,,,,,,getting ready|bride|bridal portrait|wedding dress|bouquet|mirror reflection|hotel room|natural light|soft mood|bridal prep|leighinmohr house hotel|ballymena wedding,MKB000921
Leighinmohr house hotel,getting ready,mkb-weddings-mkb-Photography-northern-ireland-wedding-photographer-LEIGHINMOHR-hotel-ballymena-wedding-photography-7_500.webp,,,,,,,,,,,getting ready|bride|earrings|mirror reflection|bridal prep|soft light|calm mood|wedding morning|hotel room|leighinmohr house hotel,MKB000922
Leighinmohr house hotel,getting ready,mkb-weddings-northern-ireland-wedding-photographer-leighinmohr-house-hotel-photography-60_500.webp,,,,,,,,,,,getting ready|bride|bridesmaids|bridal party|robes|outdoor portraits|natural light|relaxed|candid|morning preparations|leighinmohr house hotel,MKB000923
Leighinmohr house hotel,getting ready,mkb-weddings-northern-ireland-wedding-photographer-leighinmohr-house-hotel-photography-61_500.webp,,,,,,,,,,,getting ready|bride|bridal robe|mirror portrait|tiara|morning prep|soft light|calm mood|wedding morning|leighinmohr house hotel,MKB000924
Leighinmohr house hotel,reception and party,mkb-weddings-mkb-Photography-northern-ireland-wedding-photographer-LEIGHINMOHR-hotel-ballymena-wedding-photography-4_500.webp,,,,,,,,,,,reception|top table|wedding speech|groom speech|bridal party|indoor reception|bright lighting|floral decor|candid laughter|celebration|leighinmohr house hotel|party,MKB000925
Leighinmohr house hotel,reception and party,mkb-weddings-mkb-Photography-northern-ireland-wedding-photographer-LEIGHINMOHR-hotel-ballymena-wedding-photography-6_500.webp,,,,,Y,4,,,,,reception|party|dance floor|bride and groom|wedding entrance|guests applauding|indoor wedding|chandelier lighting|evening reception|celebration|joyful|leighinmohr house hotel,MKB000926
Lough Erne resort,ceremony,mkb-weddings-mkb-photography-northern-ireland-wedding-photography-lough-erne-resort-eniskillen-wedding-photography-150_500.webp,,,,,,,,,,,ceremony|indoor wedding|bride and groom|officiant|wedding vows|aisle|floral arch|guests|chandelier lighting|romantic|lough erne resort|northern ireland wedding,MKB000927
Lough Erne resort,ceremony,mkb-weddings-mkb-photography-northern-ireland-wedding-photography-lough-erne-resort-eniskillen-wedding-photography-167_500.webp,,,,,,,,,,,ceremony|ring exchange|wedding rings|bride and groom|hands closeup|lace sleeve|soft light|romantic|intimate moment|lough erne resort|wedding vows|northern ireland wedding,MKB000928
Lough Erne resort,couple portraits,MKB-weddings-mkb-photography_Northern_Ireland_wedding_photographer_Lough_Erne_Resort_Eniskillen_Wedding_photography-Full res-204_500.webp,,,,,,,,,,,couple portraits|bride and groom|outdoor portrait|lough erne resort|twinkle lights|romantic|evening light|wedding bouquet|winter wedding|newlyweds|garden setting|elegant wedding,MKB000929
Lough Erne resort,couple portraits,mkb-weddings-mkb-photography-northern-ireland-wedding-photography-lough-erne-resort-eniskillen-wedding-photography-258_500.webp,creative-flash,,,,,,,,,,couple portraits|bride and groom|wedding kiss|arched corridor|indoor portrait|natural light|romantic|elegant|soft light|wedding bouquet|lough erne resort|northern ireland wedding,MKB000930
Lough Erne resort,couple portraits,mkb-weddings-mkb-photography-northern-ireland-wedding-photography-lough-erne-resort-eniskillen-wedding-photography-267_500.webp,,,,,,,,,,,lough erne resort|couple portraits|bride and groom|outdoor portrait|tree canopy|soft natural light|romantic|joyful|wedding dress|bridal bouquet|black tie|wedding portraits,MKB000931
Lough Erne resort,couple portraits,mkb-weddings-mkb-photography-northern-ireland-wedding-photography-lough-erne-resort-eniskillen-wedding-photography-276_500.webp,,,,,,,,,,,couple portraits|bride and groom|covered walkway|arched corridor|natural light|romantic|elegant|walking together|holding hands|wedding portraits|lough erne resort|northern ireland wedding,MKB000932
Lough Erne resort,couple portraits,mkb-weddings-mkb-photography-northern-ireland-wedding-photography-lough-erne-resort-eniskillen-wedding-photography-277_500.webp,,,,,,,,,,,lough erne resort|couple portraits|bride and groom|wedding arch|natural light|romantic|soft focus|bridal bouquet|elegant wedding|happy bride|groom portrait|wedding day,MKB000933
Lough Erne resort,couple portraits,mkb-weddings-mkb-photography-northern-ireland-wedding-photography-lough-erne-resort-eniskillen-wedding-photography-280_500.webp,,,,,,,,,,,lough erne resort|couple portraits|bride and groom|outdoor wedding|woodland portraits|golden light|backlit|romantic|summer wedding|wedding bouquet|elegant|newlyweds,MKB000934
Lough Erne resort,couple portraits,mkb-weddings-mkb-photography-northern-ireland-wedding-photography-lough-erne-resort-eniskillen-wedding-photography-285_500.webp,creative-flash,,,,,,,,,,couple portraits|bride and groom|outdoor wedding|woodland portraits|golden grass|natural light|dappled light|romantic|elegant|walking together|lough erne resort|wedding day,MKB000935
Lough Erne resort,family and bridal party,mkb-weddings-mkb-photography-northern-ireland-wedding-photography-lough-erne-resort-eniskillen-wedding-photography-121_500.webp,,,,,,,,,,,lough erne resort|bride|flower girls|bridal party|family portraits|indoor portraits|window light|soft light|white dresses|bouquets|joyful|wedding morning,MKB000936
Lough Erne resort,family and bridal party,mkb-weddings-mkb-photography-northern-ireland-wedding-photography-lough-erne-resort-eniskillen-wedding-photography-251_500.webp,,,,,,,,,,,family portraits|bridal party|group photo|bride and groom|wedding guests|outdoor portrait|archway|natural light|formal attire|classic wedding|joyful mood|lough erne resort,MKB000937
Lough Erne resort,getting ready,mkb-weddings-mkb-photography-northern-ireland-wedding-photography-lough-erne-resort-eniskillen-wedding-photography-107_500.webp,,,,,,,,,,,bridal portrait|bride|getting ready|wedding dress|lace gown|window light|soft light|elegant|romantic|indoor portrait|bridal prep|lough erne resort,MKB000938
Lough Erne resort,getting ready,mkb-weddings-mkb-photography-northern-ireland-wedding-photography-lough-erne-resort-eniskillen-wedding-photography-111_500.webp,,,,,,,,,,,getting ready|bride|bridesmaids|pink bridesmaid dresses|bouquets|window light|bright airy|joyful|bridal party|pre ceremony|lough erne resort|wedding morning,MKB000939
Lough Erne resort,getting ready,mkb-weddings-mkb-photography-northern-ireland-wedding-photography-lough-erne-resort-eniskillen-wedding-photography-118_500.webp,,,,,,,,,,,getting ready|lough erne resort|bride|bridesmaids|family|flower girl|black and white|indoor|natural light|emotional|bridal reveal|wedding morning,MKB000940
Lough Erne resort,getting ready,mkb-weddings-mkb-photography-northern-ireland-wedding-photography-lough-erne-resort-eniskillen-wedding-photography-37_500.webp,,,,,,,,,,,wedding rings|ring detail|getting ready|bridal details|flat lay|invitation suite|soft light|romantic|close up|wedding morning|lough erne resort,MKB000941
Lough Erne resort,getting ready,mkb-weddings-mkb-photography-northern-ireland-wedding-photography-lough-erne-resort-eniskillen-wedding-photography-39_500.webp,,,,,,,,,,,getting ready|groom prep|bow tie|mirror reflection|black tuxedo|indoor portrait|natural light|focused mood|wedding morning|lough erne resort,MKB000942
Lough Erne resort,getting ready,mkb-weddings-mkb-photography-northern-ireland-wedding-photography-lough-erne-resort-eniskillen-wedding-photography-41_500.webp,,,,,,,,,,,getting ready|groom|groom prep|tuxedo|cufflinks|boutonniere|black tie|close up|indoor light|elegant|wedding morning|lough erne,MKB000943
Lough Erne resort,getting ready,mkb-weddings-mkb-photography-northern-ireland-wedding-photography-lough-erne-resort-eniskillen-wedding-photography-48_500.webp,,,,,,,,,,,groom party|groomsmen|black tuxedos|getting ready|outdoor portraits|lough erne resort|overcast light|candid walking|relaxed mood|wedding morning|northern ireland wedding|formalwear,MKB000944
Lough Erne resort,getting ready,mkb-weddings-mkb-photography-northern-ireland-wedding-photography-lough-erne-resort-eniskillen-wedding-photography-80_500.webp,,,,,,,,,,,getting ready|bride|earrings|bridal prep|mirror reflection|soft window light|white robe|calm mood|wedding morning|lough erne resort,MKB000945
Lough Erne resort,getting ready,mkb-weddings-mkb-photography-northern-ireland-wedding-photography-lough-erne-resort-eniskillen-wedding-photography-97_500.webp,,,,,,,,,,,lough erne resort|getting ready|bride|wedding dress|dress fastening|bridal prep|mother of bride|indoor|natural light|elegant|emotional|morning preparations,MKB000946
Lough Erne resort,reception and party,mkb-weddings-mkb-photography-northern-ireland-wedding-photography-lough-erne-resort-eniskillen-wedding-photography-386_500.webp,,,,,,,,,,,lough erne resort|wedding reception|best man speech|top table|bride and groom|groom laughing|indoor reception|natural light|joyful moment|wedding speeches|candid photography|party atmosphere,MKB000947
Lough Erne resort,reception and party,mkb-weddings-mkb-photography-northern-ireland-wedding-photography-lough-erne-resort-eniskillen-wedding-photography-460_500.webp,,,,,,,,,,,lough erne resort|wedding reception|first dance|bride and groom|dance floor|guests cheering|chandelier lighting|indoor reception|party atmosphere|evening celebration|romantic moment|flash photography,MKB000948
Lough Erne resort,reception and party,mkb-weddings-mkb-photography-northern-ireland-wedding-photography-lough-erne-resort-eniskillen-wedding-photography-462_500.webp,,,,,,,,,,,lough erne resort|reception|first dance|bride and groom|dance floor|wedding guests|chandeliers|flash lighting|celebration|party|elegant ballroom|joyful mood,MKB000949
Lough Erne resort,reception and party,mkb-weddings-mkb-photography-northern-ireland-wedding-photography-lough-erne-resort-eniskillen-wedding-photography-483_500.webp,,,,,,,,,,,lough erne resort|reception|first dance|bride and groom|indoor celebration|sparkler fountain|chandelier|guests watching|dramatic lighting|romantic mood|evening party|dance floor,MKB000950
Lough Erne resort,reception and party,mkb-weddings-mkb-photography-northern-ireland-wedding-photography-lough-erne-resort-eniskillen-wedding-photography-530_500.webp,,,,,,,,,,,wedding fireworks|night portrait|bride and groom|reception celebration|sparkler backdrop|dramatic lighting|romantic moment|outdoor wedding|party atmosphere|evening reception|lough erne resort|joyful couple,MKB000951
Lough Erne resort,reception and party,mkb-weddings-mkb-photography-northern-ireland-wedding-photography-lough-erne-resort-eniskillen-wedding-photography-532_500.webp,,,,,,,,,,,lough erne resort|wedding reception|fireworks|night portrait|bride and groom|evening celebration|romantic moment|party atmosphere|outdoor wedding|dramatic lighting|wedding dress|couple dancing,MKB000952
Lusty beg island,ceremony,mkb-weddings-mkb-photography-northern-ireland-wedding-photographer-lusty-beg-island-eniskillen-wedding-photography-291_500.webp,,,,,,,,,,,outdoor ceremony|bride entrance|walking down aisle|bride and father|groom waiting|wedding guests|sunny light|joyful mood|aisle moment|lusty beg island|northern ireland wedding|ceremony photography,MKB000953
Lusty beg island,couple portraits,MKB-weddings-mkb-photography_Northern_Ireland_Wedding_Photography_Lusty_Beg_Wedding_Photography_Hayley&Brian-For_print-449_500.webp,creative-flash,,,,,,,,,,couple portrait|bride and groom|lakeside|jetty|dramatic sky|dusk|romantic|moody|waterfront|wedding portrait|northern ireland wedding|lusty beg island,MKB000954
Lusty beg island,couple portraits,mkb-weddings-mkb-photography-northern-ireland-wedding-photographer-lusty-beg-island-eniskillen-wedding-photography-189_500.webp,,,,,,,,,,,couple portraits|bride and groom|walking together|holding hands|outdoor portraits|natural light|romantic|joyful|wedding bouquet|rustic setting|lusty beg island|wedding day,MKB000955
Lusty beg island,couple portraits,mkb-weddings-mkb-photography-northern-ireland-wedding-photographer-lusty-beg-island-eniskillen-wedding-photography-214_500.webp,,,,,,,,,,,couple portraits|bride and groom|wedding day|lakeside|wooden jetty|island wedding|cloudy sky|natural light|romantic|scenic portraits|lusty beg island|northern ireland wedding,MKB000956
Lusty beg island,couple portraits,mkb-weddings-mkb-photography-northern-ireland-wedding-photographer-lusty-beg-island-eniskillen-wedding-photography-222_500.webp,creative-flash,,,,,,,,,,couple portraits|bride and groom|lakeside|wooden jetty|lusty beg island|dramatic sky|natural light|romantic|veil|waterfront|scenic portrait|wedding day,MKB000957
Lusty beg island,couple portraits,mkb-weddings-mkb-photography-northern-ireland-wedding-photographer-lusty-beg-island-eniskillen-wedding-photography-228_500.webp,,,,,,,,,,,couple portraits|bride and groom|lakeside|jetty|outdoor wedding|dramatic sky|natural light|romantic|scenic landscape|wedding portraits|lusty beg island|wide shot,MKB000958
Lusty beg island,couple portraits,mkb-weddings-mkb-photography-northern-ireland-wedding-photographer-lusty-beg-island-eniskillen-wedding-photography-231_500.webp,,,,,,,,,,,couple portraits|bride and groom|waterfront|lake portrait|dramatic sky|rainbow|windy veil|natural light|romantic|outdoor wedding|lusty beg island|wedding portraits,MKB000959
Lusty beg island,couple portraits,mkb-weddings-mkb-photography-northern-ireland-wedding-photographer-lusty-beg-island-eniskillen-wedding-photography-234_500.webp,,,,,,,,,,,lusty beg island|couple portraits|bride and groom|lakeside|windblown veil|outdoor wedding|dramatic sky|romantic|natural light|wedding portraits|island wedding|northern ireland,MKB000960
Lusty beg island,couple portraits,mkb-weddings-northern-ireland-wedding-photographer-lusty-beg-island-wedding-photography-10_500.webp,,,,,,,,,,,couple portraits|bride and groom|lakeside|jetty|boat|dramatic sky|moody light|romantic|island wedding|waterfront|storm clouds|lusty beg island,MKB000961
Lusty beg island,getting ready,mkb-weddings-mkb-photography-northern-ireland-wedding-photographer-lusty-beg-island-eniskillen-wedding-photography-174_500.webp,,,,,,,,,,,getting ready|bride|mother of bride|bridal robe|lakeside|deck portrait|natural light|bright backlight|candid moment|warm smiles|morning preparations|lusty beg island,MKB000962
Lusty beg island,getting ready,mkb-weddings-mkb-photography-northern-ireland-wedding-photographer-lusty-beg-island-eniskillen-wedding-photography-196_500.webp,,,,,,,,,,,getting ready|bride|bridal robe|mirror portrait|morning prep|soft light|calm moment|wedding morning|bridal makeup|lusty beg island,MKB000963
Lusty beg island,reception and party,mkb-weddings-mkb-photography-northern-ireland-wedding-photographer-lusty-beg-island-eniskillen-wedding-photography-319_500.webp,,,,,,,,,,,reception|wedding breakfast|bride and groom|table kiss|guests laughing|floral centrepieces|natural light|joyful mood|candid moment|party atmosphere|lusty beg island,MKB000964
Manor House,couple portraits,MKB_Photography-Northern-ireland-wedding-photography-northern-ireland-wedding-photographer-manor-house-hotel-wedding-photography-379_500.webp,,,,,,,,,,,couple portraits|bride and groom|lakeside|stormy sky|overcast light|dramatic mood|romantic portrait|wedding day|outdoor portraits|waterfront|manor house|northern ireland wedding,MKB000965
Manor House,couple portraits,mkb-weddings-northern-ireland-wedding-photographer-manor-house-hotel-enniskillen-wedding-photography-5_500.webp,,,,,,,,,,,couple portraits|bride and groom|lakeside|dock|boat|dramatic sky|storm clouds|moody|natural light|romantic|wedding portraits|manor house,MKB000966
Manor House,getting ready,MKB_Photography-Northern-ireland-wedding-photography-northern-ireland-wedding-photographer-manor-house-hotel-wedding-photography-120_500.webp,,,,,,,,,,,getting ready|bridal prep|bride|bridesmaid|wedding morning|robes|hair rollers|reading note|manor house|soft window light|candid moment|relaxed mood,MKB000967
Manor House,getting ready,MKB_Photography-Northern-ireland-wedding-photography-northern-ireland-wedding-photographer-manor-house-hotel-wedding-photography-130_500.webp,,,,,,,,,,,getting ready|bridal prep|wedding dress|bride|manor house|black and white|soft light|elegant|calm moment|dress details|indoor scene,MKB000968
Manor House,reception and party,MKB_Photography-Northern-ireland-wedding-photography-northern-ireland-wedding-photographer-manor-house-hotel-wedding-photography-632_500.webp,,,,,,,,,,,wedding reception|live music|bride|violin|banjo|party|indoor|warm lighting|evening celebration|musicians|manor house|joyful mood,MKB000969
Merchant,ceremony,mkb-weddings-mkb-Photography-northern-ireland-wedding-photographer-merchant-hotel-belfast-wedding-photography-159_500.webp,,,,,,,,,,,ceremony|bride|aisle walk|guests|applause|indoor wedding|warm lighting|joyful|merchant|belfast wedding|wedding dress|candid,MKB000970
Merchant,couple portraits,mkb-weddings-mkb-Photography-northern-ireland-wedding-photographer-merchant-hotel-belfast-wedding-photography-376_500.webp,,,,,,,,,,,couple portraits|bride and groom|merchant wedding|bar lounge|indoor portrait|warm lighting|candid laughter|romantic mood|elegant wedding|seated pose|evening reception|wedding veil,MKB000971
Merchant,couple portraits,MKB_Photography-Northern-ireland-wedding-photography-northern-ireland-wedding-photographer-merchant-hotel-belfast-wedding-photography-281_500.webp,,,,,,,,,,,couple portraits|bride and groom|wedding portrait|outdoor portrait|bright sunlight|romantic|happy couple|urban backdrop|wedding dress|groom suit|merchant|belfast wedding,MKB000972
Merchant,couple portraits,mkb-weddings-mkb-Photography-northern-ireland-wedding-photographer-merchant-hotel-belfast-wedding-photography-155_500.webp,,,,,,,,,,,groom portrait|indoor portrait|grand staircase|chandelier|warm lighting|dramatic light|elegant|formalwear|wedding day|classic style|luxury interior,MKB000973
Merchant,couple portraits,mkb-weddings-mkb-Photography-northern-ireland-wedding-photographer-merchant-hotel-belfast-wedding-photography-156_500.webp,,,,,,,,,,,couple portraits|bride and groom|rooftop|city skyline|veil|overcast light|dramatic sky|romantic|intimate pose|wedding portraits|urban wedding|northern ireland,MKB000974
Merchant,couple portraits,mkb-weddings-mkb-Photography-northern-ireland-wedding-photographer-merchant-hotel-belfast-wedding-photography-358_500.webp,creative-flash,,,,,,,,,,couple portraits|bride and groom|urban wedding|umbrella installation|neon lights|city street|romantic|joyful|evening light|wedding dress|bridal bouquet|groom suit,MKB000975
Merchant,couple portraits,mkb-weddings-mkb-Photography-northern-ireland-wedding-photographer-merchant-hotel-belfast-wedding-photography-366_500.webp,,,,,,,,,,,couple portraits|bride and groom|merchant hotel|belfast wedding|grand entrance|stone steps|columns|black and white|dramatic lighting|elegant|romantic|wedding portraits,MKB000976
Merchant,couple portraits,mkb-weddings-mkb-Photography-northern-ireland-wedding-photographer-merchant-hotel-belfast-wedding-photography-371_500.webp,,,,,,,,,,,couple portrait|bride and groom|indoor wedding|chandelier|low light|dramatic lighting|romantic|elegant|wedding dress|bridal bouquet|groom suit|hotel wedding,MKB000977
Merchant,couple portraits,mkb-weddings-mkb-Photography-northern-ireland-wedding-photographer-merchant-hotel-belfast-wedding-photography-383_500.webp,,,,,,,,,,,couple portraits|bride and groom|black and white|chandelier|balcony portrait|indoor wedding|window light|romantic|elegant|intimate moment|wedding dress|merchant,MKB000978
Merchant,couple portraits,mkb-weddings-belfast-city-hall-merchant-hotel-wedding-photography-10_500.webp,,,,,,,,,,,couple portraits|bride and groom|rooftop|city wedding|soft light|romantic|candid embrace|wedding dress|groom suit|urban backdrop|merchant wedding|belfast wedding,MKB000979
Merchant,couple portraits,mkb-weddings-belfast-city-hall-merchant-hotel-wedding-photography-25_500.webp,,,,,,,,,,,couple portraits|bride and groom|rooftop terrace|city backdrop|natural light|romantic|intimate moment|wedding dress|groom suit|urban wedding|soft light|merchant,MKB000980
Merchant,couple portraits,mkb-weddings-belfast-city-hall-merchant-hotel-wedding-photography-261_500.webp,,,,,,,,,,,couple portraits|bride and groom|city street|cobblestone alley|wet pavement|soft light|romantic|intimate|urban wedding|wedding portraits|belfast|merchant,MKB000981
Merchant,couple portraits,mkb-weddings-belfast-city-hall-merchant-hotel-wedding-photography-269_500.webp,,,,,Y,3,,,,,couple portraits|bride and groom|city wedding|cobblestone street|soft light|romantic|intimate|wedding portrait|bridal bouquet|urban backdrop|merchant hotel|belfast wedding,MKB000982
Merchant,couple portraits,mkb-weddings-belfast-city-hall-merchant-hotel-wedding-photography-27-1_500.webp,,,,,,,,,,,couple portraits|bride and groom|romantic kiss|indoor wedding|chandelier light|warm lighting|elegant interior|wedding dress|groom suit|intimate moment|merchant wedding|romantic mood,MKB000983
Merchant,couple portraits,mkb-weddings-belfast-city-hall-merchant-hotel-wedding-photography-27_500.webp,,,,,Y,1,,,,,couple portraits|bride and groom|rooftop terrace|city backdrop|string lights|soft daylight|cloudy sky|romantic mood|wedding kiss|intimate moment|urban wedding|merchant wedding,MKB000984
Merchant,couple portraits,mkb-weddings-belfast-city-hall-merchant-hotel-wedding-photography-29_500.webp,,,,,,,,,,,couple portrait|bride and groom|indoor wedding|chandelier|black and white|romantic|evening light|elegant|balcony|intimate moment|wedding portraits|merchant,MKB000985
Merchant,family and bridal party,mkb-weddings-mkb-Photography-northern-ireland-wedding-photographer-merchant-hotel-belfast-wedding-photography-337_500.webp,,,,,,,,,,,group portrait|wedding party|family photos|bride and groom|formal steps|hotel wedding|outdoor portrait|soft daylight|classic style|joyful mood|wedding guests|merchant wedding,MKB000986
Merchant,getting ready,mkb-weddings-mkb-Photography-northern-ireland-wedding-photographer-merchant-hotel-belfast-wedding-photography-114_500.webp,,,,,,,,,,,wedding rings|ring detail|wedding stationery|invitation suite|getting ready|bridal details|soft light|romantic mood|close up|wedding morning|merchant wedding|belfast wedding,MKB000987
Merchant,getting ready,mkb-weddings-mkb-Photography-northern-ireland-wedding-photographer-merchant-hotel-belfast-wedding-photography-160_500.webp,,,,,Y,2,,,,,getting ready|groom|groomsmen|bar lounge|candid laughter|moody lighting|dark tones|wedding suits|boutonnieres|relaxed moments|merchant|belfast wedding,MKB000988
Merchant,getting ready,mkb-weddings-mkb-Photography-northern-ireland-wedding-photographer-merchant-hotel-belfast-wedding-photography-163_500.webp,,,,,,,,,,,getting ready|groom prep|groom portrait|cufflinks|buttonhole|window light|natural light|classic suit|calm moment|wedding morning|merchant wedding|belfast wedding,MKB000989
Merchant,reception and party,mkb-weddings-mkb-Photography-northern-ireland-wedding-photographer-merchant-hotel-belfast-wedding-photography-176_500.webp,,,,,,,,,,,reception|wedding speeches|banquet room|bride|speaker|wedding guests|top table|evening reception|warm lighting|candid moment|celebration|merchant,MKB000990
Millbrook lodge,ceremony,MKB_weddings-mkb-Photography-Northern-ireland-wedding-photography-northern-ireland-wedding-photographer-millbrook-lodge-ballynahinch-wedding-photography-227_500.webp,,,,,,,,,,,millbrook lodge|ceremony|bride and groom|officiant|wedding guests|indoor ceremony|vows|natural light|romantic|joyful|aisle view|northern ireland wedding,MKB000991
Millbrook lodge,ceremony,MKB_weddings-mkb-Photography-Northern-ireland-wedding-photography-northern-ireland-wedding-photographer-millbrook-lodge-ballynahinch-wedding-photography-242_500.webp,,,,,,,,,,,millbrook lodge|ceremony|indoor ceremony|bride entrance|walking down aisle|bride|groom|wedding guests|warm lighting|emotional moment|church pews|processional,MKB000992
Millbrook lodge,ceremony,MKB_weddings-mkb-Photography-Northern-ireland-wedding-photography-northern-ireland-wedding-photographer-millbrook-lodge-Ballynahinch-wedding-photography-246_500.webp,,,,,,,,,,,millbrook lodge|outdoor ceremony|bride and groom|recessional|garden wedding|red aisle|guest applause|sunny lighting|joyful mood|floral decor|wedding gazebo|northern ireland wedding,MKB000993
Millbrook lodge,ceremony,MKB_weddings-mkb-Photography-Northern-ireland-wedding-photography-northern-ireland-wedding-photographer-millbrook-lodge-ballynahinch-wedding-photography-283_500.webp,,,,,,,,,,,millbrook lodge|ceremony|aisle walk|bride and groom|guests applauding|indoor ceremony|warm lighting|joyful|wedding recessional|church interior|bouquet|candid moment,MKB000994
Millbrook lodge,ceremony,MKB-weddings-mkb-photography-northern-ireland-wedding-photographer-millbrook-lodge-ballynahinch-wedding-photography6_500.webp,,,,,,,,,,,ceremony|bride and groom|officiant|indoor ceremony|church interior|window light|black and white|romantic|intimate moment|wedding vows|seated couple|millbrook lodge,MKB000995
Millbrook lodge,ceremony,MKB-weddings-mkb-photography-northern-ireland-wedding-photographer-millbrook-lodge-ballynahinch-wedding-photography7_500.webp,,,,,,,,,,,millbrook lodge|ceremony|bride and groom|indoor ceremony|candid laughter|warm light|romantic mood|wedding vows|order of service|happy couple|northern ireland wedding,MKB000996
Millbrook lodge,ceremony,MKB-photography-Northern-Ireland-wedding-photographer-Millbrook-lodge-hotel-ballynahinch-Wedding-photography-millbrook-lodge-hotel-wedding-photography-FULL RES-180_500.webp,,,,,,,,,,,outdoor ceremony|wedding aisle|red carpet|seated guests|ceremony chairs|garden wedding|tree backdrop|daylight|romantic mood|wedding vows|millbrook lodge|northern ireland wedding,MKB000997
Millbrook lodge,ceremony,MKB-photography-Northern-Ireland-wedding-photographer-Millbrook-lodge-hotel-ballynahinch-Wedding-photography-millbrook-lodge-hotel-wedding-photography-FULL RES-190_500.webp,,,,,,,,,,,millbrook lodge|wedding ceremony|outdoor ceremony|live music|guitarist|bride and groom|wedding guests|sunny light|romantic mood|ceremony seating|floral bouquet|northern ireland wedding,MKB000998
Millbrook lodge,ceremony,MKB-photography-Northern-Ireland-wedding-photographer-Millbrook-lodge-hotel-ballynahinch-Wedding-photography-millbrook-lodge-hotel-wedding-photography-FULL RES-227_500.webp,,,,,,,,,,,millbrook lodge|outdoor ceremony|bride and groom|wedding vows|guest applause|sunny daylight|romantic moment|ceremony aisle|emotional|northern ireland wedding|garden ceremony|wedding celebration,MKB000999
Millbrook lodge,couple portraits,MKB-weddings-mkb-photography-northern-ireland-wedding-photographer-millbrook-lodge-ballynahinch-wedding-photography3_500.webp,creative-flash,,,,Y,3,Y,6,,,millbrook lodge|couple portraits|bride and groom|outdoor portraits|stone wall|garden setting|soft evening light|romantic mood|intimate moment|wedding portraits,MKB001000
Millbrook lodge,couple portraits,MKB_weddings-mkb-Photography-Northern-ireland-wedding-photography-northern-ireland-wedding-photographer-millbrook-lodge-ballynahinch-wedding-photography-325_500.webp,,,,,,,,,,,millbrook lodge|couple portraits|bride and groom|indoor portrait|window light|wood paneling|candid laughter|romantic|intimate moment|wedding portraits|natural light|joyful,MKB001001
Millbrook lodge,couple portraits,MKB-weddings-mkb-photography-northern-ireland-wedding-photographer-millbrook-lodge-ballynahinch-wedding-photography1_500.webp,creative-flash,,,,,,,,,,millbrook lodge|couple portraits|bride and groom|night portrait|fairy lights|romantic|black and white|wedding kiss|outdoor arch|intimate moment|wedding photography,MKB001002
Millbrook lodge,couple portraits,MKB-weddings-mkb-photography-northern-ireland-wedding-photographer-millbrook-lodge-ballynahinch-wedding-photography2_500.webp,,,,,,,,,,,millbrook lodge|couple portraits|bride and groom|black and white|romantic|candid smile|soft light|intimate moment|wedding portrait|foreground framing|happy couple|northern ireland wedding,MKB001003
Millbrook lodge,couple portraits,MKB-weddings-mkb-photography-northern-ireland-wedding-photographer-millbrook-lodge-ballynahinch-wedding-photography4_500.webp,,,,,,,,,,,millbrook lodge|couple portraits|bride and groom|outdoor wedding|woodland setting|golden light|romantic|intimate moment|wedding dress|groom portrait|natural light|northern ireland wedding,MKB001004
Millbrook lodge,couple portraits,MKB-weddings-mkb-photography-northern-ireland-wedding-photographer-millbrook-lodge-ballynahinch-wedding-photography5_500.webp,,,,,,,,,,,couple portraits|bride and groom|outdoor portraits|golden hour|backlit|wedding veil|romantic|trees|millbrook lodge|wedding dress|intimate moment|sunlit,MKB001005
Millbrook lodge,couple portraits,MKB-photography-Northern-Ireland-wedding-photographer-Millbrook-lodge-hotel-ballynahinch-Wedding-photography-millbrook-lodge-hotel-wedding-photography-FULL RES-374_500.webp,,,,,,,,,,,couple portraits|bride and groom|outdoor portraits|woodland setting|golden hour|sunlit|romantic|relaxed|wedding bouquet|stone wall|summer wedding|millbrook lodge,MKB001006
Millbrook lodge,couple portraits,MKB-photography-Northern-Ireland-wedding-photographer-Millbrook-lodge-hotel-ballynahinch-Wedding-photography-millbrook-lodge-hotel-wedding-photography-FULL RES-386_500.webp,,,,,,,,,,,couple portraits|bride and groom|millbrook lodge|woodland garden|natural light|romantic|intimate moment|wedding bouquet|outdoor portraits|soft sunlight|wedding day,MKB001007
Millbrook lodge,couple portraits,MKB-photography-Northern-Ireland-wedding-photographer-Millbrook-lodge-hotel-ballynahinch-Wedding-photography-millbrook-lodge-hotel-wedding-photography-FULL RES-393_500.webp,,,,,,,,,,,millbrook lodge|couple portraits|bride and groom|outdoor portrait|woodland path|golden hour|natural light|romantic|intimate moment|wedding bouquet|elegant wedding|northern ireland wedding,MKB001008
Millbrook lodge,family and bridal party,MKB-photography-Northern-Ireland-wedding-photographer-Millbrook-lodge-hotel-ballynahinch-Wedding-photography-millbrook-lodge-hotel-wedding-photography-FULL RES-356_500.webp,,,,,,,,,,,family portrait|bridal party|outdoor wedding|garden portrait|sunny light|formal group|wedding guests|bride and groom|children|happy mood|millbrook lodge|wedding portraits,MKB001009
Millbrook lodge,family and bridal party,MKB-photography-Northern-Ireland-wedding-photographer-Millbrook-lodge-hotel-ballynahinch-Wedding-photography-millbrook-lodge-hotel-wedding-photography-FULL RES-410_500.webp,,,,,,,,,,,millbrook lodge|bride|bridesmaids|bridal party|bouquets|outdoor portraits|garden|gazebo|natural light|sunny|joyful|wedding portraits,MKB001010
Millbrook lodge,getting ready,MKB-weddings-mkb-photography-northern-ireland-wedding-photographer-millbrook-lodge-ballynahinch-wedding-photography10_500.webp,,,,,,,,,,,getting ready|bride prep|bridal party|mother and bride|white pajamas|champagne toast|outdoor portraits|natural light|relaxed moments|happy mood|millbrook lodge|wedding morning,MKB001011
Millbrook lodge,getting ready,MKB-weddings-mkb-photography-northern-ireland-wedding-photographer-millbrook-lodge-ballynahinch-wedding-photography8_500.webp,,,,,,,,,,,millbrook lodge|getting ready|bride|wedding dress|staircase|black and white|moody lighting|candid moment|bridal prep|indoor wedding|reflection|elegant mood,MKB001012
Millbrook lodge,getting ready,MKB-weddings-mkb-photography-northern-ireland-wedding-photographer-millbrook-lodge-ballynahinch-wedding-photography9_500.webp,,,,,,,,,,,getting ready|millbrook lodge|flower girls|bride prep|candid moment|window light|black and white|joyful|wedding morning|children|indoor|natural light,MKB001013
Millbrook lodge,reception and party,MKB-photography-Northern-Ireland-wedding-photographer-Millbrook-lodge-hotel-ballynahinch-Wedding-photography-millbrook-lodge-hotel-wedding-photography-FULL RES-505_500.webp,,,,,,,,,,,reception|wedding speeches|top table|bride and groom|bridesmaid speech|guests applauding|indoor reception|fairy lights|soft natural light|joyful moment|floral centrepiece|millbrook lodge,MKB001014
Millhouse Slane,getting ready,mkb-weddings-irish-wedding-photographer-millhouse-slane-wedding-photography-11_500.webp,,,,,,,,,,,millhouse slane|getting ready|bride|wedding dress|bridal veil|window light|soft light|romantic|quiet moment|bridal portrait|indoor|irish wedding,MKB001015
Millhouse Slane,getting ready,MKB-photography-Northern-Ireland-wedding-photographer-Slane-Wedding-photography-Millhouse-Slane-wedding-photography-11_500.webp,,,,,,,,,,,getting ready|bride|bridesmaids|champagne pop|bridal robes|morning prep|window light|joyful|celebration|candid|millhouse slane|wedding morning,MKB001016
Millhouse Slane,getting ready,MKB-photography-Northern-Ireland-wedding-photographer-Slane-Wedding-photography-Millhouse-Slane-wedding-photography-26_500.webp,,,,,,,,,,,getting ready|bride|bridal portrait|staircase|wedding dress|veil|bouquet|black and white|dramatic light|quiet moment|millhouse slane|wedding morning,MKB001017
Millhouse Slane,reception and party,MKB-photography-Northern-Ireland-wedding-photographer-Slane-Wedding-photography-Millhouse-Slane-wedding-photography-81_500.webp,,,,,,,,,,,millhouse slane|reception|sparkler exit|bride and groom|wedding guests|night photography|fairy lights|celebration|party atmosphere|candid moment|romantic|outdoor reception,MKB001018
Old Rectory,ceremony,MKB_Photography-Northern-ireland-wedding-photography-northern-ireland-wedding-photographer-the-old-rectory-killyman-wedding-photography-full-res-130_500.webp,,,,,,,,,,,old rectory|outdoor ceremony|bride and groom|wedding vows|officiant|guests|flower girl|garden wedding|sunny light|romantic|emotional moment|ceremony seating,MKB001019
Old Rectory,ceremony,MKB_Photography-Northern-ireland-wedding-photography-northern-ireland-wedding-photographer-the-old-rectory-killyman-wedding-photography-full-res-141_500.webp,,,,,,,,,,,old rectory|outdoor ceremony|bride and groom|ceremony exit|cheering guests|applause|sunlit garden|joyful moment|wedding dress|aisle view|summer wedding|candid ceremony,MKB001020
Old Rectory,couple portraits,mkb-weddings-northern-ireland-wedding-photographer-old-rectory-killyman-wedding-photography-1_500.webp,,,,,,,,,,,old rectory|couple portraits|bride and groom|garden portrait|outdoor wedding|golden hour|backlit|romantic|intimate moment|wedding dress|groom suit|northern ireland wedding,MKB001021
Old Rectory,couple portraits,mkb-weddings-northern-ireland-wedding-photographer-old-rectory-killyman-wedding-photography-4_500.webp,,,,,,,,,,,old rectory|couple portraits|bride and groom|woodland|romantic|intimate|soft light|natural light|embrace|wedding portraits|outdoor|northern ireland,MKB001022
Old Rectory,couple portraits,MKB_Photography-Northern-ireland-wedding-photography-northern-ireland-wedding-photographer-the-old-rectory-killyman-wedding-photography-full-res-267_500.webp,,,,,,,,,,,old rectory|couple portraits|bride and groom|stone wall|holding hands|natural light|romantic|elegant|outdoor portraits|wedding day|bridal cape|northern ireland wedding,MKB001023
Old Rectory,couple portraits,MKB_Photography-Northern-ireland-wedding-photography-northern-ireland-wedding-photographer-the-old-rectory-killyman-wedding-photography-full-res-283_500.webp,,,,,,,,,,,old rectory|couple portraits|bride and groom|garden portraits|outdoor wedding|floral foreground|natural light|romantic|intimate moment|holding hands|greenery|wedding portraits,MKB001024
Old Rectory,couple portraits,MKB_Photography-Northern-ireland-wedding-photography-northern-ireland-wedding-photographer-the-old-rectory-killyman-wedding-photography-full-res-288_500.webp,,,,,,,,,,,old rectory|couple portraits|bride and groom|garden portrait|outdoor wedding|golden hour|soft light|romantic|intimate moment|wedding dress|navy suit|natural greenery,MKB001025
Old Rectory,couple portraits,MKB_Photography-Northern-ireland-wedding-photography-northern-ireland-wedding-photographer-the-old-rectory-killyman-wedding-photography-full-res-299_500.webp,,,,,,,,,,,couple portraits|bride and groom|woodland|soft light|romantic|intimate|embrace|wedding portraits|natural backdrop|golden hour,MKB001026
Old Rectory,couple portraits,MKB_Photography-Northern-ireland-wedding-photography-northern-ireland-wedding-photographer-the-old-rectory-killyman-wedding-photography-full-res-313_500.webp,,,,,,,,,,,old rectory|couple portraits|bride and groom|outdoor portraits|willow trees|greenery|natural light|joyful|candid laughter|romantic|wedding day|relaxed,MKB001027
Old Rectory,family and bridal party,MKB_Photography-Northern-ireland-wedding-photography-northern-ireland-wedding-photographer-the-old-rectory-killyman-wedding-photography-full-res-261_500.webp,,,,,,,,,,,old rectory|flower girl|page boy|children portrait|bridal party|family photos|brick backdrop|rustic setting|soft light|sweet moment|wedding portraits|northern ireland wedding,MKB001028
Old Rectory,family and bridal party,MKB_Photography-Northern-ireland-wedding-photography-northern-ireland-wedding-photographer-the-old-rectory-killyman-wedding-photography-full-res-97_500.webp,,,,,,,,,,,old rectory|bridal party|bride|bridesmaids|flower girls|group portrait|doorway steps|red door|natural light|elegant|family portraits|wedding morning,MKB001029
Old Rectory,getting ready,MKB_Photography-Northern-ireland-wedding-photography-northern-ireland-wedding-photographer-the-old-rectory-killyman-wedding-photography-full-res-76_500.webp,,,,,,,,,,,getting ready|bridal prep|bride|bridesmaid|bracelet fastening|wedding morning|soft window light|calm moments|elegant details|old rectory|indoor portraits|northern ireland wedding,MKB001030
Old Rectory,reception and party,MKB_Photography-Northern-ireland-wedding-photography-northern-ireland-wedding-photographer-the-old-rectory-killyman-wedding-photography-full-res-336_500.webp,,,,,,,,,,,reception entrance|bride and groom|cheering guests|marquee reception|fairy lights|celebration|joyful|party atmosphere|wedding reception|grand entrance|candid moment|indoor wedding,MKB001031
Orange tree house,ceremony,MKB_Photography-Northern-ireland-wedding-photography-northern-ireland-wedding-photographer-orange-tree-house-greyabbey-wedding-photography-164_500.webp,,,,,Y,7,Y,1,,,ceremony|bride entrance|aisle walk|father and bride|wedding guests|stone ceremony room|natural light|romantic|emotional|floral aisle|indoor wedding|orange tree house,MKB001032
Orange tree house,ceremony,MKB_Photography-Northern-ireland-wedding-photography-northern-ireland-wedding-photographer-orange-tree-house-greyabbey-wedding-photography-223_500.webp,,,,,,,,,,,ceremony|indoor wedding|stone barn|bride and groom|first kiss|guests clapping|rustic decor|soft indoor light|romantic moment|joyful atmosphere|orange tree house|northern ireland wedding,MKB001033
Orange tree house,ceremony,MKB_Photography-Northern-ireland-wedding-photography-northern-ireland-wedding-photographer-orange-tree-house-greyabbey-wedding-photography-full-res-144_500.webp,,,,,,,,,,,ceremony|orange tree house|bride entrance|emotional groom|aisle walk|wedding guests|rustic interior|stone walls|natural light|romantic mood|northern ireland wedding|candid moment,MKB001034
Orange tree house,ceremony,MKB_Photography-Northern-ireland-wedding-photography-northern-ireland-wedding-photographer-orange-tree-house-greyabbey-wedding-photography-full-res-167_500.webp,,,,,,,,,,,ceremony|indoor ceremony|couple|bride and groom|holding hands|wedding vows|guests|stone barn|natural light|joyful|intimate|orange tree house,MKB001035
Orange tree house,ceremony,MKB-weddings-mkb-photography-northern-ireland-wedding-photographer-orange-tree-house-greyabbey-wedding-photography-311_500.webp,,,,,,,,,,,ceremony|first kiss|bride and groom|indoor wedding|stone barn|aisle|guests clapping|natural light|joyful|romantic|orange tree house|northern ireland,MKB001036
Orange tree house,ceremony,MKB-weddings-mkb-photography-northern-ireland-wedding-photographer-orange-tree-house-greyabbey-wedding-photography-347_500.webp,,,,,,,,,,,ceremony|aisle|bride|groom|guests|applause|recessional|stone walls|natural light|joyful|floral bouquet|orange tree house,MKB001037
Orange tree house,ceremony,mkb-weddings-mkb-photography-northern-ireland-wedding-photography-orange-tree-house-greyabbey-wedding-photography-110_500.webp,,,,,,,,,,,ceremony|bride|aisle walk|indoor wedding|stone barn|guests|natural light|rustic decor|romantic|processional|orange tree house|greyabbey,MKB001038
Orange tree house,ceremony,mkb-weddings-mkb-photography-northern-ireland-wedding-photography-orange-tree-house-greyabbey-wedding-photography-134_500.webp,,,,,,,,,,,ceremony|bride and groom|wedding vows|joyful bride|outdoor ceremony|natural light|stone wall|guests watching|romantic moment|happy laughter|orange tree house|northern ireland wedding,MKB001039
Orange tree house,ceremony,mkb-weddings-mkb-photography-northern-ireland-wedding-photography-orange-tree-house-greyabbey-wedding-photography-140_500.webp,,,,,,,,,,,orange tree house|wedding ceremony|bride and groom|officiant|wedding guests|indoor ceremony|natural light|joyful moment|laughing bride|vows|rustic interior|candid wedding,MKB001040
Orange tree house,ceremony,mkb-weddings-mkb-photography-northern-ireland-wedding-photography-orange-tree-house-greyabbey-wedding-photography-183_500.webp,,,,,,,,,,,ceremony|aisle exit|bride and groom|guest applause|stone interior|natural light|joyful|celebration|wedding recessional|orange tree house,MKB001041
Orange tree house,ceremony,mkb-weddings-mkb-photography-northern-ireland-wedding-photography-orange-tree-house-greyabbey-wedding-photography-374_500.webp,,,,,,,,,,,orange tree house|ceremony exit|confetti|bride and groom|wedding guests|outdoor ceremony|sunny light|joyful|just married|aisle walk|celebration|northern ireland wedding,MKB001042
Orange tree house,ceremony,mkb-weddings-orange-tree-house-wedding-photographer-70_500.webp,,,,,,,,,,,ceremony|live music|wedding singer|acoustic guitar|indoor ceremony|soft light|romantic mood|floral decor|ceremony musician|orange tree house,MKB001043
Orange tree house,ceremony,mkb-weddings-orange-tree-house-wedding-photographer-84_500.webp,,orange-tree-house,12,FALSE,,,,,,,ceremony|aisle walk|bride entrance|bride|groom|wedding guests|indoor ceremony|rustic stone|natural light|emotional|floral bouquet|orange tree house,MKB001044
Orange tree house,ceremony,mkb-weddings-orange-tree-house-wedding-photographer-111_500.webp,,orange-tree-house,13,FALSE,,,,,,,ceremony|ring exchange|wedding rings|bride and groom|hands closeup|indoor ceremony|soft light|romantic|intimate moment|orange tree house|wedding vows|floral aisle,MKB001045
Orange tree house,ceremony,mkb-weddings-orange-tree-house-wedding-photographer-116_500.webp,,orange-tree-house,14,FALSE,,,,,,,ceremony|orange tree house|bride|father of bride|aisle|indoor ceremony|stone walls|guest applause|emotional moment|natural light|wedding kiss|rustic wedding,MKB001046
Orange tree house,ceremony,mkb-weddings-orange-tree-house-wedding-photographer-127_500.webp,,orange-tree-house,15,FALSE,,,,,,,ceremony|bride and groom|seated couple|indoor wedding|warm light|candid laughter|joyful|wedding vows|romantic|guests|orange tree house,MKB001047
Orange tree house,ceremony,mkb-weddings-orange-tree-house-wedding-photographer-149_500.webp,,orange-tree-house,16,FALSE,,,,,,,ceremony|bride|aisle walk|processional|indoor wedding|stone barn|natural light|floral aisle|guests|emotional|rustic|orange tree house,MKB001048
Orange tree house,ceremony,mkb-weddings-orange-tree-house-wedding-photographer-152_500.webp,,orange-tree-house,17,FALSE,,,,,,,orange tree house|ceremony exit|bride and groom|guests clapping|indoor ceremony|rustic brick|natural light|joyful|celebration|wedding aisle|newlyweds|confetti moment,MKB001049
Orange tree house,couple portraits,MKB_Photography-Northern-ireland-wedding-photography-northern-ireland-wedding-photographer-orange-tree-house-greyabbey-wedding-photography-493_500.webp,,,,,Y,4,Y,12,,,couple portraits|bride and groom|veil portrait|sunset light|backlit|romantic|coastal portraits|intimate moment|wedding veil|golden hour|orange tree house|northern ireland wedding,MKB001050
Orange tree house,couple portraits,MKB_Photography-Northern-ireland-wedding-photography-northern-ireland-wedding-photographer-orange-tree-house-greyabbey-wedding-photography-351_500.webp,,,,,,,,,,,couple portraits|bride and groom|garden path|greenery|sunlit|romantic|intimate|wedding dress|bridal bouquet|walking together|outdoor portraits|natural light,MKB001051
Orange tree house,couple portraits,MKB_Photography-Northern-ireland-wedding-photography-northern-ireland-wedding-photographer-orange-tree-house-greyabbey-wedding-photography-353_500.webp,,,,,,,,,,,couple portraits|bride and groom|orange tree house|historic house|wedding portraits|outdoor portraits|dramatic light|romantic mood|estate backdrop|northern ireland wedding|formal portraits|wedding day,MKB001052
Orange tree house,couple portraits,MKB_Photography-Northern-ireland-wedding-photography-northern-ireland-wedding-photographer-orange-tree-house-greyabbey-wedding-photography-357_500.webp,,,,,,,,,,,couple portrait|bride and groom|orange tree house|garden portrait|outdoor wedding|historic ruins|golden light|romantic|elegant|wedding dress|bridal bouquet|northern ireland wedding,MKB001053
Orange tree house,couple portraits,MKB_Photography-Northern-ireland-wedding-photography-northern-ireland-wedding-photographer-orange-tree-house-greyabbey-wedding-photography-358_500.webp,,,,,,,,,,,couple portrait|bride and groom|outdoor wedding|garden portrait|historic ruins|sunny light|romantic|elegant|wedding dress|groom suit|bridal bouquet|orange tree house,MKB001054
Orange tree house,couple portraits,MKB_Photography-Northern-ireland-wedding-photography-northern-ireland-wedding-photographer-orange-tree-house-greyabbey-wedding-photography-411_500.webp,,,,,,,,,,,couple portraits|bride and groom|outdoor wedding|waterfront|pergola|overcast light|romantic|intimate moment|wedding kiss|orange tree house|greyabbey|northern ireland,MKB001055
Orange tree house,couple portraits,MKB_Photography-Northern-ireland-wedding-photography-northern-ireland-wedding-photographer-orange-tree-house-greyabbey-wedding-photography-494_500.webp,,,,,Y,1,Y,1,,,couple portraits|bride and groom|coastal wedding|shoreline|embrace|romantic|soft light|overcast sky|intimate moment|wedding portraits|veil|orange tree house,MKB001056
Orange tree house,couple portraits,MKB_Photography-Northern-ireland-wedding-photography-northern-ireland-wedding-photographer-orange-tree-house-greyabbey-wedding-photography-497_500.webp,,,,,,,,,,,couple portraits|bride and groom|shoreline|rock pools|coastal wedding|soft light|romantic|intimate|wedding dress|groom suit|reflection|newlyweds,MKB001057
Orange tree house,couple portraits,MKB_Photography-Northern-ireland-wedding-photography-northern-ireland-wedding-photographer-orange-tree-house-greyabbey-wedding-photography-503_500.webp,creative-flash,,,,,,,,,,couple portraits|bride and groom|wedding portrait|coastal wedding|shoreline|dramatic sky|soft evening light|romantic|intimate|cloudy sunset|northern ireland wedding|orange tree house,MKB001058
Orange tree house,couple portraits,MKB_Photography-Northern-ireland-wedding-photography-northern-ireland-wedding-photographer-orange-tree-house-greyabbey-wedding-photography-full-res-279_500.webp,,,,,,,,,,,couple portraits|bride and groom|outdoor portrait|orange tree house|sunlit|romantic|joyful|wedding bouquet|hand holding|smiling couple|bridal style|wedding day,MKB001059
Orange tree house,couple portraits,MKB_Photography-Northern-ireland-wedding-photography-northern-ireland-wedding-photographer-orange-tree-house-greyabbey-wedding-photography-full-res-294_500.webp,,,,,,,,,,,couple portraits|bride and groom|outdoor portraits|garden setting|orange tree house|golden light|backlit|romantic|intimate moment|forehead touch|wedding day|summer wedding,MKB001060
Orange tree house,couple portraits,MKB_Photography-Northern-ireland-wedding-photography-northern-ireland-wedding-photographer-orange-tree-house-greyabbey-wedding-photography-full-res-343_500.webp,,,,,,,,,,,couple portraits|bride and groom|coastal wedding|seaside portraits|wedding kiss|sunlit|backlit|romantic|intimate moment|clear sky|waterfront|wedding day,MKB001061
Orange tree house,couple portraits,MKB_Photography-Northern-ireland-wedding-photography-northern-ireland-wedding-photographer-orange-tree-house-greyabbey-wedding-photography-full-res-388_500.webp,creative-flash,,,,,,,,,,couple portraits|bride and groom|sunset|coastal|shoreline|golden hour|romantic|wedding portraits|newlyweds|orange tree house|northern ireland|dramatic light,MKB001062
Orange tree house,couple portraits,MKB_Photography-Northern-ireland-wedding-photography-northern-ireland-wedding-photographer-orange-tree-house-greyabbey-wedding-photography-full-res-393_500.webp,,,,,,,,,,,couple portraits|bride and groom|sunset|golden hour|backlit|romantic|embrace|wedding kiss|waterfront|coastal|orange tree house|northern ireland wedding,MKB001063
Orange tree house,couple portraits,MKB_Photography-Northern-ireland-wedding-photography-northern-ireland-wedding-photographer-orange-tree-house-greyabbey-wedding-photography-full-res-422_500.webp,creative-flash,,,,,,,,,,couple portraits|bride and groom|sparklers|sunset|coastal portraits|evening light|romantic|wedding dress|groom suit|hand in hand|orange tree house|twilight,MKB001064
Orange tree house,couple portraits,MKB-weddings-mkb-photography-northern-ireland-wedding-photographer-orange-tree-house-greyabbey-wedding-photography-167_500.webp,,,,,,,,,,,couple portraits|bride and groom|wedding ruins|stone archways|historic backdrop|dramatic light|sun and shadow|romantic mood|elegant wedding|outdoor portraits|orange tree house|wedding day,MKB001065
Orange tree house,couple portraits,MKB-weddings-mkb-photography-northern-ireland-wedding-photographer-orange-tree-house-greyabbey-wedding-photography-175_500.webp,creative-flash,,,,,,,,,,couple portraits|bride and groom|coastal landscape|dramatic sky|storm clouds|sunset light|romantic mood|intimate embrace|wedding portraits|outdoor wedding|moody lighting|northern ireland wedding,MKB001066
Orange tree house,couple portraits,MKB-weddings-mkb-photography-northern-ireland-wedding-photographer-orange-tree-house-greyabbey-wedding-photography-176_500.webp,creative-flash,,,,,,,,,,couple portraits|bride and groom|coastal wedding|dramatic sky|sunset light|romantic|outdoor portraits|wedding day|shoreline|cloudy sky|northern ireland|orange tree house,MKB001067
Orange tree house,couple portraits,MKB-weddings-mkb-photography-northern-ireland-wedding-photographer-orange-tree-house-greyabbey-wedding-photography-183_500.webp,,,,,,,,,,,couple portraits|bride and groom|coastal portraits|waterfront|sunset light|dramatic sky|romantic|embrace|wedding portraits|backlit|orange tree house,MKB001068
Orange tree house,couple portraits,MKB-weddings-mkb-photography-northern-ireland-wedding-photographer-orange-tree-house-greyabbey-wedding-photography-185_500.webp,creative-flash,,,,,,,,,,couple portraits|bride and groom|stone ruins|doorway portrait|natural light|romantic|intimate|wedding bouquet|elegant wedding|newlyweds|orange tree house|wedding portraits,MKB001069
Orange tree house,couple portraits,MKB-weddings-mkb-photography-northern-ireland-wedding-photographer-orange-tree-house-greyabbey-wedding-photography-186_500.webp,creative-flash,,,,,,,,,,couple portraits|bride and groom|sunset|dramatic sky|coastal|waterfront|romantic|golden light|wedding portraits|orange tree house|greyabbey|northern ireland,MKB001070
Orange tree house,couple portraits,MKB-weddings-mkb-photography-northern-ireland-wedding-photographer-orange-tree-house-greyabbey-wedding-photography-204_500.webp,,,,,,,,,,,couple portraits|bride and groom|outdoor portraits|garden lawn|wedding dress|bridal veil|bouquet|soft daylight|romantic|intimate|wedding portraits|orange tree house,MKB001071
Orange tree house,couple portraits,MKB-weddings-mkb-photography-northern-ireland-wedding-photographer-orange-tree-house-greyabbey-wedding-photography-214_500.webp,,,,,,,,,,,couple portraits|bride and groom|outdoor wedding|garden lawn|hand in hand|walking portrait|soft natural light|romantic|relaxed|wedding portraits|trees|orange tree house,MKB001072
Orange tree house,couple portraits,MKB-weddings-mkb-photography-northern-ireland-wedding-photographer-orange-tree-house-greyabbey-wedding-photography-397_500.webp,,,,,Y,3,,,,,couple portraits|bride and groom|indoor bar|wedding drinks|sunglasses|stylish wedding|fun mood|window light|modern couple|wedding fashion|orange tree house|relaxed portrait,MKB001073
Orange tree house,couple portraits,MKB-weddings-mkb-photography-northern-ireland-wedding-photographer-orange-tree-house-greyabbey-wedding-photography-414_500.webp,creative-flash,,,,,,,,,,couple portraits|bride and groom|stone archway|doorway portrait|romantic|soft light|intimate moment|wedding kiss|bridal bouquet|historic stone|orange tree house|northern ireland wedding,MKB001074
Orange tree house,couple portraits,MKB-weddings-mkb-photography-northern-ireland-wedding-photographer-orange-tree-house-greyabbey-wedding-photography2_500.webp,creative-flash,,,,,,,,,,couple portraits|bride and groom|sunset portrait|dramatic sky|coastal backdrop|beach wedding|evening light|romantic mood|wedding dress|black tie|orange tree house|northern ireland wedding,MKB001075
Orange tree house,couple portraits,MKB-weddings-mkb-photography-northern-ireland-wedding-photographer-orange-tree-house-greyabbey-wedding-photography3_500.webp,,,,,,,,,,,couple portraits|bride and groom|coastal portraits|sunset light|romantic mood|wedding bouquet|shoreline|golden hour|intimate moment|orange tree house,MKB001076
Orange tree house,couple portraits,mkb-weddings-mkb-photography-northern-ireland-wedding-photography-orange-tree-house-greyabbey-wedding-photography-100-1_500.webp,,,,,,,,,,,couple portraits|bride and groom|garden wedding|outdoor portraits|sunlit|romantic|intimate moment|floral foreground|natural light|wedding dress|groom suit|orange tree house,MKB001077
Orange tree house,couple portraits,mkb-weddings-mkb-photography-northern-ireland-wedding-photography-orange-tree-house-greyabbey-wedding-photography-191_500.webp,,,,,,,,,,,bridal portrait|bride|wedding dress|bouquet|garden|outdoor|natural light|sunny|romantic|elegant|couple portraits|orange tree house,MKB001078
Orange tree house,couple portraits,mkb-weddings-mkb-photography-northern-ireland-wedding-photography-orange-tree-house-greyabbey-wedding-photography-260_500.webp,,,,,,,,,,,couple portraits|bride and groom|outdoor wedding|waterfront|cloudy sky|dramatic light|romantic|walking|wedding dress|bridal bouquet|orange tree house|northern ireland wedding,MKB001079
Orange tree house,couple portraits,mkb-weddings-mkb-photography-northern-ireland-wedding-photography-orange-tree-house-greyabbey-wedding-photography-261_500.webp,,,,,,,,,,,couple portraits|bride and groom|outdoor wedding|waterside portraits|cloudy sky|soft light|romantic mood|wedding dress|groom suit|coastal view|orange tree house|newlyweds,MKB001080
Orange tree house,couple portraits,mkb-weddings-mkb-photography-northern-ireland-wedding-photography-orange-tree-house-greyabbey-wedding-photography-273_500.webp,,,,,Y,6,Y,5,,,couple portraits|bride and groom|outdoor wedding|meadow|woodland|natural light|romantic|joyful|hand in hand|wedding bouquet|bridal portrait|wedding portraits,MKB001081
Orange tree house,couple portraits,mkb-weddings-mkb-photography-northern-ireland-wedding-photography-orange-tree-house-greyabbey-wedding-photography-278_500.webp,,,,,,,,,,,couple portraits|bride and groom|coastal wedding|shoreline|dramatic sky|overcast light|romantic|wedding portraits|bridal bouquet|orange tree house|northern ireland|waterfront,MKB001082
Orange tree house,couple portraits,mkb-weddings-mkb-photography-northern-ireland-wedding-photography-orange-tree-house-greyabbey-wedding-photography-286_500.webp,,,,,Y,2,Y,6,,,bridal portrait|bride|wedding dress|bouquet|woodland|garden|natural light|romantic|elegant|couple portraits|orange tree house,MKB001083
Orange tree house,couple portraits,mkb-weddings-mkb-photography-northern-ireland-wedding-photography-orange-tree-house-greyabbey-wedding-photography-398_500.webp,creative-flash,,,,,,,,,,couple portraits|bride and groom|beach wedding|shoreline|sunset light|dramatic sky|romantic|holding hands|wedding dress|outdoor portraits|orange tree house|golden hour,MKB001084
Orange tree house,couple portraits,mkb-weddings-mkb-photography-northern-ireland-wedding-photography-orange-tree-house-greyabbey-wedding-photography-402_500.webp,creative-flash,,,,,,,,,,couple portraits|bride and groom|coastal wedding|beach portraits|sunset light|dramatic sky|romantic mood|holding hands|wedding dress|groom suit|golden hour|orange tree house,MKB001085
Orange tree house,couple portraits,mkb-weddings-mkb-photography-northern-ireland-wedding-photography-orange-tree-house-greyabbey-wedding-photography-403_500.webp,,,,,,,,,,,couple portraits|bride and groom|indoor portrait|window light|romantic|intimate|wedding bouquet|bridal gown|groom suit|soft light|happy couple|orange tree house,MKB001086
Orange tree house,couple portraits,mkb-weddings-mkb-photography-northern-ireland-wedding-photography-orange-tree-house-greyabbey-wedding-photography-406_500.webp,,,,,,,,,,,couple portrait|bride and groom|indoor wedding|grand staircase|chandelier|skylight|natural light|elegant|romantic|wedding dress|wedding bouquet|orange tree house,MKB001087
Orange tree house,couple portraits,mkb-weddings-mkb-photography-northern-ireland-wedding-photography-orange-tree-house-greyabbey-wedding-photography-409_500.webp,creative-flash,,,,,,,,,,couple portraits|bride and groom|chandelier|indoor wedding|overhead portrait|romantic|elegant|soft lighting|wedding dress|bridal bouquet|orange tree house|wedding portrait,MKB001088
Orange tree house,couple portraits,mkb-weddings-mkb-photography-northern-ireland-wedding-photography-orange-tree-house-greyabbey-wedding-photography-411_500.webp,,,,,Y,9,Y,5,,,couple portraits|bride and groom|indoor wedding|chandelier|overhead view|elegant|romantic|soft light|wedding dress|groom suit|orange tree house|wedding portrait,MKB001089
Orange tree house,couple portraits,mkb-weddings-mkb-photography-northern-ireland-wedding-photography-orange-tree-house-greyabbey-wedding-photography-442_500.webp,,,,,,,,,,,couple portraits|bride and groom|garden portrait|forehead kiss|romantic|joyful|natural light|greenery|ferns|outdoor wedding|wedding dress|orange tree house,MKB001090
Orange tree house,couple portraits,mkb-weddings-mkb-photography-northern-ireland-wedding-photography-orange-tree-house-greyabbey-wedding-photography-445_500.webp,,,,,,,,,,,couple portraits|bride and groom|wedding walk|outdoor portraits|garden setting|estate backdrop|natural light|romantic mood|elegant wedding|bridal gown|groom suit|orange tree house,MKB001091
Orange tree house,couple portraits,mkb-weddings-mkb-photography-northern-ireland-wedding-photography-orange-tree-house-greyabbey-wedding-photography-454_500.webp,,,,,,,,,,,couple portraits|bride and groom|orange tree house|garden portrait|stone columns|soft sunlight|romantic|intimate moment|wedding dress|bridal bouquet|outdoor wedding|northern ireland wedding,MKB001092
Orange tree house,couple portraits,mkb-weddings-mkb-photography-northern-ireland-wedding-photography-orange-tree-house-greyabbey-wedding-photography-461_500.webp,creative-flash,,,,,,,,,,couple portraits|bride and groom|garden portrait|romantic embrace|outdoor wedding|sunlit|floral foreground|wedding veil|intimate moment|soft focus|orange tree house|summer wedding,MKB001093
Orange tree house,couple portraits,mkb-weddings-mkb-photography-northern-ireland-wedding-photography-orange-tree-house-greyabbey-wedding-photography-618_500.webp,,,,,,,,,,,couple portraits|bride and groom|wedding portraits|meadow|long grass|countryside|soft light|golden hour|romantic|intimate|newlyweds|outdoor wedding,MKB001094
Orange tree house,couple portraits,mkb-weddings-mkb-photography-northern-ireland-wedding-photography-orange-tree-house-greyabbey-wedding-photography-626_500.webp,,,,,,,,,,,couple portraits|bride and groom|beach wedding|coastal portraits|holding hands|soft light|romantic|calm mood|wedding dress|groom suit|outdoor portraits|orange tree house,MKB001095
Orange tree house,couple portraits,mkb-weddings-mkb-photography-northern-ireland-wedding-photography-orange-tree-house-greyabbey-wedding-photography-630_500.webp,,,,,,,,,,,couple portraits|bride and groom|beach portraits|golden hour|backlit|romantic|joyful|embrace|wedding dress|groom suit|outdoor wedding|newlyweds,MKB001096
Orange tree house,couple portraits,mkb-weddings-northern-ireland-wedding-photographer-orange-tree-house-greyabbey-wedding-photography-25_500.webp,,,,,,,,,,,bridal portrait|bride|bouquet|coastal wedding|seaside|bright light|romantic|joyful|veil|wedding dress|couple portraits|orange tree house,MKB001097
Orange tree house,couple portraits,mkb-weddings-northern-ireland-wedding-photographer-orange-tree-house-greyabbey-wedding-photography-41_500.webp,creative-flash,,,,,,,,,,bridal portrait|bride|wedding dress|veil|woodland|garden|soft light|romantic|quiet moment|orange tree house|couple portraits,MKB001098
Orange tree house,couple portraits,mkb-weddings-northern-ireland-wedding-photographer-orange-tree-house-greyabbey-wedding-photography-42_500.webp,creative-flash,,,,,,,,,,couple portrait|bride and groom|beach|stormy sky|dramatic light|moody|romantic|wedding portraits|shoreline|orange tree house|northern ireland wedding,MKB001099
Orange tree house,couple portraits,mkb-weddings-orange-tree-house-wedding-photographer-36_500.webp,,orange-tree-house,8,FALSE,,,,,,,groom portrait|black tuxedo|outdoor portrait|garden setting|natural light|dappled light|formalwear|calm mood|wedding day|solo portrait|greenery|orange tree house,MKB001100
Orange tree house,couple portraits,mkb-weddings-orange-tree-house-wedding-photographer-184_500.webp,,,,,,,,,,,couple portraits|bride and groom|wedding dog|outdoor portraits|garden setting|natural light|playful moment|joyful|wedding bouquet|black tie|orange tree house|pet friendly wedding,MKB001101
Orange tree house,couple portraits,mkb-weddings-orange-tree-house-wedding-photographer-192_500.webp,,,,,,,,,,,couple portraits|bride and groom|outdoor wedding|garden portrait|natural light|romantic|holding hands|wedding bouquet|black tie|sunlit trees|orange tree house|wedding portraits,MKB001102
Orange tree house,couple portraits,mkb-weddings-orange-tree-house-wedding-photographer-4-1_500.webp,,,,,,,,,,,couple portraits|beach wedding|coastal portraits|bride and groom|wedding attire|bright sunlight|romantic|relaxed|outdoor wedding|seaside|orange tree house,MKB001103
Orange tree house,couple portraits,mkb-weddings-orange-tree-house-wedding-photographer-43_500.webp,,,,,,,,,,,couple portraits|bride and groom|wedding reception|rustic barn|natural light|romantic|elegant|floral bouquet|indoor ceremony|wedding decor|stone walls|orange tree house,MKB001104
Orange tree house,couple portraits,mkb-weddings-orange-tree-house-wedding-photographer-4_500.webp,,,,,,,,,,,bridal portrait|bride|wedding dress|garden path|floral bouquet|outdoor wedding|natural light|dappled sunlight|romantic|elegant|couple portraits|orange tree house,MKB001105
Orange tree house,couple portraits,mkb-weddings-orange-tree-house-wedding-photographer-50_500.webp,,,,,,,,,,,couple portrait|bride and groom|orange tree house|stone wall|arched windows|natural light|sun flare|romantic|elegant|wedding portraits|bouquet|outdoor wedding,MKB001106
Orange tree house,couple portraits,mkb-weddings-orange-tree-house-wedding-photographer-57_500.webp,,,,,,,,,,,couple portraits|bride and groom|wedding kiss|romantic|intimate moment|stone wall|outdoor portraits|natural light|elegant wedding|bridal gown|black tie groom|orange tree house,MKB001107
Orange tree house,couple portraits,mkb-weddings-orange-tree-house-wedding-photographer-230_500.webp,,orange-tree-house,18,FALSE,,,,,,,couple portraits|bride and groom|wedding kiss|outdoor ceremony|floral arch|bright sunlight|romantic|joyful|wedding dress|black tuxedo|orange tree house,MKB001108
Orange tree house,couple portraits,mkb-weddings-orange-tree-house-wedding-photographer-231_500.webp,,orange-tree-house,19,FALSE,,,,,,,couple portrait|bride and groom|floral arch|outdoor wedding|bright sunlight|romantic|joyful|wedding sunglasses|ceremony decor|modern wedding|orange tree house,MKB001109
Orange tree house,couple portraits,mkb-weddings-orange-tree-house-wedding-photographer-8-1_500.webp,,,,,,,,,,,couple portraits|bride and groom|beach portraits|sunset light|backlit|golden hour|romantic|joyful|wedding portraits|outdoor wedding|orange tree house,MKB001110
Orange tree house,couple portraits,mkb-weddings-orange-tree-house-wedding-photographer-90_500.webp,,,,,,,,,,,couple portraits|bride and groom|outdoor terrace|pergola|orange tree house|backlit|golden hour|romantic|candid moment|wedding portraits|scenic view|elegant,MKB001111
Orange tree house,couple portraits,mkb-weddings-orange-tree-house-wedding-photographer-91_500.webp,,orange-tree-house,20,FALSE,,,,,,,couple portraits|bride and groom|outdoor wedding|pergola|waterfront|bright light|romantic|holding hands|floral arch|wedding portraits|elegant|orange tree house,MKB001112
Orange tree house,couple portraits,mkb-weddings-orange-tree-house-wedding-photographer-92_500.webp,,,,,,,,,,,couple portraits|bride and groom|outdoor wedding|floral arch|bright sunlight|joyful|romantic|candid laughter|wedding ceremony|orange tree house,MKB001113
Orange tree house,couple portraits,mkb-weddings-orange-tree-house-wedding-photographer-53_500.webp,,orange-tree-house,22,FALSE,,,,,,,couple portraits|bride and groom|stone wall|arched window|sun flare|natural light|romantic|elegant|wedding portraits|bridal bouquet|orange tree house,MKB001114
Orange tree house,couple portraits,mkb-weddings-orange-tree-house-wedding-photographer-23_500.webp,,orange-tree-house,23,FALSE,,,,,,,couple portraits|bride and groom|outdoor wedding|wedding guests|sunny light|romantic moment|walking together|bridal bouquet|black tie|garden setting|orange tree house|celebration,MKB001115
Orange tree house,couple portraits,mkb-weddings-orange-tree-house-wedding-photographer-61_500.webp,,orange-tree-house,24,FALSE,,,,,,,couple portraits|bride and groom|outdoor wedding|garden path|tree lined|natural light|romantic|relaxed|walking together|wedding portraits|orange tree house,MKB001116
Orange tree house,couple portraits,mkb-weddings-orange-tree-house-wedding-photographer-64_500.webp,,orange-tree-house,26,FALSE,,,,,,,couple portraits|bride and groom|garden path|outdoor wedding|orange trees|natural light|romantic|joyful|wedding portraits|walking together|elegant attire|orange tree house,MKB001117
Orange tree house,couple portraits,mkb-weddings-orange-tree-house-wedding-photographer-17-1_500.webp,,orange-tree-house,31,FALSE,,,,,,,couple portraits|bride and groom|beach wedding|coastal portraits|golden hour|backlit|candid walking|romantic|sunset light|wedding portraits|orange tree house,MKB001118
Orange tree house,couple portraits,mkb-weddings-orange-tree-house-wedding-photographer-9_500.webp,,orange-tree-house,32,FALSE,,,,,,,couple portraits|bride and groom|beach portraits|golden hour|backlit|romantic|groom kissing bride|wedding dress|black suit|intimate moment|sunset light|orange tree house,MKB001119
Orange tree house,couple portraits,mkb-weddings-orange-tree-house-wedding-photographer-11_500.webp,,orange-tree-house,33,FALSE,,,,,,,couple portraits|bride and groom|beach wedding|coastal portraits|golden hour|natural light|romantic|elegant|holding hands|wedding portraits|outdoor wedding|orange tree house,MKB001120
Orange tree house,details and decor,MKB_Photography-Northern-ireland-wedding-photography-northern-ireland-wedding-photographer-orange-tree-house-greyabbey-wedding-photography-132_500.webp,,,,,,,,,,,wedding stationery|invitation suite|floral details|white rose|greenery decor|rustic decor|detail shot|natural light|romantic mood|elegant wedding|no people|orange tree house,MKB001121
Orange tree house,details and decor,MKB_Photography-Northern-ireland-wedding-photography-northern-ireland-wedding-photographer-orange-tree-house-greyabbey-wedding-photography-34_500.webp,,,,,,,,,,,wedding details|bridesmaid dresses|pastel dresses|bridal shoes|getting ready|morning prep|window light|soft light|romantic decor|wedding accessories|orange tree house|bridal party,MKB001122
Orange tree house,details and decor,MKB_Photography-Northern-ireland-wedding-photography-northern-ireland-wedding-photographer-orange-tree-house-greyabbey-wedding-photography-8_500.webp,,,,,,,,,,,bridal shoes|wedding shoes|bridal details|wedding accessories|veil|soft light|elegant|romantic|getting ready|detail shot|orange tree house,MKB001123
Orange tree house,details and decor,MKB_Photography-Northern-ireland-wedding-photography-northern-ireland-wedding-photographer-orange-tree-house-greyabbey-wedding-photography-9_500.webp,,,,,,,,,,,wedding dress|bridal gown|lace dress|dress details|bridal details|rustic backdrop|wooden hanger|soft light|romantic mood|getting ready|orange tree house,MKB001124
Orange tree house,details and decor,MKB-weddings-mkb-photography-northern-ireland-wedding-photographer-orange-tree-house-greyabbey-wedding-photography-228_500.webp,,,,,,,,,,,wedding decor|reception details|wedding cake|neon sign|table setting|white chairs|glassware|indoor reception|romantic mood|soft light|orange tree house|reception styling,MKB001125
Orange tree house,details and decor,MKB-weddings-mkb-photography-northern-ireland-wedding-photographer-orange-tree-house-greyabbey-wedding-photography4_500.webp,,,,,,,,,,,wedding dress|bridal details|dress hanging|outdoor decor|cottage exterior|floral vines|overcast light|romantic mood|no people|getting ready|wedding details|orange tree house,MKB001126
Orange tree house,details and decor,mkb-weddings-mkb-photography-northern-ireland-wedding-photography-orange-tree-house-greyabbey-wedding-photography-100_500.webp,,,,,,,,,,,bridal details|wedding flatlay|bouquet|wedding shoes|wedding rings|invitation suite|bridal accessories|perfume|floral details|natural light|romantic mood|getting ready,MKB001127
Orange tree house,details and decor,mkb-weddings-mkb-photography-northern-ireland-wedding-photography-orange-tree-house-greyabbey-wedding-photography-102_500.webp,,,,,,,,,,,wedding dress|bridal gown|dress details|bridal details|window light|soft light|indoor decor|getting ready|romantic mood|elegant details|wedding morning|orange tree house,MKB001128
Orange tree house,details and decor,mkb-weddings-mkb-photography-northern-ireland-wedding-photography-orange-tree-house-greyabbey-wedding-photography-301_500.webp,,,,,,,,,,,orange tree house|reception decor|wedding breakfast|table settings|round tables|white chairs|stone walls|arched windows|rustic decor|natural light|elegant mood|empty venue,MKB001129
Orange tree house,details and decor,mkb-weddings-mkb-photography-northern-ireland-wedding-photography-orange-tree-house-greyabbey-wedding-photography-391_500.webp,,,,,,,,,,,wedding car|vintage car|white beetle|venue exterior|orange tree house|historic building|stone columns|arrival details|daylight|elegant decor|wedding transport|classic style,MKB001130
Orange tree house,details and decor,mkb-weddings-mkb-photography-northern-ireland-wedding-photography-orange-tree-house-greyabbey-wedding-photography-468_500.webp,,,,,,,,,,,reception decor|wedding tablescape|long table|place settings|candles|floral centerpiece|white linens|natural light|elegant|romantic|wedding breakfast|orange tree house,MKB001131
Orange tree house,details and decor,mkb-weddings-northern-ireland-wedding-photographer-orange-tree-house-greyabbey-wedding-photography-31_500.webp,,,,,,,,,,,ceremony decor|aisle candles|floral arrangement|church aisle|wedding details|candlelight|soft focus|romantic mood|warm lighting|ceremony setup|blurred guests|intimate atmosphere,MKB001132
Orange tree house,details and decor,mkb-weddings-northern-ireland-wedding-photographer-orange-tree-house-greyabbey-wedding-photography-32_500.webp,,,,,,,,,,,wedding decor|chair flowers|floral arrangement|ceremony details|pink roses|aisle decor|soft light|romantic|rustic wedding|orange tree house|detail shot|northern ireland wedding,MKB001133
Orange tree house,details and decor,mkb-weddings-orange-tree-house-wedding-photographer-21_500.webp,,orange-tree-house,5,FALSE,,,,,,,orange tree house|wedding decor|floral installation|ceremony backdrop|wedding flowers|stone interior|altar decor|romantic mood|soft natural light|details|no people|ceremony setup,MKB001134
Orange tree house,details and decor,mkb-weddings-orange-tree-house-wedding-photographer-22_500.webp,,orange-tree-house,6,FALSE,,,,,,,wedding decor|floral details|pink flowers|table styling|glass vase|romantic decor|soft light|candlelight|no people|reception details|orange tree house|wedding details,MKB001135
Orange tree house,details and decor,mkb-weddings-orange-tree-house-wedding-photographer-45_500.webp,,orange-tree-house,9,FALSE,,,,,,,wedding reception|table decor|floral centerpieces|pink flowers|white chairs|place settings|soft light|romantic mood|reception details|wedding decor|orange tree house,MKB001136
Orange tree house,details and decor,mkb-weddings-orange-tree-house-wedding-photographer-54_500.webp,,orange-tree-house,10,FALSE,,,,,,,bridal bouquet|bride details|floral decor|pink flowers|orchid bouquet|outdoor portraits|natural light|romantic|wedding flowers|bridal style|orange tree house,MKB001137
Orange tree house,details and decor,mkb-weddings-orange-tree-house-wedding-photographer-24_500.webp,,,,,,,,,,,ceremony decor|wedding aisle|floral arch|pink flowers|indoor ceremony|rustic stone walls|white chairs|natural light|romantic mood|empty venue|wedding details|orange tree house,MKB001138
Orange tree house,details and decor,mkb-weddings-orange-tree-house-wedding-photographer-25_500.webp,,,,,Y,8,Y,1,,,wedding decor|ceremony aisle|floral arrangements|pink flowers|aisle flowers|chair decor|romantic mood|soft light|detail shot|ceremony details,MKB001139
Orange tree house,details and decor,mkb-weddings-orange-tree-house-wedding-photographer-68_500.webp,,,,,,,,,,,wedding details|table decor|place setting|teacup|reception decor|floral centerpiece|soft light|romantic|elegant|wedding breakfast|orange tree house,MKB001140
Orange tree house,details and decor,mkb-weddings-orange-tree-house-wedding-photographer-69_500.webp,,,,,,,,,,,floral centerpiece|reception decor|table setting|pink flowers|burgundy accents|wedding details|natural light|romantic mood|no people|place card|glassware|orange tree house,MKB001141
Orange tree house,family and bridal party,MKB_Photography-Northern-ireland-wedding-photography-northern-ireland-wedding-photographer-orange-tree-house-greyabbey-wedding-photography-361_500.webp,,,,,Y,5,Y,3,,,orange tree house|outdoor wedding|wedding guests|bride and groom|family photos|bridal party|vintage wedding car|garden setting|soft light|candid moment|relaxed mood|wedding portraits,MKB001142
Orange tree house,family and bridal party,MKB_Photography-Northern-ireland-wedding-photography-northern-ireland-wedding-photographer-orange-tree-house-greyabbey-wedding-photography-386_500.webp,,,,,,,,,,,groomsmen|bridal party|group portrait|outdoor|coastal|bright daylight|playful|candid laughter|navy suits|wedding party|orange tree house,MKB001143
Orange tree house,family and bridal party,MKB_Photography-Northern-ireland-wedding-photography-northern-ireland-wedding-photographer-orange-tree-house-greyabbey-wedding-photography-47_500.webp,,,,,,,,,,,orange tree house|groomsmen|bridal party|outdoor portraits|country lane|candid walking|natural light|overcast|relaxed mood|wedding morning|rural wedding,MKB001144
Orange tree house,family and bridal party,MKB_Photography-Northern-ireland-wedding-photography-northern-ireland-wedding-photographer-orange-tree-house-greyabbey-wedding-photography-full-res-263_500.webp,,,,,,,,,,,beach portraits|bride|bridesmaids|bridal party|bouquets|soft backlight|coastal wedding|pastel dresses|relaxed mood|wedding portraits|orange tree house,MKB001145
Orange tree house,family and bridal party,MKB-weddings-mkb-photography-northern-ireland-wedding-photographer-orange-tree-house-greyabbey-wedding-photography-272_500.webp,,,,,,,,,,,group portrait|wedding guests|bride and groom|family photos|bridal party|children|outdoor wedding|daylight|joyful|cheering|waving|orange tree house,MKB001146
Orange tree house,family and bridal party,MKB-weddings-mkb-photography-northern-ireland-wedding-photographer-orange-tree-house-greyabbey-wedding-photography-281_500.webp,,,,,,,,,,,bridal party|group portrait|bride and groom|bridesmaids|groomsmen|outdoor wedding|garden setting|natural light|formal portraits|joyful|wedding flowers|orange tree house,MKB001147
Orange tree house,family and bridal party,mkb-weddings-mkb-photography-northern-ireland-wedding-photography-orange-tree-house-greyabbey-wedding-photography-190_500.webp,,,,,,,,,,,orange tree house|bridal party|bride|bridesmaids|garden portraits|outdoor wedding|daylight|joyful|bouquets|blue dresses|wedding portraits|family and bridal party,MKB001148
Orange tree house,family and bridal party,mkb-weddings-mkb-photography-northern-ireland-wedding-photography-orange-tree-house-greyabbey-wedding-photography-239_500.webp,,,,,,,,,,,children|flower girls|page boy|bridal party|family portraits|wedding party|outdoor portrait|natural light|joyful|wedding attire|bouquets|orange tree house,MKB001149
Orange tree house,family and bridal party,mkb-weddings-mkb-photography-northern-ireland-wedding-photography-orange-tree-house-greyabbey-wedding-photography-313_500.webp,,,,,,,,,,,orange tree house|family photos|bridal party|group portrait|bride|wedding guests|outdoor wedding|garden setting|natural light|candid moment|joyful|bouquet toss,MKB001150
Orange tree house,family and bridal party,mkb-weddings-mkb-photography-northern-ireland-wedding-photography-orange-tree-house-greyabbey-wedding-photography-321_500.webp,,,,,,,,,,,bridal party|bride|bridesmaids|seaside portrait|wedding bouquets|blue dresses|bright daylight|happy mood|outdoor wedding|group portrait|family and bridal party|orange tree house,MKB001151
Orange tree house,family and bridal party,mkb-weddings-mkb-photography-northern-ireland-wedding-photography-orange-tree-house-greyabbey-wedding-photography-415_500.webp,,,,,,,,,,,bridal party|wedding party|bride and groom|bridesmaids|groomsmen|family portraits|orange tree house|outdoor portrait|historic facade|vintage van|natural light|joyful mood,MKB001152
Orange tree house,family and bridal party,mkb-weddings-mkb-photography-northern-ireland-wedding-photography-orange-tree-house-greyabbey-wedding-photography-416_500.webp,,,,,,,,,,,orange tree house|bridal party|bridesmaids|groomsmen|bride and groom|family portraits|outdoor wedding|historic house|sunny daylight|walking portrait|joyful mood|wedding party,MKB001153
Orange tree house,family and bridal party,mkb-weddings-mkb-photography-northern-ireland-wedding-photography-orange-tree-house-greyabbey-wedding-photography-494_500.webp,,,,,,,,,,,group portrait|wedding guests|family photos|bridal party|bride and groom|outdoor wedding|sunny light|celebration|cheering|joyful|formal portraits|orange tree house,MKB001154
Orange tree house,family and bridal party,mkb-weddings-orange-tree-house-wedding-photographer-32_500.webp,,orange-tree-house,7,FALSE,,,,,,,bridal party|groomsmen|family portraits|outdoor terrace|coastal view|floral arch|black suits|bright daylight|candid walking|elegant|wedding morning|orange tree house,MKB001155
Orange tree house,family and bridal party,mkb-weddings-orange-tree-house-wedding-photographer-76_500.webp,,orange-tree-house,21,FALSE,,,,,,,outdoor ceremony|bride and groom|wedding guests|bridal party|family gathering|bright daylight|joyful mood|ceremony entrance|confetti moment|garden wedding|orange tree house,MKB001156
Orange tree house,family and bridal party,mkb-weddings-orange-tree-house-wedding-photographer-46_500.webp,,,,,,,,,,,family|wedding guests|outdoor courtyard|sunny light|candid moment|supportive family|elderly guest|wheelchair access|guest arrival|joyful mood|documentary wedding|orange tree house,MKB001157
Orange tree house,family and bridal party,mkb-weddings-orange-tree-house-wedding-photographer-74_500.webp,,,,,,,,,,,outdoor ceremony|bride entrance|walking down aisle|father of bride|wedding guests|family moment|bridal party|sunny light|joyful mood|garden setting|orange tree house|ceremony aisle,MKB001158
Orange tree house,getting ready,MKB_Photography-Northern-ireland-wedding-photography-northern-ireland-wedding-photographer-orange-tree-house-greyabbey-wedding-photography-104_500.webp,,,,,,,,,,,getting ready|bride|bridesmaids|outdoor|garden|walking|wedding dress|natural light|candid|joyful|pre ceremony|orange tree house,MKB001159
Orange tree house,getting ready,MKB_Photography-Northern-ireland-wedding-photography-northern-ireland-wedding-photographer-orange-tree-house-greyabbey-wedding-photography-24_500.webp,,,,,,,,,,,getting ready|bride|mirror reflection|bridal prep|wedding morning|hair styling|indoor light|soft light|candid|joyful|orange tree house|greyabbey wedding,MKB001160
Orange tree house,getting ready,MKB_Photography-Northern-ireland-wedding-photography-northern-ireland-wedding-photographer-orange-tree-house-greyabbey-wedding-photography-32_500.webp,,,,,,,,,,,getting ready|bridal prep|bride|bridesmaids|silk pyjamas|mirror selfie|hair and makeup|indoor|natural light|candid|joyful|wedding morning,MKB001161
Orange tree house,getting ready,MKB_Photography-Northern-ireland-wedding-photography-northern-ireland-wedding-photographer-orange-tree-house-greyabbey-wedding-photography-38_500.webp,,,,,,,,,,,getting ready|bridal party|bridesmaids|bride prep|silk pyjamas|outdoor portraits|garden setting|soft natural light|relaxed mood|champagne toast|pre ceremony|orange tree house,MKB001162
Orange tree house,getting ready,MKB_Photography-Northern-ireland-wedding-photography-northern-ireland-wedding-photographer-orange-tree-house-greyabbey-wedding-photography-4_500.webp,,,,,,,,,,,getting ready|bridal prep|bride|bridesmaids|hair styling|makeup station|ring light|window light|candid|relaxed mood|wedding morning|orange tree house,MKB001163
Orange tree house,getting ready,MKB_Photography-Northern-ireland-wedding-photography-northern-ireland-wedding-photographer-orange-tree-house-greyabbey-wedding-photography-48_500.webp,,,,,,,,,,,getting ready|groom prep|groomsmen|table tennis|indoor games|candid moment|fun mood|relaxed|morning preparations|indoor lighting|orange tree house,MKB001164
Orange tree house,getting ready,MKB_Photography-Northern-ireland-wedding-photography-northern-ireland-wedding-photographer-orange-tree-house-greyabbey-wedding-photography-56_500.webp,,,,,,,,,,,getting ready|bridal prep|bride|mirror reflection|bridal robe|soft light|indoor portrait|smiling bride|elegant mood|wedding morning|orange tree house,MKB001165
Orange tree house,getting ready,MKB_Photography-Northern-ireland-wedding-photography-northern-ireland-wedding-photographer-orange-tree-house-greyabbey-wedding-photography-84_500.webp,,,,,,,,,,,getting ready|bride|bridal portrait|wedding dress|doorway|black and white|soft light|natural light|quiet moment|romantic|orange tree house,MKB001166
Orange tree house,getting ready,MKB_Photography-Northern-ireland-wedding-photography-northern-ireland-wedding-photographer-orange-tree-house-greyabbey-wedding-photography-86_500.webp,,,,,,,,,,,getting ready|bride|bridesmaids|wedding dress|dress reveal|indoor|natural light|joyful|emotional moment|orange tree house|bridal party|wedding morning,MKB001167
Orange tree house,getting ready,MKB_Photography-Northern-ireland-wedding-photography-northern-ireland-wedding-photographer-orange-tree-house-greyabbey-wedding-photography-full-res-103_500.webp,,,,,,,,,,,bridal portrait|bride getting ready|wedding dress|tiara|window light|soft light|romantic mood|quiet moment|indoor portrait|orange tree house,MKB001168
Orange tree house,getting ready,MKB_Photography-Northern-ireland-wedding-photography-northern-ireland-wedding-photographer-orange-tree-house-greyabbey-wedding-photography-full-res-47_500.webp,,,,,,,,,,,getting ready|bride|bridal pajamas|indoor portrait|champagne|soft light|relaxed mood|wedding morning|orange tree house|bridal prep,MKB001169
Orange tree house,getting ready,MKB_Photography-Northern-ireland-wedding-photography-northern-ireland-wedding-photographer-orange-tree-house-greyabbey-wedding-photography-full-res-61_500.webp,,,,,,,,,,,getting ready|bridal prep|bride in robe|window light|moody lighting|relaxed moment|morning preparations|indoor portrait|wedding morning|orange tree house|bride with wine|quiet mood,MKB001170
Orange tree house,getting ready,MKB_Photography-Northern-ireland-wedding-photography-northern-ireland-wedding-photographer-orange-tree-house-greyabbey-wedding-photography-full-res-88_500.webp,,,,,,,,,,,getting ready|bride|bridesmaid|dress fastening|bridal prep|black and white|natural light|candid|joyful|bedroom|wedding morning|orange tree house,MKB001171
Orange tree house,getting ready,MKB-weddings-mkb-photography-northern-ireland-wedding-photographer-orange-tree-house-greyabbey-wedding-photography-215_500.webp,,,,,,,,,,,getting ready|bride|father of bride|wedding car|car interior|arrival|candid|natural light|joyful|emotional moment|orange tree house|northern ireland wedding,MKB001172
Orange tree house,getting ready,mkb-weddings-mkb-photography-northern-ireland-wedding-photography-orange-tree-house-greyabbey-wedding-photography-120_500.webp,,,,,,,,,,,getting ready|bridal prep|bride|earrings|mirror reflection|natural light|soft mood|wedding morning|bridal robe|orange tree house,MKB001173
Orange tree house,getting ready,mkb-weddings-mkb-photography-northern-ireland-wedding-photography-orange-tree-house-greyabbey-wedding-photography-130_500.webp,,,,,,,,,,,getting ready|bride|bridesmaid|garden bench|outdoor portrait|natural light|candid moment|emotional|forehead kiss|wedding morning|orange tree house|greyabbey wedding,MKB001174
Orange tree house,getting ready,mkb-weddings-mkb-photography-northern-ireland-wedding-photography-orange-tree-house-greyabbey-wedding-photography-140 2_500.webp,,,,,,,,,,,getting ready|family portrait|bride|groomsmen|outdoor garden|natural light|soft light|joyful|pre ceremony|wedding party|orange tree house,MKB001175
Orange tree house,getting ready,mkb-weddings-mkb-photography-northern-ireland-wedding-photography-orange-tree-house-greyabbey-wedding-photography-145_500.webp,,,,,,,,,,,getting ready|bride prep|bridesmaids|window light|black and white|candid|morning preparations|bridal party|soft mood|indoor scene|orange tree house|wedding morning,MKB001176
Orange tree house,getting ready,mkb-weddings-mkb-photography-northern-ireland-wedding-photography-orange-tree-house-greyabbey-wedding-photography-160_500.webp,,,,,,,,,,,getting ready|bride|bridesmaid|wedding dress|dress details|indoor portrait|window light|natural light|soft mood|bridal prep|orange tree house,MKB001177
Orange tree house,getting ready,mkb-weddings-mkb-photography-northern-ireland-wedding-photography-orange-tree-house-greyabbey-wedding-photography-175_500.webp,,,,,,,,,,,getting ready|bride|wedding dress|bridal veil|window light|black and white|quiet moment|elegant|library room|orange tree house|bridal portrait|wedding morning,MKB001178
Orange tree house,getting ready,mkb-weddings-mkb-photography-northern-ireland-wedding-photography-orange-tree-house-greyabbey-wedding-photography-20_500.webp,,,,,,,,,,,getting ready|bridal prep|mirror reflection|black and white|soft light|quiet moment|wedding morning|bride|details|orange tree house,MKB001179
Orange tree house,getting ready,mkb-weddings-mkb-photography-northern-ireland-wedding-photography-orange-tree-house-greyabbey-wedding-photography-24_500.webp,,,,,,,,,,,getting ready|bridal prep|bride|mirror reflection|hair styling|natural light|morning preparations|wedding morning|soft light|candid portrait|orange tree house|northern ireland wedding,MKB001180
Orange tree house,getting ready,mkb-weddings-mkb-photography-northern-ireland-wedding-photography-orange-tree-house-greyabbey-wedding-photography-58_500.webp,,,,,,,,,,,getting ready|groom|groomsmen|outdoor portraits|wedding suits|candid|daylight|relaxed|walking|garden|orange tree house|northern ireland wedding,MKB001181
Orange tree house,getting ready,mkb-weddings-mkb-photography-northern-ireland-wedding-photography-orange-tree-house-greyabbey-wedding-photography-69_500.webp,,,,,,,,,,,getting ready|bride|mirror portrait|wedding dress|bridal prep|natural light|soft light|quiet moment|reflective mood|orange tree house|indoor|romantic,MKB001182
Orange tree house,getting ready,mkb-weddings-mkb-photography-northern-ireland-wedding-photography-orange-tree-house-greyabbey-wedding-photography-75_500.webp,,,,,,,,,,,getting ready|bride|bridal portrait|mirror reflection|wedding dress|floral crown|indoor|natural light|romantic|calm moment|orange tree house|wedding morning,MKB001183
Orange tree house,getting ready,mkb-weddings-mkb-photography-northern-ireland-wedding-photography-orange-tree-house-greyabbey-wedding-photography-9_500.webp,,,,,,,,,,,wedding dress|bridal gown|getting ready|dress details|hanging dress|soft light|moody|bridal prep|wedding morning|orange tree house,MKB001184
Orange tree house,getting ready,mkb-weddings-northern-ireland-wedding-photographer-orange-tree-house-greyabbey-wedding-photography-1.jpg_500.webp,,,,,,,,,,,wedding dress|bridal gown|getting ready|dress details|orange tree house|moody lighting|dramatic light|bridal prep|indoor scene|elegant details|mirror reflection|quiet moment,MKB001185
Orange tree house,getting ready,mkb-weddings-northern-ireland-wedding-photographer-orange-tree-house-greyabbey-wedding-photography-30_500.webp,,,,,,,,,,,bride|bridal portrait|getting ready|wedding dress|tiara|indoor portrait|soft light|moody lighting|elegant|romantic|orange tree house|wedding morning,MKB001186
Orange tree house,getting ready,mkb-weddings-northern-ireland-wedding-photographer-orange-tree-house-greyabbey-wedding-photography-37_500.webp,,,,,,,,,,,groom|getting ready|groom portrait|indoor|moody lighting|window light|dark room|wedding suit|bow tie|buttonhole|calm moment|orange tree house,MKB001187
Orange tree house,getting ready,mkb-weddings-northern-ireland-wedding-photographer-orange-tree-house-greyabbey-wedding-photography-39_500.webp,,,,,,,,,,,getting ready|bride|groom|wedding dress|mirror moment|black and white|window light|moody|anticipation|indoor portraits|orange tree house|staircase,MKB001188
Orange tree house,getting ready,mkb-weddings-orange-tree-house-wedding-photographer-8_500.webp,,orange-tree-house,2,FALSE,,,,,,,getting ready|bride|bridal robe|white robe|balcony|natural light|soft shadow|elegant|joyful|bridal prep|wedding morning|orange tree house,MKB001189
Orange tree house,getting ready,mkb-weddings-orange-tree-house-wedding-photographer-15_500.webp,,orange-tree-house,2,FALSE,,,,,,,getting ready|bridal prep|bride|bridesmaid|robes|sofa|window light|bright airy|candid moment|relaxed mood|orange tree house|wedding morning,MKB001190
Orange tree house,getting ready,mkb-weddings-orange-tree-house-wedding-photographer-17_500.webp,,orange-tree-house,3,FALSE,,,,,,,getting ready|bride portrait|bridal hair|hair accessory|bridal makeup|natural light|soft light|happy bride|wedding morning|orange tree house,MKB001191
Orange tree house,getting ready,mkb-weddings-orange-tree-house-wedding-photographer-19_500.webp,,orange-tree-house,4,FALSE,,,,,,,getting ready|bridal details|bride|bracelet|wedding jewelry|soft light|intimate moment|morning prep|white robe|detail shot|orange tree house,MKB001192
Orange tree house,reception and party,MKB_Photography-Northern-ireland-wedding-photography-northern-ireland-wedding-photographer-orange-tree-house-greyabbey-wedding-photography-432_500.webp,,,,,,,,,,,reception|wedding speeches|groom speech|wedding guests|stone walls|arched windows|natural light|warm atmosphere|dining tables|celebration|orange tree house|party,MKB001193
Orange tree house,reception and party,MKB_Photography-Northern-ireland-wedding-photography-northern-ireland-wedding-photographer-orange-tree-house-greyabbey-wedding-photography-465_500.webp,,,,,,,,,,,reception|wedding speech|groom speech|bride|top table|wedding guests|indoor reception|natural light|laughter|joyful|rustic decor|party,MKB001194
Orange tree house,reception and party,MKB_Photography-Northern-ireland-wedding-photography-northern-ireland-wedding-photographer-orange-tree-house-greyabbey-wedding-photography-525_500.webp,,,,,,,,,,,reception|first dance|bride and groom|dance floor|wedding guests|party|disco lights|flash lighting|romantic|celebration|orange tree house|evening reception,MKB001195
Orange tree house,reception and party,MKB_Photography-Northern-ireland-wedding-photography-northern-ireland-wedding-photographer-orange-tree-house-greyabbey-wedding-photography-563_500.webp,,,,,,,,,,,reception|party|groomsmen|wedding guests|dancing|celebration|indoor reception|flash lighting|fun mood|sunglasses|drinks|orange tree house,MKB001196
Orange tree house,reception and party,MKB_Photography-Northern-ireland-wedding-photography-northern-ireland-wedding-photographer-orange-tree-house-greyabbey-wedding-photography-full-res-404_500.webp,,,,,,,,,,,reception|first dance|bride and groom|dance floor|twirling dress|black and white|backlit|romantic|celebration|guests watching|party|orange tree house,MKB001197
Orange tree house,reception and party,MKB-weddings-mkb-photography-northern-ireland-wedding-photographer-orange-tree-house-greyabbey-wedding-photography-112_500.webp,,,,,,,,,,,reception|wedding speech|bride|speaker|top table|floral decor|window light|candlelight|laughter|joyful|rustic interior|party,MKB001198
Orange tree house,reception and party,MKB-weddings-mkb-photography-northern-ireland-wedding-photographer-orange-tree-house-greyabbey-wedding-photography1_500.webp,,,,,,,,,,,wedding reception|toast|speeches|bride speech|guests|raising glasses|rustic hall|stone walls|warm lighting|fairy lights|celebration|evening party,MKB001199
Orange tree house,reception and party,mkb-weddings-mkb-photography-northern-ireland-wedding-photography-orange-tree-house-greyabbey-wedding-photography-350_500.webp,,,,,,,,,,,reception|wedding speeches|bride reaction|emotional moment|tears|groom speech|indoor reception|natural light|stone wall|candid|romantic|wedding guests,MKB001200
Orange tree house,reception and party,mkb-weddings-mkb-photography-northern-ireland-wedding-photography-orange-tree-house-greyabbey-wedding-photography-357_500.webp,,,,,,,,,,,orange tree house|wedding reception|speeches|emotional hug|bride|top table|rustic stone|fairy lights|natural light|joyful moment|family|wedding party,MKB001201
Orange tree house,reception and party,mkb-weddings-mkb-photography-northern-ireland-wedding-photography-orange-tree-house-greyabbey-wedding-photography-412_500.webp,,,,,,,,,,,reception|first dance|bride and groom|wedding guests|dance floor|twirling dress|rustic interior|stone walls|wooden beams|bright lighting|joyful mood|party moment,MKB001202
Orange tree house,reception and party,mkb-weddings-mkb-photography-northern-ireland-wedding-photography-orange-tree-house-greyabbey-wedding-photography-513_500.webp,,,,,,,,,,,reception|bride and groom|guest applause|stone wall|arched window|black and white|ambient lighting|joyful mood|wedding entrance|indoor celebration|documentary|party atmosphere,MKB001203
Orange tree house,reception and party,mkb-weddings-mkb-photography-northern-ireland-wedding-photography-orange-tree-house-greyabbey-wedding-photography-526_500.webp,,,,,,,,,,,orange tree house|reception|wedding speeches|best man speech|top table|bride and groom|indoor reception|rustic stone walls|candlelight|warm lighting|emotional moments|wedding guests,MKB001204
Orange tree house,reception and party,mkb-weddings-mkb-photography-northern-ireland-wedding-photography-orange-tree-house-greyabbey-wedding-photography-554_500.webp,,,,,,,,,,,reception|wedding speeches|bridesmaid speech|bride and groom|top table|rustic interior|stone walls|natural light|candid moment|joyful atmosphere|wedding breakfast|orange tree house,MKB001205
Orange tree house,reception and party,mkb-weddings-mkb-photography-northern-ireland-wedding-photography-orange-tree-house-greyabbey-wedding-photography-559_500.webp,,,,,,,,,,,reception|wedding speech|top table|bride and groom|bridal party|stone wall|arched windows|natural light|candid|joyful|party|orange tree house,MKB001206
Orange tree house,reception and party,mkb-weddings-mkb-photography-northern-ireland-wedding-photography-orange-tree-house-greyabbey-wedding-photography-664_500.webp,,,,,,,,,,,reception|bride and groom|guests|rustic interior|natural light|romantic|emotional moment|wedding speech|indoor wedding|flower crown|orange tree house,MKB001207
Orange tree house,reception and party,mkb-weddings-northern-ireland-wedding-photographer-orange-tree-house-greyabbey-wedding-photography-68_500.webp,,,,,,,,,,,reception|party|bride and groom|first dance|dance floor|twirling dress|indoor wedding|warm lighting|romantic|joyful|stone interior|evening celebration,MKB001208
Orange tree house,reception and party,mkb-weddings-orange-tree-house-wedding-photographer-107_500.webp,,orange-tree-house,27,FALSE,,,,,,,reception|wedding speech|guest speaker|seated guests|daylight|stone wall|floral centerpiece|pink decor|candid moment|joyful mood|party|orange tree house,MKB001209
Orange tree house,reception and party,mkb-weddings-orange-tree-house-wedding-photographer-128_500.webp,,orange-tree-house,28,FALSE,,,,,,,orange tree house|wedding reception|wedding speech|bride reaction|groom speech|table setting|floral centerpiece|natural light|candid laughter|joyful moment|stone wall|indoor reception,MKB001210
Orange tree house,reception and party,mkb-weddings-orange-tree-house-wedding-photographer-184-1_500.webp,,orange-tree-house,29,FALSE,,,,,,,reception|wedding speech|groom speech|guests|celebration|cheering|natural light|joyful mood|stone barn|table decor|floral arrangements|party,MKB001211
Orange tree house,reception and party,mkb-weddings-orange-tree-house-wedding-photographer-175_500.webp,,orange-tree-house,30,FALSE,,,,,,,reception|wedding party|guests|napkin waving|outdoor reception|golden hour|sun flare|backlit|celebration|joyful|party moment|orange tree house,MKB001212
Orange tree house,reception and party,mkb-weddings-orange-tree-house-wedding-photographer-111-1_500.webp,,,,,,,,,,,reception|wedding guests|table seating|candid smiles|indoor reception|natural light|relaxed mood|party atmosphere|dining table|brick wall|orange tree house|guest portraits,MKB001213
Orange tree house,reception and party,mkb-weddings-orange-tree-house-wedding-photographer-40_500.webp,,orange-tree-house,1,TRUE,Y,6,Y,1,,,reception|first dance|bride and groom|indoor wedding|stone walls|bright backlight|romantic|candid|wedding guests|evening party|orange tree house,MKB001214
Orange tree house,reception and party,mkb-weddings-orange-tree-house-wedding-photographer-31_500.webp,,,,,,,,,,,reception|first dance|bride and groom|indoor wedding|barn reception|warm lighting|romantic|guests seated|wedding party|evening celebration|orange tree house,MKB001215
Orange tree house,reception and party,mkb-weddings-orange-tree-house-wedding-photographer-34_500.webp,,orange-tree-house,37,FALSE,,,,,,,reception|first dance|couple|guests|sparklers|dramatic lighting|romantic|indoor wedding|evening|stone courtyard|wedding party|orange tree house,MKB001216
Orange tree house,reception and party,mkb-weddings-orange-tree-house-wedding-photographer-36-1_500.webp,,orange-tree-house,38,FALSE,,,,,,,reception|wedding party|bride|guests|indoor reception|sparkler entrance|dramatic lighting|evening celebration|rustic venue|party atmosphere|wedding moment|orange tree house,MKB001217
Orange tree house,reception and party,mkb-weddings-orange-tree-house-wedding-photographer-177_500.webp,,orange-tree-house,39,FALSE,,,,,,,reception|wedding speeches|groom speech|guests cheering|rustic interior|stone walls|daylight|joyful mood|celebration|seated guests|party atmosphere|orange tree house,MKB001218
Rabbit hotel and spa,ceremony,MKB_weddings_mkb-photography-Ireland_Northen_ireland_Wedding_Photography_Rabbit-hotel-and-spa-templepatrick_Wedding_Photography_D&L-317_500.webp,,,,,,,,,,,ceremony|bride|groom|indoor ceremony|wedding vows|bouquet|fairy lights|rustic decor|natural light|romantic mood|rabbit hotel and spa|aisle moment,MKB001219
Rabbit hotel and spa,ceremony,MKB_weddings_mkb-photography-Ireland_Northen_ireland_Wedding_Photography_Rabbit-hotel-and-spa-templepatrick_Wedding_Photography_D&L-344_500.webp,,,,,,,,,,,ceremony|indoor ceremony|bride and groom|wedding vows|guests seated|rustic decor|fairy lights|natural light|romantic mood|aisle view|floral ceremony|rabbit hotel and spa,MKB001220
Rabbit hotel and spa,ceremony,MKB_weddings_mkb-photography-Ireland_Northen_ireland_Wedding_Photography_Rabbit-hotel-and-spa-templepatrick_Wedding_Photography_D&L-388_500.webp,,,,,,,,,,,ceremony|indoor ceremony|bride and groom|wedding vows|guests|bridesmaids|rustic decor|floral arch|natural light|romantic mood|rabbit hotel and spa|northern ireland wedding,MKB001221
Rabbit hotel and spa,ceremony,mkb-weddings-mkb-photography-northerin-ireland-wedding-photographer-ni-wedding-supplier-rabbit-hotel-and-spa-templepatrick-wedding-photography-212_500.webp,,,,,,,,,,,ceremony|aisle walk|bride|father of bride|indoor ceremony|wedding guests|warm lighting|greenery decor|emotional moment|processional|rabbit hotel|romantic,MKB001222
Rabbit hotel and spa,ceremony,mkb-weddings-mkb-photography-northerin-ireland-wedding-photographer-ni-wedding-supplier-rabbit-hotel-and-spa-templepatrick-wedding-photography-265_500.webp,,,,,,,,,,,ceremony|first kiss|bride and groom|wedding guests|indoor ceremony|floral decor|aisle|warm lighting|romantic|joyful|rabbit hotel and spa|northern ireland wedding,MKB001223
Rabbit hotel and spa,couple portraits,MKB-weddings-mkb-photography-northern-ireland-wedding-photographer-rabbit-hotel-and-spa-templepatrick-wedding-photography4_500.webp,creative-flash,,,,,,,,,,couple portraits|bride and groom|balcony portrait|rabbit hotel and spa|evening light|romantic mood|wedding portraits|templepatrick wedding|outdoor portrait|creative composition,MKB001224
Rabbit hotel and spa,couple portraits,MKB_weddings_mkb-photography-Ireland_Northen_ireland_Wedding_Photography_Rabbit-hotel-and-spa-templepatrick_Wedding_Photography_D&L-511_500.webp,creative-flash,,,,,,,,,,couple portraits|bride and groom|stone archway|garden portrait|moody lighting|backlit|romantic|intimate moment|wedding dress|groom suit|outdoor wedding|rabbit hotel and spa,MKB001225
Rabbit hotel and spa,couple portraits,MKB_weddings_mkb-photography-Ireland_Northen_ireland_Wedding_Photography_Rabbit-hotel-and-spa-templepatrick_Wedding_Photography_D&L-513_500.webp,creative-flash,,,,,,,,,,couple portraits|bride and groom|stone archway|outdoor portrait|black and white|romantic|elegant|soft light|wedding dress|groom suit|rabbit hotel|wedding day,MKB001226
Rabbit hotel and spa,couple portraits,MKB_weddings_mkb-photography-Ireland_Northen_ireland_Wedding_Photography_Rabbit-hotel-and-spa-templepatrick_Wedding_Photography_D&L-517_500.webp,,,,,,,,,,,couple portraits|bride and groom|outdoor portrait|golden hour|romantic|intimate embrace|wedding dress|groom suit|autumn backdrop|soft bokeh|rabbit hotel and spa|newlyweds,MKB001227
Rabbit hotel and spa,couple portraits,MKB_weddings_mkb-photography-Ireland_Northen_ireland_Wedding_Photography_Rabbit-hotel-and-spa-templepatrick_Wedding_Photography_D&L-527_500.webp,,,,,,,,,,,couple portraits|bride and groom|garden portraits|outdoor wedding|golden hour|romantic|candid moment|walking together|wedding dress|black suit|rabbit hotel spa|northern ireland wedding,MKB001228
Rabbit hotel and spa,couple portraits,MKB_weddings_mkb-photography-Ireland_Northen_ireland_Wedding_Photography_Rabbit-hotel-and-spa-templepatrick_Wedding_Photography_D&L-532_500.webp,,,,,,,,,,,couple portraits|bride and groom|outdoor portrait|garden setting|lakeside|golden hour|natural light|romantic|joyful|candid moment|wedding day|summer wedding,MKB001229
Rabbit hotel and spa,couple portraits,MKB_weddings_mkb-photography-Ireland_Northen_ireland_Wedding_Photography_Rabbit-hotel-and-spa-templepatrick_Wedding_Photography_D&L-618_500.webp,,,,,,,,,,,couple portraits|bride and groom|indoor portrait|warm lighting|moody atmosphere|romantic|seated couple|floral decor|wedding reception|candid moment|rabbit hotel and spa,MKB001230
Rabbit hotel and spa,couple portraits,MKB_weddings_mkb-photography-Ireland_Northen_ireland_Wedding_Photography_Rabbit-hotel-and-spa-templepatrick_Wedding_Photography_D&L-736_500.webp,,,,,,,,,,,couple portraits|bride and groom|night portrait|dramatic lighting|red lights|romantic mood|wedding dress|black tie|outdoor terrace|palm plants|rabbit hotel and spa|evening wedding,MKB001231
Rabbit hotel and spa,couple portraits,MKB_weddings_mkb-photography-Ireland_Northen_ireland_Wedding_Photography_Rabbit-hotel-and-spa-templepatrick_Wedding_Photography_D&L-738_500.webp,creative-flash,,,,,,,,,,couple portraits|bride and groom|night portrait|flash photography|moody lighting|red lights|romantic mood|wedding portraits|evening wedding|rabbit hotel and spa,MKB001232
Rabbit hotel and spa,couple portraits,MKB_weddings_mkb-photography-Ireland_Northen_ireland_Wedding_Photography_Rabbit-hotel-and-spa-templepatrick_Wedding_Photography_D&L-740_500.webp,creative-flash,,,,,,,,,,couple portraits|bride and groom|night portrait|black and white|balcony|romantic|dramatic lighting|reflection|intimate moment|wedding kiss|rabbit hotel and spa,MKB001233
Rabbit hotel and spa,couple portraits,MKB_weddings_mkb-photography-Ireland_Northen_ireland_Wedding_Photography_Rabbit-hotel-and-spa-templepatrick_Wedding_Photography_D&L-742_500.webp,creative-flash,,,,,,,,,,couple portraits|bride and groom|rabbit hotel and spa|night portrait|red lighting|dramatic lighting|romantic mood|seated pose|wedding dress|groom suit|disco ball|evening wedding,MKB001234
Rabbit hotel and spa,couple portraits,mkb-weddings-mkb-photography-northerin-ireland-wedding-photographer-ni-wedding-supplier-rabbit-hotel-and-spa-templepatrick-wedding-photography-159_500.webp,creative-flash,,,,,,,,,,couple portraits|bride and groom|night portrait|vehicle portrait|truck cab|dramatic lighting|moody|fun couple|wedding portraits|rabbit hotel and spa|templepatrick wedding|northern ireland wedding,MKB001235
Rabbit hotel and spa,couple portraits,mkb-weddings-mkb-photography-northerin-ireland-wedding-photographer-ni-wedding-supplier-rabbit-hotel-and-spa-templepatrick-wedding-photography-172_500.webp,creative-flash,,,,,,,,,,couple portraits|bride and groom|night portrait|flash photography|dramatic lighting|moody wedding|outdoor portrait|water feature|evening wedding|romantic portrait|rabbit hotel|wedding photography,MKB001236
Rabbit hotel and spa,couple portraits,mkb-weddings-mkb-photography-northerin-ireland-wedding-photographer-ni-wedding-supplier-rabbit-hotel-and-spa-templepatrick-wedding-photography-322_500.webp,,,,,,,,,,,couple portrait|bride and groom|stone archway|outdoor wedding|natural light|romantic|joyful|wedding bouquet|rabbit hotel and spa|templepatrick wedding|northern ireland wedding|wedding portraits,MKB001237
Rabbit hotel and spa,couple portraits,mkb-weddings-mkb-photography-northerin-ireland-wedding-photographer-ni-wedding-supplier-rabbit-hotel-and-spa-templepatrick-wedding-photography-368_500.webp,,,,,,,,,,,couple portraits|bride and groom|black and white|romantic|intimate|window light|floral decor|garden backdrop|wedding dress|groom suit|rabbit hotel and spa|wedding portrait,MKB001238
Rabbit hotel and spa,couple portraits,mkb-weddings-mkb-photography-northerin-ireland-wedding-photographer-ni-wedding-supplier-rabbit-hotel-and-spa-templepatrick-wedding-photography-402_500.webp,,,,,,,,,,,couple portraits|bride and groom|outdoor wedding|garden portraits|golden hour|natural light|romantic|relaxed|walking together|wedding bouquet|rabbit hotel and spa|templepatrick wedding,MKB001239
Rabbit hotel and spa,couple portraits,mkb-weddings-mkb-photography-northerin-ireland-wedding-photographer-ni-wedding-supplier-rabbit-hotel-and-spa-templepatrick-wedding-photography-406_500.webp,,,,,,,,,,,couple portraits|bride and groom|outdoor wedding|golden hour|romantic|holding hands|wedding bouquet|garden portraits|festoon lights|rabbit hotel wedding|natural light|wedding day,MKB001240
Rabbit hotel and spa,couple portraits,mkb-weddings-mkb-photography-northerin-ireland-wedding-photographer-ni-wedding-supplier-rabbit-hotel-and-spa-templepatrick-wedding-photography-412_500.webp,,,,,,,,,,,couple portraits|bride and groom|outdoor wedding|garden portrait|stone arch|golden hour|warm light|romantic|wedding bouquet|rabbit hotel wedding|templepatrick wedding|northern ireland wedding,MKB001241
Rabbit hotel and spa,couple portraits,mkb-weddings-mkb-photography-northerin-ireland-wedding-photographer-ni-wedding-supplier-rabbit-hotel-and-spa-templepatrick-wedding-photography-446_500.webp,,,,,,,,,,,couple portraits|bride and groom|indoor wedding|chandelier|warm lighting|romantic|elegant decor|wedding dress|veil|intimate moment|rabbit hotel and spa|templepatrick wedding,MKB001242
Rabbit hotel and spa,couple portraits,mkb-weddings-mkb-photography-northerin-ireland-wedding-photographer-ni-wedding-supplier-rabbit-hotel-and-spa-templepatrick-wedding-photography-455_500.webp,,,,,,,,,,,couple portraits|bride and groom|wedding portrait|black and white|indoor portrait|dramatic lighting|romantic mood|seated pose|bridal bouquet|intimate moment|rabbit hotel and spa|wedding day,MKB001243
Rabbit hotel and spa,couple portraits,MKB-weddings-mkb-photography-northern-ireland-wedding-photographer-rabbit-hotel-and-spa-templepatrick-wedding-photography1_500.webp,,,,,,,,,,,couple portraits|bride and groom|indoor wedding|bar portrait|chandelier|ambient lighting|romantic|intimate moment|wedding kiss|evening reception|rabbit hotel and spa|templepatrick wedding,MKB001244
Rabbit hotel and spa,couple portraits,MKB-weddings-mkb-photography-northern-ireland-wedding-photographer-rabbit-hotel-and-spa-templepatrick-wedding-photography5_500.webp,creative-flash,,,,,,,,,,couple portraits|bride and groom|stone archway|outdoor portrait|wedding bouquet|dramatic lighting|moody|romantic|evening light|garden setting|wedding day|rabbit hotel and spa,MKB001245
Rabbit hotel and spa,details and decor,mkb-weddings-mkb-photography-northerin-ireland-wedding-photographer-ni-wedding-supplier-rabbit-hotel-and-spa-templepatrick-wedding-photography-142_500.webp,,,,,,,,,,,wedding decor|reception room|hanging greenery|fairy lights|warm lighting|table settings|long tables|rustic decor|romantic mood|venue details|rabbit hotel spa|wedding reception,MKB001246
Rabbit hotel and spa,details and decor,MKB_weddings_mkb-photography-Ireland_Northen_ireland_Wedding_Photography_Rabbit-and-spa-templepatrick_Wedding_Photography_D&L-105_2000_500.webp,,,,,,,,,,,bridal shoes|wedding details|bridal accessories|white heels|feather decor|soft light|elegant mood|morning prep|detail shot|luxury wedding|rabbit hotel spa,MKB001247
Rabbit hotel and spa,family and bridal party,MKB_weddings_mkb-photography-Ireland_Northen_ireland_Wedding_Photography_Rabbit-hotel-and-spa-templepatrick_Wedding_Photography_D&L-497_500.webp,,,,,,,,,,,bridal party|bride|bridesmaids|bouquets|stone arch|outdoor portraits|natural light|joyful|celebration|magenta dresses|wedding party|group portrait,MKB001248
Rabbit hotel and spa,getting ready,MKB_weddings_mkb-photography-Ireland_Northen_ireland_Wedding_Photography_Rabbit-hotel-and-spa-templepatrick_Wedding_Photography_D&L-108_500.webp,,,,,,,,,,,getting ready|bridal details|wedding bouquet|ring box|flat lay|soft window light|moody|romantic|floral details|wedding accessories|rabbit hotel and spa,MKB001249
Rabbit hotel and spa,getting ready,MKB_weddings_mkb-photography-Ireland_Northen_ireland_Wedding_Photography_Rabbit-hotel-and-spa-templepatrick_Wedding_Photography_D&L-186_500.webp,,,,,,,,,,,getting ready|bridal prep|bridesmaids|pajamas|hotel room|flash lighting|fun moment|candid|celebration|morning preparations|rabbit hotel spa|wedding morning,MKB001250
Rabbit hotel and spa,getting ready,mkb-weddings-mkb-photography-northerin-ireland-wedding-photographer-ni-wedding-supplier-rabbit-hotel-and-spa-templepatrick-wedding-photography-103_500.webp,,,,,,,,,,,wedding dress|bridal gown|getting ready|bridal details|dress hanging|indoor scene|natural light|calm mood|elegant style|no people|rabbit hotel and spa,MKB001251
Rabbit hotel and spa,getting ready,mkb-weddings-mkb-photography-northerin-ireland-wedding-photographer-ni-wedding-supplier-rabbit-hotel-and-spa-templepatrick-wedding-photography-143_500.webp,,,,,,,,,,,getting ready|bridal prep|the loft|rabbit hotel|detail shot|indoor|warm light|morning prep|makeup station|relaxed mood|wedding morning,MKB001252
Rabbit hotel and spa,getting ready,MKB-weddings-mkb-photography-northern-ireland-wedding-photographer-rabbit-hotel-and-spa-templepatrick-wedding-photography6_500.webp,,,,,,,,,,,getting ready|bride tribe|bridesmaids|bridal pajamas|champagne toast|outdoor portraits|sunny light|candid laughter|relaxed mood|morning prep|rabbit hotel spa|wedding morning,MKB001253
Rabbit hotel and spa,reception and party,MKB_weddings_mkb-photography-Ireland_Northen_ireland_Wedding_Photography_Rabbit-hotel-and-spa-templepatrick_Wedding_Photography_D&L-627_500.webp,,,,,,,,,,,wedding reception|bride and groom|grand entrance|guests clapping|indoor ceremony|black and white|romantic mood|celebration|ambient lighting|rabbit hotel and spa|wedding aisle|party atmosphere,MKB001254
Rabbit hotel and spa,reception and party,MKB_weddings_mkb-photography-Ireland_Northen_ireland_Wedding_Photography_Rabbit-hotel-and-spa-templepatrick_Wedding_Photography_D&L-660_500.webp,,,,,,,,,,,reception|wedding speeches|top table|bride and groom|wedding guests|microphone speech|floral decor|candlelight|warm lighting|joyful mood|indoor reception|rabbit hotel and spa,MKB001255
Rabbit hotel and spa,reception and party,mkb-weddings-mkb-photography-northerin-ireland-wedding-photographer-ni-wedding-supplier-rabbit-hotel-and-spa-templepatrick-wedding-photography-496_500.webp,,,,,,,,,,,reception|party|couple entrance|bride and groom|guests cheering|indoor wedding|warm lighting|candid moment|celebration|romantic mood|rabbit hotel and spa|wedding reception,MKB001256
Rabbit hotel and spa,reception and party,mkb-weddings-mkb-photography-northerin-ireland-wedding-photographer-ni-wedding-supplier-rabbit-hotel-and-spa-templepatrick-wedding-photography-500_500.webp,,,,,,,,,,,reception|party entrance|bride and groom|wedding guests|indoor venue|greenery decor|warm lighting|celebration|candid|joyful|aisle walk|rabbit hotel and spa,MKB001257
Rabbit hotel and spa,reception and party,MKB-weddings-mkb-photography-northern-ireland-wedding-photographer-rabbit-hotel-and-spa-templepatrick-wedding-photography2_500.webp,,,,,,,,,,,sparkler exit|night reception|bride and groom|wedding guests|black and white|dramatic lighting|backlit|celebration|romantic mood|party moment|outdoor wedding|rabbit hotel and spa,MKB001258
Rabbit hotel and spa,reception and party,MKB-weddings-mkb-photography-northern-ireland-wedding-photographer-rabbit-hotel-and-spa-templepatrick-wedding-photography3_500.webp,,,,,,,,,,,reception|bouquet toss|bride|wedding guests|party|black and white|low light|candid|celebration|fun moment|rabbit hotel|evening,MKB001259
Rabbit hotel and spa,reception and party,mkb-weddings-northern-ireland-wedding-photographer-rabbit-hotel-templepatrick-wedding-photography-5_500.webp,,,,,,,,,,,reception|bride|wedding guests|bouquet|black and white|low light|dramatic lighting|candid|emotional|evening celebration|party entrance|rabbit hotel and spa,MKB001260
Redcastle hotel,couple portraits,mkb-weddings-irish-wedding-photographer-redcastle-hotel-moville-wedding-photography-24_500.webp,creative-flash,,,,,,,,,,couple portraits|bride and groom|sunset|waterfront|golden hour|romantic|silhouette|lakeside|wedding portraits|evening light|redcastle hotel|irish wedding,MKB001261
Redcastle hotel,couple portraits,MKB-weddings-mkb-photography-northern-ireland-wedding-photography-irish-weddings-redcastle-moville-wedding-photography-281_500.webp,creative-flash,,,,,,,,,,couple portrait|bride and groom|night portrait|umbrella|rain|backlit|romantic|intimate|outdoor|wedding portraits|redcastle hotel|dramatic lighting,MKB001262
Redcastle hotel,couple portraits,MKB-weddings-mkb-photography-northern-ireland-wedding-photography-irish-weddings-redcastle-moville-wedding-photography-141_500.webp,,,,,,,,,,,couple portraits|bride and groom|outdoor wedding|tree lined|natural light|golden hour|romantic|relaxed|holding hands|wedding portraits|redcastle hotel,MKB001263
Redcastle hotel,couple portraits,MKB_Photography-Northern-ireland-wedding-photography-northern-ireland-wedding-photographer-Redcastle-hotel-moville-wedding-photography-Full res-299_500.webp,,,,,,,,,,,redcastle hotel|couple portraits|bride and groom|seaside wedding|coastal rocks|golden hour|soft light|romantic|intimate kiss|wedding bouquet|bridal veil|northern ireland wedding,MKB001264
Redcastle hotel,couple portraits,MKB_Photography-Northern-ireland-wedding-photography-northern-ireland-wedding-photographer-Redcastle-hotel-moville-wedding-photography-Full res-361_500.webp,,,,,,,,,,,bride portrait|wedding dress|sea view|balcony|golden hour|backlit|romantic|elegant|coastal wedding|bridal train|couple portraits|redcastle hotel,MKB001265
Redcastle hotel,family and bridal party,MKB-weddings-mkb-photography-northern-ireland-wedding-photography-irish-weddings-redcastle-moville-wedding-photography-29_500.webp,,,,,,,,,,,redcastle hotel|groomsmen|bridal party|indoor portrait|lounge seating|window light|candid moment|relaxed mood|wedding morning|suits|boutonnieres|group photo,MKB001266
Redcastle hotel,family and bridal party,MKB_Photography-Northern-ireland-wedding-photography-northern-ireland-wedding-photographer-Redcastle-hotel-moville-wedding-photography-Full res-344_500.webp,,,,,,,,,,,redcastle hotel|bridal party|bride|bridesmaids|family portraits|waterfront|outdoor wedding|sunny|backlit|joyful|group photo|wedding portraits,MKB001267
Redcastle hotel,getting ready,MKB-weddings-mkb-photography-northern-ireland-wedding-photography-irish-weddings-redcastle-moville-wedding-photography-54_500.webp,,,,,,,,,,,getting ready|bridal party|bridesmaids|matching pyjamas|champagne toast|hotel room|redcastle hotel|natural light|candid|joyful|morning preparations|wedding morning,MKB001268
Redcastle hotel,getting ready,MKB_Photography-Northern-ireland-wedding-photography-northern-ireland-wedding-photographer-Redcastle-hotel-moville-wedding-photography-Full res-230_500.webp,,,,,,,,,,,redcastle hotel|getting ready|bride|bridesmaids|champagne|bridal robes|outdoor|garden|natural light|joyful|candid|wedding morning,MKB001269
Redcastle hotel,getting ready,MKB_Photography-Northern-ireland-wedding-photography-northern-ireland-wedding-photographer-Redcastle-hotel-moville-wedding-photography-Full res-235_500.webp,,,,,,,,,,,getting ready|bride|bridesmaids|bridal party|robes|champagne toast|outdoor portraits|garden|natural light|golden hour|relaxed|redcastle hotel,MKB001270
Redcastle hotel,getting ready,MKB_Photography-Northern-ireland-wedding-photography-northern-ireland-wedding-photographer-Redcastle-hotel-moville-wedding-photography-Full res-254_500.webp,,,,,,,,,,,redcastle hotel|getting ready|bridal prep|bride|bridesmaids|veil|wedding dress|window light|moody light|candid moment|morning preparations|elegant mood,MKB001271
Redcastle hotel,reception and party,MKB-weddings-mkb-photography-northern-ireland-wedding-photography-irish-weddings-redcastle-moville-wedding-photography-311_500.webp,,,,,,,,,,,redcastle hotel|reception|first dance|bride and groom|dance floor|wedding guests|party|spotlight|warm lighting|romantic|celebration|evening reception,MKB001272
Redcastle hotel,reception and party,MKB-weddings-mkb-photography-northern-ireland-wedding-photography-irish-weddings-redcastle-moville-wedding-photography-320_500.webp,,,,,,,,,,,redcastle hotel|wedding reception|first dance|bride and groom|dance floor|guests watching|indoor ballroom|romantic mood|party lights|evening celebration|northern ireland wedding|candid moment,MKB001273
Redcastle hotel,reception and party,MKB_Photography-Northern-ireland-wedding-photography-northern-ireland-wedding-photographer-Redcastle-hotel-moville-wedding-photography-Full res-320_500.webp,,,,,,,,,,,wedding reception|wedding guests|table portraits|champagne toast|reception dining|daylight|bright airy|smiling guests|elegant decor|party atmosphere|redcastle hotel|candid portrait,MKB001274
Rocky mountain cottage,ceremony,mkb-weddings-mkb-photography-northern-ireland-wedding-photography-rocky-mountain-cottage-newry-wedding-photography-128_500.webp,,,,,,,,,,,ceremony|wedding couple|bride and groom|wedding car|bridal bouquet|natural light|joyful|candid|romantic|wedding transport|rocky mountain cottage|newry wedding,MKB001275
Rocky mountain cottage,ceremony,mkb-weddings-mkb-photography-northern-ireland-wedding-photography-rocky-mountain-cottage-newry-wedding-photography-147_500.webp,,,,,,,,,,,ceremony|bridal party|bride|bridesmaids|walking down aisle|bouquets|red dresses|outdoor ceremony|natural light|joyful|cottage wedding|rocky mountain cottage,MKB001276
Rocky mountain cottage,ceremony,mkb-weddings-mkb-photography-northern-ireland-wedding-photography-rocky-mountain-cottage-newry-wedding-photography-199_500.webp,,,,,,,,,,,ceremony|church ceremony|bride and groom|first kiss|altar|wedding guests|bright light|romantic|joyful|aisle flowers|stained glass|wedding vows,MKB001277
Rocky mountain cottage,couple portraits,mkb-weddings-mkb-photography-northern-ireland-wedding-photography-rocky-mountain-cottage-newry-wedding-photography-342_500.webp,,,,,,,,,,,couple portraits|bride and groom|mountain landscape|garden path|outdoor wedding|overcast light|romantic|natural scenery|wedding flowers|candid walk|rocky mountain cottage|northern ireland wedding,MKB001278
Rocky mountain cottage,couple portraits,mkb-weddings-mkb-photography-northern-ireland-wedding-photography-rocky-mountain-cottage-newry-wedding-photography-319_500.webp,,,,,,,,,,,couple portraits|bride and groom|holding hands|wedding portraits|natural light|joyful|romantic|white wall|arched window|outdoor portraits|wedding dress|black tuxedo,MKB001279
Rocky mountain cottage,couple portraits,mkb-weddings-mkb-photography-northern-ireland-wedding-photography-rocky-mountain-cottage-newry-wedding-photography-328_500.webp,,,,,,,,,,,couple portraits|bride and groom|mountain backdrop|outdoor wedding|soft overcast light|romantic mood|wedding bouquet|cottage wedding|northern ireland wedding|scenic portraits|newlyweds|rocky mountain cottage,MKB001280
Rocky mountain cottage,couple portraits,mkb-weddings-mkb-photography-northern-ireland-wedding-photography-rocky-mountain-cottage-newry-wedding-photography-333_500.webp,,,,,,,,,,,couple portraits|bride and groom|outdoor portraits|countryside|wedding bouquet|natural light|romantic|joyful|soft focus|wedding day|rocky mountain cottage,MKB001281
Rocky mountain cottage,couple portraits,mkb-weddings-mkb-photography-northern-ireland-wedding-photography-rocky-mountain-cottage-newry-wedding-photography-337_500.webp,,,,,,,,,,,couple portraits|bride and groom|outdoor portrait|mountain landscape|rocky mountain cottage|soft natural light|romantic mood|wedding kiss|veil|wildflowers|intimate moment|countryside wedding,MKB001282
Rocky mountain cottage,couple portraits,mkb-weddings-mkb-photography-northern-ireland-wedding-photography-rocky-mountain-cottage-newry-wedding-photography-368_500.webp,creative-flash,,,,,,,,,,couple portraits|bride and groom|indoor portrait|hallway|black and white|romantic kiss|intimate embrace|soft light|moody|wedding dress|groom suit|rocky mountain cottage,MKB001283
Rocky mountain cottage,couple portraits,mkb-weddings-mkb-photography-northern-ireland-wedding-photography-rocky-mountain-cottage-newry-wedding-photography-371_500.webp,,,,,,,,,,,couple portraits|bride and groom|indoor portrait|warm lighting|romantic mood|hallway|doorway framing|wedding dress|groom suit|intimate moment|ambient light|rocky mountain cottage,MKB001284
Rocky mountain cottage,couple portraits,mkb-weddings-mkb-photography-northern-ireland-wedding-photography-rocky-mountain-cottage-newry-wedding-photography-400_500.webp,creative-flash,,,,,,,,,,couple portraits|bride and groom|outdoor wedding|mountain backdrop|cloudy sky|natural light|romantic|holding hands|wedding dress|navy suit|bridal bouquet|rocky mountain cottage,MKB001285
Rocky mountain cottage,couple portraits,mkb-weddings-mkb-photography-northern-ireland-wedding-photography-rocky-mountain-cottage-newry-wedding-photography-436_500.webp,,,,,,,,,,,couple portraits|bride and groom|mountain landscape|country road|black and white|dramatic sky|moody lighting|romantic|walking together|holding hands|wedding portraits|outdoor wedding,MKB001286
Rocky mountain cottage,couple portraits,mkb-weddings-mkb-photography-northern-ireland-wedding-photography-rocky-mountain-cottage-newry-wedding-photography-439_500.webp,creative-flash,,,,,,,,,,couple portraits|bride and groom|mountain backdrop|outdoor wedding|dramatic sky|soft light|romantic|elegant|wedding bouquet|formal attire|countryside|newlyweds,MKB001287
Rocky mountain cottage,couple portraits,mkb-weddings-mkb-photography-northern-ireland-wedding-photography-rocky-mountain-cottage-newry-wedding-photography-445_500.webp,,,,,,,,,,,couple portraits|bride and groom|wedding kiss|mountain backdrop|countryside|outdoor portraits|soft light|romantic|intimate moment|bouquet|rocky mountain cottage|wedding day,MKB001288
Rocky mountain cottage,couple portraits,mkb-weddings-mkb-photography-northern-ireland-wedding-photography-rocky-mountain-cottage-newry-wedding-photography-362_500.webp,,,,,,,,,,,couple portraits|bride and groom|indoor portraits|fireplace|stone wall|warm lighting|romantic|joyful|wedding dress|black tie|floral decor|rocky mountain cottage,MKB001289
Rocky mountain cottage,couple portraits,mkb-weddings-mkb-photography-northern-ireland-wedding-photography-rocky-mountain-cottage-newry-wedding-photography-440_500.webp,,,,,,,,,,,couple portraits|bride and groom|country road|mountain backdrop|rural landscape|overcast light|moody sky|romantic walk|wedding portraits|outdoor wedding|rocky mountain cottage|northern ireland,MKB001290
Rocky mountain cottage,details and decor,mkb-weddings-mkb-photography-northern-ireland-wedding-photography-rocky-mountain-cottage-newry-wedding-photography-27_500.webp,,,,,,,,,,,wedding decor|outdoor reception|rocky mountain cottage|table details|floral arrangements|garden setting|daylight|romantic mood|reception styling|happily ever after sign|rustic decor|wedding details,MKB001291
Rocky mountain cottage,details and decor,mkb-weddings-mkb-photography-northern-ireland-wedding-photography-rocky-mountain-cottage-newry-wedding-photography-343_500.webp,,,,,,,,,,,wedding drinks|signature cocktails|cocktail hour|reception details|bar decor|table details|soft light|elegant mood|wedding decor|no people|rocky mountain cottage,MKB001292
Rocky mountain cottage,details and decor,mkb-weddings-mkb-photography-northern-ireland-wedding-photography-rocky-mountain-cottage-newry-wedding-photography-346_500.webp,,,,,,,,,,,reception decor|wedding tablescape|table settings|floral centerpiece|candlelight|glassware|gold plates|rustic runner|soft natural light|romantic details|wedding breakfast|rocky mountain cottage,MKB001293
Rocky mountain cottage,details and decor,mkb-weddings-mkb-photography-northern-ireland-wedding-photography-rocky-mountain-cottage-newry-wedding-photography-347_500.webp,,,,,,,,,,,reception decor|top table|wedding breakfast|chair decor|table setting|window light|soft light|elegant decor|romantic mood|indoor reception|details|rocky mountain cottage,MKB001294
Rocky mountain cottage,family and bridal party,mkb-weddings-mkb-photography-northern-ireland-wedding-photography-rocky-mountain-cottage-newry-wedding-photography-115_500.webp,,,,,,,,,,,groomsmen|bridal party|outdoor portraits|cottage exterior|natural light|navy suits|black tie|laughter|candid moment|joyful|wedding party|rocky mountain cottage,MKB001295
Rocky mountain cottage,family and bridal party,mkb-weddings-mkb-photography-northern-ireland-wedding-photography-rocky-mountain-cottage-newry-wedding-photography-311_500.webp,,,,,,,,,,,bridal party|bride and groom|bridesmaids|wedding portrait|outdoor portrait|cottage doorway|red dresses|bouquets|soft daylight|joyful mood|formal group|family photos,MKB001296
Rocky mountain cottage,family and bridal party,mkb-weddings-mkb-photography-northern-ireland-wedding-photography-rocky-mountain-cottage-newry-wedding-photography-374_500.webp,,,,,,,,,,,bridal party|bride with bridesmaids|family portraits|outdoor portraits|mountain backdrop|garden setting|natural light|joyful mood|wedding morning|group photo|cottage wedding|northern ireland wedding,MKB001297
Rocky mountain cottage,family and bridal party,mkb-weddings-mkb-photography-northern-ireland-wedding-photography-rocky-mountain-cottage-newry-wedding-photography-398_500.webp,,,,,,,,,,,bridal party|bride|bridesmaids|outdoor portrait|mountain backdrop|red dresses|wedding dress|soft light|overcast sky|elegant|family and bridal party|rocky mountain cottage,MKB001298
Rocky mountain cottage,getting ready,mkb-weddings-mkb-photography-northern-ireland-wedding-photography-rocky-mountain-cottage-newry-wedding-photography-100_500.webp,,,,,,,,,,,getting ready|bride|bridesmaids|bridal party|bouquets|cottage doorway|outdoor portrait|natural light|red dresses|joyful|wedding morning|rocky mountain cottage,MKB001299
Rocky mountain cottage,getting ready,mkb-weddings-mkb-photography-northern-ireland-wedding-photography-rocky-mountain-cottage-newry-wedding-photography-11_500.webp,,,,,,,,,,,getting ready|bridesmaids|wedding dresses|morning prep|cottage|window light|soft light|relaxed mood|dress hanging|bridal party|rocky mountain cottage,MKB001300
Rocky mountain cottage,getting ready,mkb-weddings-mkb-photography-northern-ireland-wedding-photography-rocky-mountain-cottage-newry-wedding-photography-14_500.webp,,,,,,,,,,,getting ready|bridal details|wedding flatlay|bridal shoes|wedding bouquet|perfume|wedding rings|invitation suite|soft light|romantic details|rocky mountain cottage|detail photography,MKB001301
Rocky mountain cottage,getting ready,mkb-weddings-mkb-photography-northern-ireland-wedding-photography-rocky-mountain-cottage-newry-wedding-photography-34_500.webp,,,,,,,,,,,getting ready|bride|bridesmaids|champagne|white robes|outdoor patio|cottage garden|natural light|relaxed|joyful|pre ceremony|rocky mountain cottage,MKB001302
Rocky mountain cottage,getting ready,mkb-weddings-mkb-photography-northern-ireland-wedding-photography-rocky-mountain-cottage-newry-wedding-photography-50_500.webp,,,,,,,,,,,getting ready|bride|bridal prep|earrings|mirror reflection|wedding morning|soft light|calm mood|bridal portrait|hair accessory|cottage wedding|rocky mountain cottage,MKB001303
Rocky mountain cottage,reception and party,mkb-weddings-mkb-photography-northern-ireland-wedding-photography-rocky-mountain-cottage-newry-wedding-photography-345_500.webp,,,,,,,,,,,reception|wedding guests|outdoor dining|floral decor|pink blossoms|bright light|romantic mood|relaxed atmosphere|party seating|garden reception|rocky mountain cottage|wedding celebration,MKB001304
Rocky mountain cottage,reception and party,mkb-weddings-mkb-photography-northern-ireland-wedding-photography-rocky-mountain-cottage-newry-wedding-photography-377_500.webp,,,,,,,,,,,wedding reception|live music|wedding band|musicians|guitarist|drummer|neon sign|indoor party|ambient lighting|celebration|evening entertainment|relaxed mood,MKB001305
Rocky mountain cottage,reception and party,mkb-weddings-mkb-photography-northern-ireland-wedding-photography-rocky-mountain-cottage-newry-wedding-photography-376_500.webp,,,,,,,,,,,wedding reception|outdoor drinks|garden party|wedding guests|cottage setting|daylight|relaxed mood|cocktail hour|group mingling|summer wedding|rocky mountain cottage|candid moments,MKB001306
Rocky mountain cottage,reception and party,mkb-weddings-mkb-photography-northern-ireland-wedding-photography-rocky-mountain-cottage-newry-wedding-photography-411_500.webp,,,,,,,,,,,reception entrance|bride and groom|floral arch|indoor reception|black and white|joyful|natural light|wedding party|celebration|cottage wedding|newlyweds|rocky mountain cottage,MKB001307
Rocky mountain cottage,reception and party,mkb-weddings-mkb-photography-northern-ireland-wedding-photography-rocky-mountain-cottage-newry-wedding-photography-425_500.webp,,,,,,,,,,,wedding reception|dining room|wedding guests|banquet tables|fairy lights|chandelier|bright indoor light|celebration|relaxed mood|party atmosphere|reception meal|candid moments,MKB001308
Rocky mountain cottage,reception and party,mkb-weddings-mkb-photography-northern-ireland-wedding-photography-rocky-mountain-cottage-newry-wedding-photography-460_500.webp,,,,,,,,,,,reception|first dance|bride and groom|dance floor|wedding guests|applause|indoor wedding|warm lighting|joyful moment|party|rocky mountain cottage|candid,MKB001309
Rocky mountain cottage,reception and party,mkb-weddings-mkb-photography-northern-ireland-wedding-photography-rocky-mountain-cottage-newry-wedding-photography-492_500.webp,,,,,,,,,,,reception|dance floor|bride|wedding guest|party|candid|joyful|indoor|warm light|celebration|rocky mountain cottage|evening reception,MKB001310
Roe valley resort,couple portraits,MKB_weddings_Ireland_Northen_ireland_Wedding-photographer_northern-ireland_Wedding_Photography-roe-park-hotel-limavady-wedding-photography-391_500.webp,,,,,,,,,,,roe valley resort|couple portraits|bride and groom|riverside|woodland|natural light|romantic|kissing|wedding bouquet|veil|outdoor portraits|intimate moment,MKB001311
Roe valley resort,couple portraits,MKB_weddings_Ireland_Northen_ireland_Wedding-photographer_northern-ireland_Wedding_Photography-roe-park-hotel-limavady-wedding-photography-404_500.webp,creative-flash,,,,,,,,,,couple portraits|bride and groom|woodland|black and white|dramatic light|romantic|intimate|wedding portrait|veil|outdoor|roe valley resort,MKB001312
Roe valley resort,couple portraits,mkb-weddings-mkb-photography-northern-ireland-wedding-photography-roe-valley-resort-limavady-wedding-photography-366_500.webp,,,,,,,,,,,couple portrait|bride and groom|floral arch|church doorway|wedding flowers|natural light|romantic|joyful|wedding dress|black tuxedo|roe valley resort|northern ireland wedding,MKB001313
Roe valley resort,couple portraits,mkb-weddings-mkb-photography-northern-ireland-wedding-photography-roe-valley-resort-limavady-wedding-photography-415_500.webp,creative-flash,,,,,,,,,,roe valley resort|couple portraits|bride and groom|woodland|forest steps|natural light|romantic|intimate|wedding portraits|bridal veil|autumn|northern ireland wedding,MKB001314
Roe valley resort,couple portraits,mkb-weddings-mkb-photography-northern-ireland-wedding-photography-roe-valley-resort-limavady-wedding-photography-418_500.webp,creative-flash,,,,,,,,,,couple portraits|bride and groom|woodland|forest path|natural light|romantic|moody|wedding portraits|roe valley resort|northern ireland wedding|bridal gown|intimate,MKB001315
Roe valley resort,couple portraits,mkb-weddings-mkb-photography-northern-ireland-wedding-photography-roe-valley-resort-limavady-wedding-photography-419_500.webp,creative-flash,,,,,,,,,,couple portraits|bride and groom|woodland|autumn leaves|roe valley resort|natural light|dramatic lighting|romantic|intimate|wedding portraits|bridal bouquet|outdoor wedding,MKB001316
Roe valley resort,couple portraits,mkb-weddings-mkb-photography-northern-ireland-wedding-photography-roe-valley-resort-limavady-wedding-photography-420_500.webp,creative-flash,,,,,,,,,,roe valley resort|couple portraits|bride and groom|woodland|autumn leaves|natural light|romantic|intimate|wedding bouquet|bridal veil|outdoor portraits|wedding day,MKB001317
Roe valley resort,couple portraits,mkb-weddings-mkb-photography-northern-ireland-wedding-photography-roe-valley-resort-limavady-wedding-photography-421_500.webp,creative-flash,,,,,,,,,,couple portraits|bride and groom|outdoor portraits|rustic wall|natural light|romantic|moody|holding hands|wedding dress|bridal veil|wedding bouquet|roe valley resort,MKB001318
Roe valley resort,couple portraits,mkb-weddings-mkb-photography-northern-ireland-wedding-photography-roe-valley-resort-limavady-wedding-photography-422_500.webp,,,,,,,,,,,roe valley resort|couple portraits|bride and groom|riverside|woodland|outdoor wedding|natural light|romantic|intimate moment|wedding portraits|northern ireland wedding,MKB001319
Roe valley resort,getting ready,mkb-weddings-mkb-photography-northern-ireland-wedding-photography-roe-valley-resort-limavady-wedding-photography-104_500.webp,,,,,,,,,,,bridal shoes|wedding details|getting ready|black and white|soft light|romantic mood|bridal accessories|pearl details|wedding morning|roe valley resort,MKB001320
Roe valley resort,getting ready,mkb-weddings-mkb-photography-northern-ireland-wedding-photography-roe-valley-resort-limavady-wedding-photography-159_500.webp,,,,,,,,,,,getting ready|bride|mother of bride|wedding dress|buttoning dress|bridal prep|window light|soft light|emotional moment|roe valley resort|veil|northern ireland wedding,MKB001321
Roe valley resort,getting ready,mkb-weddings-mkb-photography-northern-ireland-wedding-photography-roe-valley-resort-limavady-wedding-photography-164_500.webp,,,,,,,,,,,getting ready|bride|wedding dress|lace detail|veil|bridal portrait|soft light|window light|romantic|elegant|roe valley resort|wedding morning,MKB001322
Ross Park,couple portraits,MKB-weddings-mkb-photography-northern-ireland-wedding-photographer-ross-park-ballymena-wedding-photography1_500.webp,creative-flash,,,,,,,,,,couple portraits|bride and groom|coastal portrait|dramatic sky|moody light|romantic|holding hands|wedding portraits|outdoor wedding|storm clouds|elegant attire|ross park,MKB001323
Ross Park,couple portraits,MKB-weddings-mkb-photography-northern-ireland-wedding-photographer-ross-park-ballymena-wedding-photography2_500.webp,,,,,,,,,,,couple portraits|ross park|woodland|bride and groom|outdoor portraits|natural light|romantic|holding hands|forest|intimate moment|wedding portraits|northern ireland wedding,MKB001324
Ross Park,couple portraits,MKB-weddings-mkb-photography-northern-ireland-wedding-photographer-ross-park-ballymena-wedding-photography3_500.webp,,,,,,,,,,,couple portraits|bride and groom|rocky shore|seaside|outdoor portraits|natural light|romantic|happy couple|wedding dress|bridal bouquet|coastal wedding|post ceremony,MKB001325
Ross Park,couple portraits,MKB-weddings-mkb-photography-northern-ireland-wedding-photographer-ross-park-ballymena-wedding-photography4_500.webp,creative-flash,,,,,,,,,,ross park|couple portraits|bride and groom|outdoor wedding|holding hands|sunset light|romantic|intimate moment|wedding portraits|soft sky|evening portraits|elegant wedding,MKB001326
Ross Park,couple portraits,MKB-weddings-mkb-photography-northern-ireland-wedding-photographer-ross-park-ballymena-wedding-photography5_500.webp,creative-flash,,,,,,,,,,couple portraits|bride and groom|coastal portrait|rocky shore|dramatic sky|moody lighting|romantic|wedding portraits|outdoor wedding|seaside wedding|storm clouds|ross park,MKB001327
Rossharbour resort,ceremony,mkb-weddings-mkb-photography-northern-ireland-wedding-photography-rossharbour-resort-wedding-photography--4_500.webp,,,,,,,,,,,ceremony|first kiss|bride and groom|wedding guests|applause|covered terrace|string lights|romantic|joyful|natural light|rossharbour resort|northern ireland wedding,MKB001328
Rossharbour resort,ceremony,mkb-weddings-northern-ireland-wedding-photographer-rossharbour-resort-ennikillen-photography-288_500.webp,,,,,,,,,,,ceremony|church ceremony|bride and groom|first kiss|wedding guests|applause|aisle|natural light|joyful|romantic|indoor wedding|rossharbour resort,MKB001329
Rossharbour resort,ceremony,mkb-weddings-northern-ireland-wedding-photographer-rossharbour-resort-ennikillen-photography-308_500.webp,,,,,,,,,,,ceremony|church aisle|wedding guests|processional|stained glass|natural light|emotional|formal attire|aisle walk|indoor ceremony|rossharbour resort,MKB001330
Rossharbour resort,ceremony,mkb-weddings-rossharbour-resort-wedding-photography-164_500.webp,,,,,,,,,,,ceremony|bride and groom|officiant|wedding vows|floral arch|backlit|romantic|intimate|resort wedding|veil|neutral florals|aisle decor,MKB001331
Rossharbour resort,ceremony,mkb-weddings-rossharbour-resort-wedding-photography-206_500.webp,,,,,,,,,,,rossharbour resort|ceremony|indoor ceremony|bride entrance|walking down aisle|wedding processional|bride and escort|aisle decor|natural light|emotional moment|guest reactions|elegant wedding,MKB001332
Rossharbour resort,ceremony,mkb-weddings-rossharbour-resort-wedding-photography-221_500.webp,,,,,,,,,,,ceremony|indoor ceremony|bride and groom|officiant|wedding guests|string lights|natural light|romantic|emotional|vows|processional|rossharbour resort,MKB001333
Rossharbour resort,ceremony,mkb-weddings-rossharbour-resort-wedding-photography-246_500.webp,,,,,,,,,,,ceremony|first kiss|bride and groom|indoor ceremony|covered terrace|guest applause|natural light|romantic|joyful|wedding aisle|rossharbour resort,MKB001334
Rossharbour resort,ceremony,mkb-weddings-rossharbour-resort-wedding-photography-252_500.webp,,,,,,,,,,,ceremony|rossharbour resort|bride and groom|officiant|waterfront|floral arch|lantern decor|outdoor wedding|backlit|romantic|vows|bright light,MKB001335
Rossharbour resort,ceremony,mkb-weddings-rossharbour-resort-wedding-photography-268_500.webp,,,,,,,,,,,ceremony|aisle kiss|bride and groom|guest applause|black and white|backlit|covered pavilion|romantic|candid|wedding recessional|rossharbour resort,MKB001336
Rossharbour resort,couple portraits,MKB-weddings-mkb-photography-northern-ireland-wedding-photographer-ross-harbour-enniskillen-wedding-photography_500.webp,,,,,,,,,,,couple portraits|bride and groom|waterfront|rossharbour resort|sunlit|romantic|intimate|wedding portrait|sparkling water|elegant|veil|black tie,MKB001337
Rossharbour resort,couple portraits,mkb-weddings-mkb-photography-northern-ireland-wedding-photography-rossharbour-resort-wedding-photography--5_500.webp,,,,,,,,,,,couple portraits|bride and groom|lakeside|rossharbour resort|overcast light|romantic|wedding portrait|veil|black tie|waterfront|northern ireland wedding|intimate moment,MKB001338
Rossharbour resort,couple portraits,mkb-weddings-mkb-photography-northern-ireland-wedding-photography-rossharbour-resort-wedding-photography--6_500.webp,,,,,,,,,,,couple portraits|bride and groom|rossharbour resort|outdoor portrait|lakeside|soft light|romantic|elegant|wedding dress|groom suit|bridal bouquet|intimate moment,MKB001339
Rossharbour resort,couple portraits,mkb-weddings-northern-ireland-wedding-photographer-rossharbour-resort-ennikillen-photography-394_500.webp,,,,,,,,,,,couple portraits|bride and groom|dove release|wedding doorway|floral arch|birdcages|outdoor ceremony|romantic moment|soft daylight|elegant wedding|rossharbour resort|northern ireland wedding,MKB001340
Rossharbour resort,couple portraits,mkb-weddings-northern-ireland-wedding-photographer-rossharbour-resort-ennikillen-photography-410_500.webp,,,,,,,,,,,bridal portrait|bride|wedding dress|white bouquet|stained glass|indoor portrait|window light|moody lighting|elegant|romantic|quiet moment|rossharbour resort,MKB001341
Rossharbour resort,couple portraits,mkb-weddings-northern-ireland-wedding-photographer-rossharbour-resort-ennikillen-photography-450_500.webp,,,,,,,,,,,couple portraits|bride and groom|beach wedding|lakeside portraits|bright daylight|romantic|elegant|wedding bouquet|bridal veil|black tie|rossharbour resort|newlyweds,MKB001342
Rossharbour resort,couple portraits,mkb-weddings-northern-ireland-wedding-photographer-rossharbour-resort-ennikillen-photography-457_500.webp,,,,,,,,,,,couple portraits|bride and groom|lakeside|outdoor wedding|sunny light|joyful|romantic|wedding dress|black tie|bridal bouquet|veil|rossharbour resort,MKB001343
Rossharbour resort,couple portraits,mkb-weddings-northern-ireland-wedding-photographer-rossharbour-resort-ennikillen-photography-476_500.webp,,,,,,,,,,,couple portraits|bride and groom|lakeside|jetty|outdoor wedding|sunny|romantic|walking together|wedding dress|scenic landscape|rossharbour resort|wedding portraits,MKB001344
Rossharbour resort,couple portraits,mkb-weddings-northern-ireland-wedding-photographer-rossharbour-resort-ennikillen-photography-477_500.webp,creative-flash,,,,,,,,,,couple portraits|bride and groom|lakeside wedding|dock portraits|golden hour|soft light|romantic|elegant|wedding bouquet|veil|waterfront|rossharbour resort,MKB001345
Rossharbour resort,couple portraits,mkb-weddings-northern-ireland-wedding-photographer-rossharbour-resort-ennikillen-photography-491_500.webp,,,,,,,,,,,couple portraits|bride and groom|lakeside|beach|rossharbour resort|holding hands|wedding dress|veil|natural light|romantic|cloudy sky|newlyweds,MKB001346
Rossharbour resort,couple portraits,mkb-weddings-northern-ireland-wedding-photographer-rossharbour-resort-ennikillen-photography-493_500.webp,,,,,,,,,,,couple portraits|bride and groom|lakeside|beach|golden hour|romantic|outdoor wedding|wedding bouquet|veil|sunlit|rossharbour resort|newlyweds,MKB001347
Rossharbour resort,couple portraits,mkb-weddings-northern-ireland-wedding-photographer-rossharbour-resort-ennikillen-photography-494_500.webp,,,,,,,,,,,couple portraits|bride and groom|waterside portrait|rossharbour resort|sunlit|romantic|elegant|wedding day|bridal bouquet|black tie|intimate moment|northern ireland wedding,MKB001348
Rossharbour resort,couple portraits,mkb-weddings-rossharbour-resort-wedding-photography-348_500.webp,,,,,,,,,,,couple portraits|bride and groom|wedding kiss|lakeside|waterfront|soft light|romantic|intimate|veil|wedding dress|rossharbour resort|outdoor wedding,MKB001349
Rossharbour resort,couple portraits,mkb-weddings-rossharbour-resort-wedding-photography-351_500.webp,,,,,,,,,,,couple portraits|bride and groom|waterfront|rossharbour resort|soft light|romantic|forehead kiss|wedding veil|lace dress|black tuxedo|intimate moment|outdoor wedding,MKB001350
Rossharbour resort,couple portraits,mkb-weddings-rossharbour-resort-wedding-photography-356_500.webp,,,,,,,,,,,rossharbour resort|couple portraits|bride and groom|outdoor portrait|soft light|romantic|intimate moment|groom kiss|bridal veil|wedding dress|black tuxedo|palm backdrop,MKB001351
Rossharbour resort,couple portraits,mkb-weddings-rossharbour-resort-wedding-photography-360_500.webp,,,,,,,,,,,rossharbour resort|couple portraits|bride and groom|lakeside|sunset light|romantic|joyful|wedding day|veil|tuxedo|waterfront portraits|golden hour,MKB001352
Rossharbour resort,couple portraits,mkb-weddings-rossharbour-resort-wedding-photography-363_500.webp,creative-flash,,,,,,,,,,couple portraits|bride and groom|lakeside|rossharbour resort|sunset light|dramatic sky|romantic|holding hands|wedding portraits|outdoor wedding|palm trees|elegant,MKB001353
Rossharbour resort,couple portraits,mkb-weddings-rossharbour-resort-wedding-photography-378_500.webp,,,,,,,,,,,rossharbour resort|couple portraits|bride and groom|waterfront|palm trees|soft backlight|romantic|elegant|wedding dress|veil|bridal bouquet|newlyweds,MKB001354
Rossharbour resort,couple portraits,mkb-weddings-rossharbour-resort-wedding-photography-381_500.webp,,,,,,,,,,,couple portraits|bride and groom|rossharbour resort|waterfront|palm trees|bright light|romantic|elegant|wedding dress|black tuxedo|veil|newlyweds,MKB001355
Rossharbour resort,couple portraits,mkb-weddings-rossharbour-resort-wedding-photography-390_500.webp,,,,,,,,,,,couple portraits|bride and groom|lakeside|dock|overcast light|romantic|joyful|wedding portraits|black tie|holding hands|waterfront|rossharbour resort,MKB001356
Rossharbour resort,couple portraits,mkb-weddings-rossharbour-resort-wedding-photography-394_500.webp,,,,,,,,,,,couple portraits|bride and groom|lakeside|waterfront|overcast light|windy veil|romantic|elegant|wedding bouquet|black tuxedo|rossharbour resort|wedding portraits,MKB001357
Rossharbour resort,couple portraits,mkb-weddings-rossharbour-resort-wedding-photography-704_500.webp,creative-flash,,,,,,,,,,couple portraits|bride and groom|night portrait|sparkler exit|fireworks|romantic|dramatic lighting|joyful|wedding dress|lift pose|gazebo|rossharbour resort,MKB001358
Rossharbour resort,details and decor,mkb-weddings-rossharbour-resort-wedding-photography-400_500.webp,,,,,,,,,,,reception decor|table settings|wedding details|floral centerpieces|fairy lights|soft lighting|romantic mood|elegant reception|white decor|resort wedding|rossharbour resort|wedding reception,MKB001359
Rossharbour resort,details and decor,mkb-weddings-rossharbour-resort-wedding-photography-403_500.webp,,,,,,,,,,,wedding cake|cake table|dessert display|floral decor|macarons|reception details|indoor decor|natural light|romantic mood|elegant details|rossharbour resort|wedding reception,MKB001360
Rossharbour resort,details and decor,mkb-weddings-rossharbour-resort-wedding-photography-407_500.webp,,,,,,,,,,,wedding tablescape|reception decor|centerpiece|candlelight|place settings|floral details|table number|soft light|romantic mood|elegant decor|rossharbour resort|wedding details,MKB001361
Rossharbour resort,details and decor,mkb-weddings-rossharbour-resort-wedding-photography-410_500.webp,,,,,,,,,,,wedding decor|reception details|tablescape|black linens|feather centerpieces|candles|soft light|elegant mood|modern decor|no people|rossharbour resort|detail shot,MKB001362
Rossharbour resort,details and decor,mkb-weddings-rossharbour-resort-wedding-photography-4_500.webp,,,,,,,,,,,wedding details|bridal shoes|wedding invitation|perfume bottle|bridal accessories|detail flat lay|soft light|elegant decor|romantic mood|getting ready|rossharbour resort,MKB001363
Rossharbour resort,details and decor,mkb-weddings-rossharbour-resort-wedding-photography-5_500.webp,,,,,,,,,,,bridal shoes|wedding details|lace dress|bridal accessories|white heels|soft light|romantic mood|detail flatlay|wedding morning|rossharbour resort,MKB001364
Rossharbour resort,family and bridal party,mkb-weddings-northern-ireland-wedding-photographer-rossharbour-resort-ennikillen-photography-546_500.webp,,,,,,,,,,,bridal party|bride|bridesmaids|lakeside|outdoor portrait|sunny light|elegant|formal|group portrait|wedding morning|rossharbour resort|northern ireland,MKB001365
Rossharbour resort,family and bridal party,mkb-weddings-rossharbour-resort-wedding-photography-366_500.webp,,,,,,,,,,,family portraits|bride and groom|parents|formal portrait|waterfront|rainy wedding|overcast light|elegant|black tie|bridal bouquet|wedding day|rossharbour resort,MKB001366
Rossharbour resort,family and bridal party,mkb-weddings-rossharbour-resort-wedding-photography-369_500.webp,,,,,,,,,,,rossharbour resort|family portraits|bridal party|group photo|bride and groom|children|outdoor terrace|covered patio|natural light|formal attire|joyful|wedding portraits,MKB001367
Rossharbour resort,family and bridal party,mkb-weddings-rossharbour-resort-wedding-photography-431_500.webp,,,,,,,,,,,bridal party|bride and groom|groomsmen|bridesmaids|outdoor wedding|waterfront portraits|natural light|joyful|candid laughter|wedding party walk|black tie|rossharbour resort,MKB001368
Rossharbour resort,family and bridal party,mkb-weddings-rossharbour-resort-wedding-photography-433_500.webp,,,,,,,,,,,rossharbour resort|bridal party|bride and groom|groom dip|wedding kiss|family portraits|lakeside|overcast light|romantic|black tie|bouquets|wedding day,MKB001369
Rossharbour resort,getting ready,mkb-weddings-mkb-photography-northern-ireland-wedding-photography-rossharbour-resort-wedding-photography--1_500.webp,,,,,,,,,,,getting ready|bridal details|wedding shoes|perfume|invitation|flat lay|bride accessories|soft light|elegant|romantic|morning prep|rossharbour resort,MKB001370
Rossharbour resort,getting ready,mkb-weddings-mkb-photography-northern-ireland-wedding-photography-rossharbour-resort-wedding-photography--2_500.webp,,,,,,,,,,,getting ready|bride|mirror reflection|earrings|bridal prep|soft light|intimate moment|calm mood|wedding morning|rossharbour resort,MKB001371
Rossharbour resort,getting ready,mkb-weddings-mkb-photography-northern-ireland-wedding-photography-rossharbour-resort-wedding-photography--3_500.webp,,,,,,,,,,,getting ready|bridesmaids|flower girl|bridal party|pajamas|outdoor portraits|morning drinks|natural light|relaxed mood|rossharbour resort|wedding morning|group photo,MKB001372
Rossharbour resort,getting ready,mkb-weddings-northern-ireland-wedding-photographer-rossharbour-resort-ennikillen-photography-183_500.webp,,,,,,,,,,,getting ready|bride|bridal portrait|wedding dress|veil|mirror reflection|natural light|calm mood|elegant bridal|indoor prep|rossharbour resort|wedding morning,MKB001373
Rossharbour resort,getting ready,mkb-weddings-rossharbour-resort-wedding-photography-22_500.webp,,,,,,,,,,,getting ready|bride|makeup|lipstick|bridal prep|portrait|soft light|smiling|happy|glamour|wedding morning|rossharbour resort,MKB001374
Rossharbour resort,getting ready,mkb-weddings-rossharbour-resort-wedding-photography-30_500.webp,,,,,,,,,,,welcome sign|wedding decor|floral arrangement|venue entrance|outdoor scene|bright daylight|elegant details|romantic mood|getting ready|rossharbour resort,MKB001375
Rossharbour resort,getting ready,mkb-weddings-rossharbour-resort-wedding-photography-40_500.webp,,,,,,,,,,,rossharbour resort|getting ready|bride|mirror reflection|earrings|bridal prep|soft light|elegant|intimate moment|wedding morning,MKB001376
Rossharbour resort,getting ready,mkb-weddings-rossharbour-resort-wedding-photography-48_500.webp,,,,,,,,,,,getting ready|bride|bridesmaids|flower girl|champagne pop|outdoor|resort wedding|morning light|joyful|robes|wedding morning|rossharbour resort,MKB001377
Rossharbour resort,getting ready,mkb-weddings-rossharbour-resort-wedding-photography-69_500.webp,,,,,,,,,,,getting ready|bride in robe|groom in tux|outdoor portrait|bright daylight|red carpet|pre ceremony|wedding morning|candid moment|elegant mood|resort wedding|rossharbour resort,MKB001378
Rossharbour resort,getting ready,mkb-weddings-rossharbour-resort-wedding-photography-91_500.webp,,,,,,,,,,,rossharbour resort|getting ready|bride|bridal portrait|wedding dress|veil|staircase|natural light|elegant|romantic|indoor portrait|wedding morning,MKB001379
Rossharbour resort,reception and party,mkb-weddings-rossharbour-resort-wedding-photography-464_500.webp,,,,,,,,,,,reception|party|dance floor|bride|groom|guests|evening|string lights|celebration|fun|napkin wave|rossharbour resort,MKB001380
Rossharbour resort,reception and party,mkb-weddings-rossharbour-resort-wedding-photography-585_500.webp,,,,,,,,,,,reception|party game|bride and groom|seated couple|wedding guests|marquee tent|warm lighting|chandelier|fun moment|candid|celebration|rossharbour resort,MKB001381
Rossharbour resort,reception and party,mkb-weddings-rossharbour-resort-wedding-photography-607_500.webp,,,,,,,,,,,reception|dance floor|wedding party|flower girls|guests dancing|candid|warm lighting|string lights|joyful|party|rossharbour resort,MKB001382
Rossharbour resort,reception and party,mkb-weddings-rossharbour-resort-wedding-photography-621_500.webp,,,,,,,,,,,reception|party|dance floor|bride and groom|wedding dance|celebration|joyful|dramatic lighting|backlit|indoor reception|rossharbour resort|evening party,MKB001383
Scrabo golf course,ceremony,MKB-weddings-Northern-ireland-wedding-photography-northern-ireland-wedding-photographer-scrabo-golf-course-newtownards-wedding-photography-231_500.webp,,,,,,,,,,,ceremony|church ceremony|flower girl|groom|wedding kiss|bridal party|red bridesmaid dresses|sunflower bouquet|indoor wedding|natural light|emotional moment|scrabo golf course,MKB001384
Scrabo golf course,ceremony,MKB-weddings-Northern-ireland-wedding-photography-northern-ireland-wedding-photographer-scrabo-golf-course-newtownards-wedding-photography-436_500.webp,,,,,,,,,,,ceremony|bride and groom|indoor ceremony|church interior|natural light|romantic|joyful|wedding vows|scrabo golf course|northern ireland wedding|altar|candid moment,MKB001385
Scrabo golf course,couple portraits,MKB-weddings-Northern-ireland-wedding-photography-northern-ireland-wedding-photographer-scrabo-golf-course-newtownards-wedding-photography-509_500.webp,,,,,,,,,,,couple portraits|bride and groom|wedding day|blue door|historic doorway|natural light|romantic|joyful|holding hands|bridal bouquet|sunflowers|scrabo golf course,MKB001386
Scrabo golf course,couple portraits,MKB-weddings-Northern-ireland-wedding-photography-northern-ireland-wedding-photographer-scrabo-golf-course-newtownards-wedding-photography-565_500.webp,,,,,,,,,,,couple portraits|bride and groom|golf course|scrabo golf course|outdoor wedding|historic tower|overcast light|romantic|dramatic sky|wedding portraits|northern ireland|countryside,MKB001387
Scrabo golf course,couple portraits,MKB-weddings-Northern-ireland-wedding-photography-northern-ireland-wedding-photographer-scrabo-golf-course-newtownards-wedding-photography-574_500.webp,,,,,,,,,,,couple portrait|bride and groom|outdoor wedding|golf course|scrabo golf course|daylight|romantic|joyful|wedding bouquet|sunflowers|tower backdrop|northern ireland wedding,MKB001388
Scrabo golf course,couple portraits,MKB-weddings-Northern-ireland-wedding-photography-northern-ireland-wedding-photographer-scrabo-golf-course-newtownards-wedding-photography-585_500.webp,,,,,,,,,,,couple portraits|bride and groom|outdoor portraits|scrabo golf course|tree lined|natural light|romantic|intimate kiss|wedding dress|sunflower bouquet|garden setting|soft focus,MKB001389
Scrabo golf course,getting ready,MKB-weddings-Northern-ireland-wedding-photography-northern-ireland-wedding-photographer-scrabo-golf-course-newtownards-wedding-photography-109_500.webp,,,,,,,,,,,wedding dress|bridal gown|getting ready|bridal prep|dress details|window light|sunflowers|indoor scene|quiet moment|romantic mood|scrabo golf course|wedding morning,MKB001390
Scrabo golf course,getting ready,MKB-weddings-Northern-ireland-wedding-photography-northern-ireland-wedding-photographer-scrabo-golf-course-newtownards-wedding-photography-188_500.webp,,,,,,,,,,,getting ready|bride|mirror portrait|wedding dress|bridal prep|soft window light|happy bride|romantic mood|indoor portrait|scrabo golf course,MKB001391
Shandon Hotel,couple portraits,mkb-weddings-mkb-photography-northern-ireland-wedding-photography-shandon-hotel-marble-hill-donegal-wedding-photography-394_500.webp,,,,,,,,,,,couple portraits|bride and groom|beach portrait|cheek kiss|romantic|natural light|soft light|coastal wedding|wedding dress|groom suit|embrace|shandon hotel,MKB001392
Shandon Hotel,couple portraits,mkb-weddings-mkb-photography-northern-ireland-wedding-photography-shandon-hotel-marble-hill-donegal-wedding-photography-400_500.webp,,,,,,,,,,,shandon hotel|couple portraits|beach portraits|bride and groom|holding hands|coastal wedding|natural light|cloudy sky|joyful|romantic|wedding dress|bouquet,MKB001393
Shandon Hotel,couple portraits,mkb-weddings-mkb-photography-northern-ireland-wedding-photography-shandon-hotel-marble-hill-donegal-wedding-photography-404_500.webp,,,,,,,,,,,beach wedding|couple portraits|bride and groom|wedding kiss|coastal portrait|dramatic clouds|natural light|romantic|windy veil|bridal bouquet|donegal wedding|shandon hotel,MKB001394
Shandon Hotel,couple portraits,mkb-weddings-mkb-photography-northern-ireland-wedding-photography-shandon-hotel-marble-hill-donegal-wedding-photography-415_500.webp,,,,,,,,,,,couple portraits|bride and groom|beach wedding|dunes|sunny light|romantic|outdoor portraits|wedding dress|bridal bouquet|shandon hotel|donegal wedding|joyful,MKB001395
Shandon Hotel,couple portraits,mkb-weddings-mkb-photography-northern-ireland-wedding-photography-shandon-hotel-marble-hill-donegal-wedding-photography-423_500.webp,,,,,,,,,,,shandon hotel|couple portraits|bride and groom|outdoor portraits|sand dunes|natural light|romantic|soft light|bridal veil|wedding bouquet|newlyweds|donegal wedding,MKB001396
Shandon Hotel,details and decor,mkb-weddings-mkb-photography-northern-ireland-wedding-photography-shandon-hotel-marble-hill-donegal-wedding-photography-103_500.webp,,,,,,,,,,,wedding details|flat lay|bridal perfume|wedding rings|invitation suite|bridal bouquet|floral decor|soft light|romantic mood|detail styling|shandon hotel|wedding morning,MKB001397
Shandon Hotel,details and decor,mkb-weddings-mkb-photography-northern-ireland-wedding-photography-shandon-hotel-marble-hill-donegal-wedding-photography-104_500.webp,,,,,,,,,,,wedding dress|bridal gown|dress detail|window light|black and white|dramatic light|bridal details|wedding decor|morning prep|elegant|shandon hotel|donegal wedding,MKB001398
Shandon Hotel,getting ready,mkb-weddings-mkb-photography-northern-ireland-wedding-photography-shandon-hotel-marble-hill-donegal-wedding-photography-141_500.webp,,,,,,,,,,,getting ready|bride|mother of bride|bridal pajamas|garden portrait|outdoor wedding|spring flowers|golden light|candid moment|joyful|morning preparations|shandon hotel,MKB001399
Shandon Hotel,getting ready,mkb-weddings-mkb-photography-northern-ireland-wedding-photography-shandon-hotel-marble-hill-donegal-wedding-photography-154_500.webp,,,,,,,,,,,shandon hotel|getting ready|bride|bridal prep|earrings|wedding dress|mirror reflection|soft light|happy|candid|morning preparations|donegal wedding,MKB001400
Shandon Hotel,getting ready,mkb-weddings-mkb-photography-northern-ireland-wedding-photography-shandon-hotel-marble-hill-donegal-wedding-photography-164_500.webp,,,,,,,,,,,getting ready|bride|father of bride|first look|emotional hug|staircase|indoor|natural light|black and white|veil|tender moment|wedding morning,MKB001401
Shandon Hotel,reception and party,mkb-weddings-mkb-photography-northern-ireland-wedding-photography-shandon-hotel-marble-hill-donegal-wedding-photography-515_500.webp,,,,,,,,,,,shandon hotel|wedding reception|speeches|bride reaction|bridesmaid speech|top table|fairy lights|emotional moment|laughter|indoor reception|soft lighting|donegal wedding,MKB001402
Slieve donard hotel,ceremony,mkb-weddings-mkb-photography-northern-ireland-wedding-photography-slieve-donard-hotel-newcastle-wedding-photography-19_500.webp,,,,,,,,,,,ceremony|church ceremony|bride and groom|officiant|wedding vows|holding hands|wedding guests|aisle view|natural light|emotional moment|formal wedding|northern ireland wedding,MKB001403
Slieve donard hotel,ceremony,mkb-weddings-mkb-photography-northern-ireland-wedding-photography-slieve-donard-hotel-newcastle-wedding-photography-21-1_500.webp,,,,,,,,,,,ceremony|bride and groom|wedding guests|baby foreground|candid moment|church ceremony|natural light|joyful mood|documentary style|indoor wedding|slieve donard hotel,MKB001404
Slieve donard hotel,ceremony,mkb-weddings-mkb-photography-northern-ireland-wedding-photography-slieve-donard-hotel-newcastle-wedding-photography-48_500.webp,,,,,,,,,,,ceremony|bride and groom|wedding vows|ring exchange|church ceremony|natural light|joyful|romantic|wedding guests|aisle moment|northern ireland wedding|slieve donard hotel,MKB001405
Slieve donard hotel,ceremony,mkb-weddings-mkb-photography-northern-ireland-wedding-photography-slieve-donard-hotel-newcastle-wedding-photography-50-1_500.webp,,,,,,,,,,,ceremony|bride and groom|rainy wedding|umbrella|wedding car|bridal bouquet|outdoor arrival|soft natural light|romantic|candid moment|wedding veil|slieve donard hotel,MKB001406
Slieve donard hotel,ceremony,mkb-weddings-mkb-photography-northern-ireland-wedding-photography-slieve-donard-hotel-newcastle-wedding-photography-59_500.webp,,,,,,,,,,,ceremony|ring exchange|wedding rings|bride and groom|hands closeup|indoor ceremony|soft light|intimate moment|emotional|bridal details|pearl bracelet|slieve donard hotel,MKB001407
Slieve donard hotel,ceremony,mkb-weddings-mkb-photography-northern-ireland-wedding-photography-slieve-donard-hotel-newcastle-wedding-photography-69_500.webp,,,,,,,,,,,ceremony|church wedding|first kiss|bride and groom|officiant|wedding guests|indoor ceremony|natural light|joyful moment|romantic|aisle view|northern ireland wedding,MKB001408
Slieve donard hotel,ceremony,mkb-weddings-mkb-photography-northern-ireland-wedding-photography-slieve-donard-hotel-newcastle-wedding-photography-9_500.webp,,,,,,,,,,,ceremony|church ceremony|first kiss|bride and groom|wedding guests|indoor|natural light|joyful|romantic|aisle|floral decor|northern ireland wedding,MKB001409
Slieve donard hotel,ceremony,MKB-weddings-Northern-ireland-wedding-photography-northern-ireland-wedding-photographer-slieve-donard-hotel-newcastle-wedding-photography-259_500.webp,,,,,,,,,,,ceremony|aisle walk|bride entrance|bride and father|groom waiting|indoor ceremony|wedding guests|natural light|emotional moment|classic wedding|floral decor|slieve donard hotel,MKB001410
Slieve donard hotel,couple portraits,mkb-weddings-mkb-photography-northern-ireland-wedding-photography-slieve-donard-hotel-newcastle-wedding-photography-12-1_500.webp,,,,,,,,,,,couple portraits|bride and groom|outdoor portrait|golden hour|mountain backdrop|romantic|intimate moment|soft light|wedding day|slieve donard hotel|newcastle wedding|northern ireland wedding,MKB001411
Slieve donard hotel,couple portraits,MKB-weddings-mkb-photography-northern-ireland-wedding-photographer-slieve-donard-hotel-newcastle-wedding-photography2_500.webp,creative-flash,,,,Y,2,Y,3,,,couple portraits|bride and groom|beach wedding|coastal portraits|ocean backdrop|sunset light|romantic|relaxed|wedding bouquet|slieve donard hotel|newcastle wedding|northern ireland wedding,MKB001412
Slieve donard hotel,couple portraits,MKB-weddings-mkb-photography-northern-ireland-wedding-photographer-slieve-donard-hotel-newcastle-wedding-photography3_500.webp,creative-flash,,,,,,,,,,couple portraits|bride and groom|beach wedding|mountain backdrop|sunset light|backlit|dramatic sky|romantic|wedding portraits|coastal scenery|golden hour|slieve donard hotel,MKB001413
Slieve donard hotel,couple portraits,mkb-weddings-mkb-photography-northern-ireland-wedding-photography-slieve-donard-hotel-newcastle-wedding-photography-10_500.webp,,,,,,,,,,,couple portraits|bride and groom|golden hour|sunset light|romantic|outdoor portraits|mountain backdrop|wedding day|intimate moment|slieve donard hotel|newcastle wedding|northern ireland,MKB001414
Slieve donard hotel,couple portraits,mkb-weddings-mkb-photography-northern-ireland-wedding-photography-slieve-donard-hotel-newcastle-wedding-photography-101_500.webp,,,,,,,,,,,couple portrait|bride and groom|beach wedding|ocean backdrop|romantic|natural light|soft overcast|wedding bouquet|kiss on forehead|coastal portrait|elegant attire|slieve donard hotel,MKB001415
Slieve donard hotel,couple portraits,mkb-weddings-mkb-photography-northern-ireland-wedding-photography-slieve-donard-hotel-newcastle-wedding-photography-102_500.webp,creative-flash,,,,,,,,,,couple portrait|bride and groom|beach wedding|stormy sky|dramatic light|romantic mood|ocean backdrop|wedding bouquet|holding hands|coastal portrait|slieve donard hotel|wedding portraits,MKB001416
Slieve donard hotel,couple portraits,mkb-weddings-mkb-photography-northern-ireland-wedding-photography-slieve-donard-hotel-newcastle-wedding-photography-109_500.webp,,,,,,,,,,,couple portraits|bride and groom|slieve donard hotel|hotel exterior|red brick backdrop|wedding bouquet|veil|natural light|romantic|elegant|outdoor portraits|newcastle wedding,MKB001417
Slieve donard hotel,couple portraits,mkb-weddings-mkb-photography-northern-ireland-wedding-photography-slieve-donard-hotel-newcastle-wedding-photography-11_500.webp,,,,,,,,,,,couple portraits|bride and groom|outdoor portraits|golden hour|backlit|romantic|intimate moment|mountain backdrop|hotel grounds|wedding dress|groom waistcoat|slieve donard hotel,MKB001418
Slieve donard hotel,couple portraits,mkb-weddings-mkb-photography-northern-ireland-wedding-photography-slieve-donard-hotel-newcastle-wedding-photography-111_500.webp,,,,,,,,,,,couple portrait|bride and groom|indoor portrait|fireplace|warm lighting|evening reception|relaxed mood|wedding drinks|hotel wedding|slieve donard hotel|romantic portrait|northern ireland wedding,MKB001419
Slieve donard hotel,couple portraits,mkb-weddings-mkb-photography-northern-ireland-wedding-photography-slieve-donard-hotel-newcastle-wedding-photography-112_500.webp,creative-flash,,,,,,,,,,couple portrait|bride and groom|hotel balcony|slieve donard hotel|chandelier|warm lighting|dramatic mood|indoor portrait|elegant venue|romantic|wedding portraits,MKB001420
Slieve donard hotel,couple portraits,mkb-weddings-mkb-photography-northern-ireland-wedding-photography-slieve-donard-hotel-newcastle-wedding-photography-3-1_500.webp,,,,,,,,,,,couple portraits|bride and groom|seaside wedding|rainbow|dramatic sky|natural light|romantic|holding hands|wedding portraits|coastal backdrop|slieve donard hotel|newcastle wedding,MKB001421
Slieve donard hotel,couple portraits,mkb-weddings-mkb-photography-northern-ireland-wedding-photography-slieve-donard-hotel-newcastle-wedding-photography-4_500.webp,creative-flash,,,,Y,1,Y,1,,,couple portrait|bride and groom|holding hands|seaside|rainbow|stormy sky|dramatic light|romantic|coastal wedding|wedding portraits|northern ireland|slieve donard hotel,MKB001422
Slieve donard hotel,couple portraits,mkb-weddings-mkb-photography-northern-ireland-wedding-photography-slieve-donard-hotel-newcastle-wedding-photography-41_500.webp,,,,,,,,,,,couple portraits|bride and groom|arch doorway|hotel wedding|slieve donard hotel|stone architecture|soft flash|romantic|elegant|wedding portraits|newcastle wedding|northern ireland wedding,MKB001423
Slieve donard hotel,couple portraits,mkb-weddings-mkb-photography-northern-ireland-wedding-photography-slieve-donard-hotel-newcastle-wedding-photography-43_500.webp,,,,,,,,,,,couple portrait|bride and groom|wedding portrait|hotel wedding|slieve donard hotel|doorway portrait|soft light|romantic mood|bridal bouquet|smiling couple|elegant wedding|northern ireland wedding,MKB001424
Slieve donard hotel,couple portraits,mkb-weddings-mkb-photography-northern-ireland-wedding-photography-slieve-donard-hotel-newcastle-wedding-photography-45_500.webp,,,,,,,,,,,couple portrait|bride and groom|slieve donard hotel|indoor portrait|soft window light|romantic|intimate moment|wedding bouquet|elegant wedding|dark backdrop|newcastle wedding|wedding portraits,MKB001425
Slieve donard hotel,couple portraits,mkb-weddings-mkb-photography-northern-ireland-wedding-photography-slieve-donard-hotel-newcastle-wedding-photography-5-2_500.webp,,,,,,,,,,,couple portraits|bride and groom|beach|rainbow|dramatic sky|stormy light|romantic|holding hands|wedding portraits|coastal wedding|golden light|slieve donard hotel,MKB001426
Slieve donard hotel,couple portraits,mkb-weddings-mkb-photography-northern-ireland-wedding-photography-slieve-donard-hotel-newcastle-wedding-photography-55_500.webp,,,,,,,,,,,couple portraits|bride and groom|wedding car|vintage car|black and white|candid moment|romantic|joyful|natural light|rainy window|slieve donard hotel|newcastle wedding,MKB001427
Slieve donard hotel,couple portraits,mkb-weddings-mkb-photography-northern-ireland-wedding-photography-slieve-donard-hotel-newcastle-wedding-photography-6-1_500.webp,,,,,,,,,,,couple portraits|bride and groom|slieve donard hotel|newcastle wedding|seafront|rainbow|dramatic sky|natural light|romantic|holding hands|wedding portraits|coastal wedding,MKB001428
Slieve donard hotel,couple portraits,mkb-weddings-mkb-photography-northern-ireland-wedding-photography-slieve-donard-hotel-newcastle-wedding-photography-7_500.webp,,,,,,,,,,,couple portrait|bride and groom|wedding kiss|rainbow|seaside|dramatic sky|natural light|romantic|beachfront|slieve donard hotel|newcastle wedding|northern ireland,MKB001429
Slieve donard hotel,couple portraits,mkb-weddings-mkb-photography-northern-ireland-wedding-photography-slieve-donard-hotel-newcastle-wedding-photography-8_500.webp,,,,,,,,,,,couple portraits|bride and groom|golden hour|mountain backdrop|outdoor portraits|romantic kiss|sunset light|wedding portraits|golf course|slieve donard hotel|elegant|romantic,MKB001430
Slieve donard hotel,couple portraits,mkb-weddings-mkb-photography-northern-ireland-wedding-photography-slieve-donard-hotel-newcastle-wedding-photography-88_500.webp,,,,,,,,,,,bride portrait|bridal bouquet|strapless dress|coastal backdrop|mountain view|soft light|romantic|elegant|outdoor portrait|wedding day|slieve donard hotel|couple portraits,MKB001431
Slieve donard hotel,couple portraits,mkb-weddings-mkb-photography-northern-ireland-wedding-photography-slieve-donard-hotel-newcastle-wedding-photography-9-1_500.webp,,,,,,,,,,,couple portraits|bride and groom|golden hour|sunset portraits|mountain backdrop|outdoor wedding|romantic|wedding dress|groom suit|slieve donard hotel|newcastle wedding|scenic landscape,MKB001432
Slieve donard hotel,couple portraits,mkb-weddings-mkb-photography-northern-ireland-wedding-photography-slieve-donard-hotel-newcastle-wedding-photography-93_500.webp,,,,,,,,,,,couple portraits|bride and groom|mountain backdrop|dramatic sky|black and white|outdoor portrait|moody lighting|romantic mood|wedding portraits|slieve donard hotel|northern ireland wedding|stormy clouds,MKB001433
Slieve donard hotel,couple portraits,mkb-weddings-mkb-photography-northern-ireland-wedding-photography-slieve-donard-hotel-newcastle-wedding-photography-94_500.webp,creative-flash,,,,,,,,,,couple portraits|bride and groom|outdoor portrait|mountain backdrop|dramatic sky|soft light|romantic mood|wedding kiss|bridal bouquet|slieve donard hotel|northern ireland wedding|scenic landscape,MKB001434
Slieve donard hotel,couple portraits,mkb-weddings-mkb-photography-northern-ireland-wedding-photography-slieve-donard-hotel-newcastle-wedding-photography-97_500.webp,,,,,,,,,,,couple portraits|bride and groom|beach portraits|coastal wedding|ocean backdrop|overcast light|romantic|intimate moment|wedding bouquet|slieve donard hotel|newcastle wedding|northern ireland wedding,MKB001435
Slieve donard hotel,couple portraits,MKB-weddings-Northern-ireland-wedding-photography-northern-ireland-wedding-photographer-slieve-donard-hotel-newcastle-wedding-photography-155_500.webp,,,,,,,,,,,couple portraits|bride and groom|outdoor wedding|mountain backdrop|slieve donard hotel|overcast light|romantic mood|wedding bouquet|veil|northern ireland wedding|winter landscape|newlyweds,MKB001436
Slieve donard hotel,couple portraits,MKB-weddings-Northern-ireland-wedding-photography-northern-ireland-wedding-photographer-slieve-donard-hotel-newcastle-wedding-photography-158_500.webp,,,,,,,,,,,couple portrait|bride and groom|outdoor portraits|garden setting|wedding bouquet|soft light|romantic|joyful|wedding dress|black tie|veil|newlyweds,MKB001437
Slieve donard hotel,couple portraits,MKB-weddings-Northern-ireland-wedding-photography-northern-ireland-wedding-photographer-slieve-donard-hotel-newcastle-wedding-photography-167_500.webp,creative-flash,,,,,,,,,,couple portraits|bride and groom|wedding kiss|flowing veil|black and white|dramatic sky|outdoor portrait|romantic mood|soft light|mountain backdrop|slieve donard hotel|northern ireland wedding,MKB001438
Slieve donard hotel,couple portraits,MKB-weddings-Northern-ireland-wedding-photography-northern-ireland-wedding-photographer-slieve-donard-hotel-newcastle-wedding-photography-179_500.webp,,,,,,,,,,,couple portraits|bride and groom|outdoor wedding|slieve donard hotel|dramatic sky|moody clouds|golden hour|romantic|wedding dress|bridal bouquet|lawn portraits|northern ireland wedding,MKB001439
Slieve donard hotel,couple portraits,MKB-weddings-Northern-ireland-wedding-photography-northern-ireland-wedding-photographer-slieve-donard-hotel-newcastle-wedding-photography-191_500.webp,,,,,Y,4,,,,,couple portraits|bride and groom|seaside wedding|coastal portrait|overcast light|romantic|kiss|wedding dress|black tie groom|veil|slieve donard hotel|newcastle wedding,MKB001440
Slieve donard hotel,couple portraits,MKB-weddings-Northern-ireland-wedding-photography-northern-ireland-wedding-photographer-slieve-donard-hotel-newcastle-wedding-photography-192_500.webp,,,,,,,,,,,couple portrait|bride and groom|outdoor wedding|mountain backdrop|soft light|romantic|wedding bouquet|bridal veil|black tie|newlyweds|slieve donard hotel|wedding portraits,MKB001441
Slieve donard hotel,couple portraits,MKB-weddings-Northern-ireland-wedding-photography-northern-ireland-wedding-photographer-slieve-donard-hotel-newcastle-wedding-photography-198_500.webp,,,,,,,,,,,couple portrait|bride and groom|wedding kiss|mountain backdrop|outdoor portraits|natural light|romantic|veil|bridal bouquet|misty landscape|slieve donard hotel|northern ireland wedding,MKB001442
Slieve donard hotel,couple portraits,MKB-weddings-Northern-ireland-wedding-photography-northern-ireland-wedding-photographer-slieve-donard-hotel-newcastle-wedding-photography-202_500.webp,,,,,,,,,,,couple portraits|bride and groom|wedding kiss|outdoor portrait|slieve donard hotel|romantic|soft light|veil|bridal bouquet|christmas wedding|hotel exterior|northern ireland wedding,MKB001443
Slieve donard hotel,couple portraits,MKB-weddings-Northern-ireland-wedding-photography-northern-ireland-wedding-photographer-slieve-donard-hotel-newcastle-wedding-photography-219_500.webp,,,,,,,,,,,slieve donard hotel|couple portraits|bride and groom|christmas tree|indoor portraits|soft lighting|festive wedding|joyful|elegant attire|wedding day|romantic portrait|winter wedding,MKB001444
Slieve donard hotel,couple portraits,MKB-weddings-Northern-ireland-wedding-photography-northern-ireland-wedding-photographer-slieve-donard-hotel-newcastle-wedding-photography-274_500.webp,creative-flash,,,,,,,,,,couple portraits|bride and groom|indoor portrait|slieve donard hotel|black and white|dramatic lighting|romantic mood|hotel lobby|wedding dress|groom suit|evening portrait|artistic wedding,MKB001445
Slieve donard hotel,couple portraits,MKB-weddings-Northern-ireland-wedding-photography-northern-ireland-wedding-photographer-slieve-donard-hotel-newcastle-wedding-photography-277_500.webp,,,,,,,,,,,couple portraits|bride and groom|wedding kiss|indoor portrait|hotel lobby|christmas wedding|warm lighting|romantic|festive decor|slieve donard hotel|northern ireland wedding|elegant wedding,MKB001446
Slieve donard hotel,couple portraits,MKB-weddings-Northern-ireland-wedding-photography-northern-ireland-wedding-photographer-slieve-donard-hotel-newcastle-wedding-photography-366_500.webp,,,,,Y,5,Y,6,,,slieve donard hotel|couple portraits|bride and groom|wedding kiss|hotel exterior|romantic|soft light|outdoor portraits|veil|historic building|northern ireland wedding|intimate moment,MKB001447
Slieve donard hotel,couple portraits,MKB-weddings-Northern-ireland-wedding-photography-northern-ireland-wedding-photographer-slieve-donard-hotel-newcastle-wedding-photography-367_500.webp,creative-flash,,,,Y,3,Y,1,,,couple portrait|bride and groom|balcony|chandelier|warm lighting|indoor portrait|romantic mood|hotel wedding|slieve donard hotel|elegant decor|wedding portraits|evening ambiance,MKB001448
Slieve donard hotel,details and decor,mkb-weddings-mkb-photography-northern-ireland-wedding-photography-slieve-donard-hotel-newcastle-wedding-photography-120_500.webp,,,,,,,,,,,slieve donard hotel|wedding decor|reception details|mr and mrs sign|floral arrangement|chandelier|window light|backlit|moody atmosphere|romantic decor|table flowers|wedding details,MKB001449
Slieve donard hotel,details and decor,mkb-weddings-mkb-photography-northern-ireland-wedding-photography-slieve-donard-hotel-newcastle-wedding-photography-13-1_500.webp,,,,,,,,,,,wedding rings|bridal hand|groom waistcoat|couple embrace|close up|wedding details|romantic moment|soft indoor light|intimate portrait|pearl bracelet|slieve donard hotel|wedding decor,MKB001450
Slieve donard hotel,details and decor,mkb-weddings-mkb-photography-northern-ireland-wedding-photography-slieve-donard-hotel-newcastle-wedding-photography-175_500.webp,,,,,,,,,,,slieve donard hotel|wedding reception|table decor|floral centerpiece|place settings|wedding details|reception styling|soft lighting|romantic decor|elegant dining|pastel flowers|wedding breakfast,MKB001451
Slieve donard hotel,details and decor,mkb-weddings-mkb-photography-northern-ireland-wedding-photography-slieve-donard-hotel-newcastle-wedding-photography-176_500.webp,,,,,,,,,,,wedding decor|table setting|menu card|floral arrangement|reception details|slieve donard hotel|soft light|elegant mood|place setting|wedding breakfast|white decor|detail photo,MKB001452
Slieve donard hotel,family and bridal party,MKB-weddings-mkb-photography-northern-ireland-wedding-photographer-slieve-donard-hotel-newcastle-wedding-photography4_500.webp,,,,,,,,,,,slieve donard hotel|bridal party|family portraits|outdoor wedding|mountain backdrop|black and white|candid walking|windy veil|overcast light|joyful mood|wedding portraits|newcastle wedding,MKB001453
Slieve donard hotel,family and bridal party,mkb-weddings-mkb-photography-northern-ireland-wedding-photography-slieve-donard-hotel-newcastle-wedding-photography-26-1_500.webp,,,,,,,,,,,slieve donard hotel|bride|bridesmaids|bridal party|green dresses|bouquets|getting ready|indoor portrait|soft light|joyful|wedding morning|family and bridal party,MKB001454
Slieve donard hotel,family and bridal party,MKB-weddings-Northern-ireland-wedding-photography-northern-ireland-wedding-photographer-slieve-donard-hotel-newcastle-wedding-photography-129_500.webp,,,,,,,,,,,groomsmen|bridal party|black tie|tuxedos|blue backdrop|outdoor portraits|natural light|laughter|candid moment|wedding party|fun mood|slieve donard hotel,MKB001455
Slieve donard hotel,getting ready,mkb-weddings-mkb-photography-northern-ireland-wedding-photography-slieve-donard-hotel-newcastle-wedding-photography-12_500.webp,,,,,,,,,,,getting ready|groom prep|groom details|wristwatch|cuff adjustment|wedding suit|close up|natural light|elegant|morning preparations|slieve donard hotel,MKB001456
Slieve donard hotel,getting ready,mkb-weddings-mkb-photography-northern-ireland-wedding-photography-slieve-donard-hotel-newcastle-wedding-photography-13_500.webp,,,,,,,,,,,getting ready|bridal details|wedding shoes|bridal bouquet|wedding jewellery|ring box|flat lay|natural light|elegant|romantic|morning preparations|slieve donard hotel,MKB001457
Slieve donard hotel,getting ready,mkb-weddings-mkb-photography-northern-ireland-wedding-photography-slieve-donard-hotel-newcastle-wedding-photography-14_500.webp,,,,,,,,,,,bridal details|wedding shoes|pearl heels|wedding rings|bridal jewellery|bouquet|getting ready|detail flatlay|soft light|elegant|romantic|slieve donard hotel,MKB001458
Slieve donard hotel,getting ready,mkb-weddings-mkb-photography-northern-ireland-wedding-photography-slieve-donard-hotel-newcastle-wedding-photography-14-1_500.webp,,,,,,,,,,,getting ready|bridal shoes|bride details|wedding morning|black and white|soft light|bridal accessories|wedding dress|intimate moment|elegant|slieve donard hotel,MKB001459
Slieve donard hotel,getting ready,mkb-weddings-mkb-photography-northern-ireland-wedding-photography-slieve-donard-hotel-newcastle-wedding-photography-15_500.webp,,,,,,,,,,,getting ready|bride|wedding dress|mirror portrait|bridal prep|soft light|elegant|happy mood|hotel room|slieve donard hotel|newcastle wedding|northern ireland wedding,MKB001460
Slieve donard hotel,getting ready,mkb-weddings-mkb-photography-northern-ireland-wedding-photography-slieve-donard-hotel-newcastle-wedding-photography-17_500.webp,,,,,,,,,,,getting ready|bride|wedding dress|mirror portrait|bridal gown|hotel room|natural light|elegant|joyful|dress reveal|slieve donard hotel|newcastle wedding,MKB001461
Slieve donard hotel,getting ready,mkb-weddings-mkb-photography-northern-ireland-wedding-photography-slieve-donard-hotel-newcastle-wedding-photography-22_500.webp,,,,,,,,,,,getting ready|groom party|groomsmen|formal portrait|black suits|boutonnieres|indoor|warm lighting|classic decor|posed portrait|pre ceremony|slieve donard hotel,MKB001462
Slieve donard hotel,getting ready,mkb-weddings-mkb-photography-northern-ireland-wedding-photography-slieve-donard-hotel-newcastle-wedding-photography-26_500.webp,,,,,,,,,,,getting ready|bridal prep|bride|makeup|mirror shot|soft light|candid|calm mood|wedding morning|slieve donard hotel,MKB001463
Slieve donard hotel,getting ready,mkb-weddings-mkb-photography-northern-ireland-wedding-photography-slieve-donard-hotel-newcastle-wedding-photography-29_500.webp,,,,,,,,,,,getting ready|bride|bridal prep|mirror reflection|earrings|wedding morning|hotel room|soft light|happy bride|candid moment|slieve donard hotel|newcastle wedding,MKB001464
Slieve donard hotel,getting ready,mkb-weddings-mkb-photography-northern-ireland-wedding-photography-slieve-donard-hotel-newcastle-wedding-photography-3_500.webp,,,,,,,,,,,getting ready|wedding dress|bridal details|bridesmaid dresses|veil|dress hanging|hotel room|soft light|elegant|calm mood|morning prep|slieve donard hotel,MKB001465
Slieve donard hotel,getting ready,mkb-weddings-mkb-photography-northern-ireland-wedding-photography-slieve-donard-hotel-newcastle-wedding-photography-35_500.webp,,,,,,,,,,,getting ready|bride|bridesmaid|bridal prep|photo album|satin pajamas|hotel room|window light|candid laughter|morning moments|slieve donard hotel|newcastle wedding,MKB001466
Slieve donard hotel,getting ready,mkb-weddings-mkb-photography-northern-ireland-wedding-photography-slieve-donard-hotel-newcastle-wedding-photography-5_500.webp,,,,,,,,,,,getting ready|groom prep|watch detail|suit detail|hands|window light|candid|calm mood|wedding morning|slieve donard hotel,MKB001467
Slieve donard hotel,getting ready,mkb-weddings-mkb-photography-northern-ireland-wedding-photography-slieve-donard-hotel-newcastle-wedding-photography-5-1_500.webp,,,,,,,,,,,bridal prep|getting ready|bride|mirror portrait|wedding dress|strapless gown|hotel room|soft light|calm mood|elegant|wedding morning|slieve donard hotel,MKB001468
Slieve donard hotel,getting ready,mkb-weddings-mkb-photography-northern-ireland-wedding-photography-slieve-donard-hotel-newcastle-wedding-photography-50_500.webp,,,,,,,,,,,getting ready|bride|wedding transport|umbrella|rainy wedding|black and white|candid|emotional|outdoor|arrival moment|slieve donard hotel|northern ireland wedding,MKB001469
Slieve donard hotel,getting ready,mkb-weddings-mkb-photography-northern-ireland-wedding-photography-slieve-donard-hotel-newcastle-wedding-photography-53_500.webp,,,,,,,,,,,getting ready|bridal slippers|bride|bridal party|champagne toast|black and white|candid moment|morning prep|hotel room|joyful mood|slieve donard hotel|wedding details,MKB001470
Slieve donard hotel,getting ready,mkb-weddings-mkb-photography-northern-ireland-wedding-photography-slieve-donard-hotel-newcastle-wedding-photography-53-1_500.webp,,,,,,,,,,,getting ready|bride|bridesmaids|sage dresses|bouquets|indoor portrait|soft flash|happy mood|bridal party|posed photo|slieve donard hotel|wedding morning,MKB001471
Slieve donard hotel,getting ready,mkb-weddings-mkb-photography-northern-ireland-wedding-photography-slieve-donard-hotel-newcastle-wedding-photography-6_500.webp,,,,,,,,,,,groom prep|getting ready|tie adjustment|groom portrait|window light|hotel room|slieve donard hotel|calm moment|wedding morning|formalwear|natural light|northern ireland wedding,MKB001472
Slieve donard hotel,getting ready,MKB-weddings-Northern-ireland-wedding-photography-northern-ireland-wedding-photographer-slieve-donard-hotel-newcastle-wedding-photography-100_500.webp,,,,,,,,,,,wedding dress|bridal gown|getting ready|dress details|slieve donard hotel|soft light|quiet moment|bridal prep|lace dress|hanging dress,MKB001473
Slieve donard hotel,getting ready,MKB-weddings-Northern-ireland-wedding-photography-northern-ireland-wedding-photographer-slieve-donard-hotel-newcastle-wedding-photography-106_500.webp,,,,,,,,,,,getting ready|bridal prep|bride|makeup artist|wedding makeup|hotel room|window light|natural light|calm moment|slieve donard hotel|newcastle wedding|northern ireland wedding,MKB001474
Slieve donard hotel,getting ready,MKB-weddings-Northern-ireland-wedding-photography-northern-ireland-wedding-photographer-slieve-donard-hotel-newcastle-wedding-photography-113_500.webp,,,,,,,,,,,wedding rings|ring detail|wedding stationery|getting ready|slieve donard hotel|wedding details|soft light|romantic|bridal prep|flat lay|northern ireland wedding,MKB001475
Slieve donard hotel,getting ready,MKB-weddings-Northern-ireland-wedding-photography-northern-ireland-wedding-photographer-slieve-donard-hotel-newcastle-wedding-photography-114_500.webp,,,,,,,,,,,getting ready|bridal details|wedding shoes|perfume|bridal jewellery|flat lay|soft light|elegant|romantic|morning preparations|slieve donard hotel|newcastle wedding,MKB001476
Slieve donard hotel,getting ready,MKB-weddings-Northern-ireland-wedding-photography-northern-ireland-wedding-photographer-slieve-donard-hotel-newcastle-wedding-photography-123_500.webp,,,,,,,,,,,getting ready|groom details|groomsmen gifts|wedding keepsakes|wooden boxes|detail shot|soft natural light|calm mood|wedding morning|slieve donard hotel,MKB001477
Slieve donard hotel,getting ready,MKB-weddings-Northern-ireland-wedding-photography-northern-ireland-wedding-photographer-slieve-donard-hotel-newcastle-wedding-photography-149_500.webp,,,,,,,,,,,getting ready|bride|bridesmaids|bridal party|pajamas|hotel room|natural light|candid|joyful|morning prep|slieve donard hotel|wedding day,MKB001478
Slieve donard hotel,getting ready,MKB-weddings-Northern-ireland-wedding-photography-northern-ireland-wedding-photographer-slieve-donard-hotel-newcastle-wedding-photography-170_500.webp,,,,,,,,,,,getting ready|wedding dress|bridesmaid dresses|bridal details|dress hanging|indoor|brick wall|soft light|elegant|calm|slieve donard hotel|morning prep,MKB001479
Slieve donard hotel,getting ready,MKB-weddings-Northern-ireland-wedding-photography-northern-ireland-wedding-photographer-slieve-donard-hotel-newcastle-wedding-photography-187_500.webp,,,,,,,,,,,getting ready|bride|bridal portrait|wedding dress|veil|mirror reflection|soft light|joyful|hotel room|bridal prep|elegant|slieve donard hotel,MKB001480
Slieve donard hotel,reception and party,MKB-weddings-mkb-photography-northern-ireland-wedding-photographer-slieve-donard-hotel-newcastle-wedding-photography1_500.webp,,,,,,,,,,,reception|bride entrance|wedding guests|indoor wedding|black and white|dramatic light|candid moment|emotional|wedding dress|floral decor|hotel wedding|slieve donard hotel,MKB001481
Slieve donard hotel,reception and party,mkb-weddings-mkb-photography-northern-ireland-wedding-photography-slieve-donard-hotel-newcastle-wedding-photography-149_500.webp,,,,,,,,,,,reception|party|wedding guests|bar|drinks|cocktails|laughing|candid|warm lighting|celebration|fun moment|slieve donard hotel,MKB001482
Slieve donard hotel,reception and party,mkb-weddings-mkb-photography-northern-ireland-wedding-photography-slieve-donard-hotel-newcastle-wedding-photography-161_500.webp,,,,,,,,,,,wedding reception|group photo|wedding guests|bride and groom|indoor reception|chandelier lighting|formal attire|party atmosphere|hotel wedding|slieve donard hotel|evening celebration|wide angle,MKB001483
Slieve donard hotel,reception and party,mkb-weddings-mkb-photography-northern-ireland-wedding-photography-slieve-donard-hotel-newcastle-wedding-photography-17-1_500.webp,,,,,,,,,,,cake cutting|wedding cake|bride and groom|reception|party|indoor|natural light|happy moment|slieve donard hotel|newcastle wedding|northern ireland wedding|romantic,MKB001484
Slieve donard hotel,reception and party,mkb-weddings-mkb-photography-northern-ireland-wedding-photography-slieve-donard-hotel-newcastle-wedding-photography-183_500.webp,,,,,,,,,,,reception|wedding speech|bride and groom|indoor reception|soft light|candid moment|guest speaker|joyful mood|top table|slieve donard hotel|party|northern ireland wedding,MKB001485
Slieve donard hotel,reception and party,mkb-weddings-mkb-photography-northern-ireland-wedding-photography-slieve-donard-hotel-newcastle-wedding-photography-190_500.webp,,,,,,,,,,,reception|wedding speech|groom speech|bride and groom|top table|floral decor|chandelier|natural light|elegant|joyful|slieve donard hotel|party,MKB001486
Slieve donard hotel,reception and party,mkb-weddings-mkb-photography-northern-ireland-wedding-photography-slieve-donard-hotel-newcastle-wedding-photography-193_500.webp,,,,,,,,,,,reception|wedding speech|groom speech|wedding guests|banquet room|natural light|candlelight|elegant decor|attentive guests|celebration|slieve donard hotel|northern ireland wedding,MKB001487
Slieve donard hotel,reception and party,mkb-weddings-mkb-photography-northern-ireland-wedding-photography-slieve-donard-hotel-newcastle-wedding-photography-198_500.webp,,,,,,,,,,,slieve donard hotel|wedding reception|groom speech|top table|bride and groom|toast|floral decor|candlelight|natural light|elegant reception|joyful moment|northern ireland wedding,MKB001488
Slieve donard hotel,reception and party,mkb-weddings-mkb-photography-northern-ireland-wedding-photography-slieve-donard-hotel-newcastle-wedding-photography-200_500.webp,,,,,,,,,,,reception|wedding speech|guest speaker|seated guests|bride reaction|candid moment|indoor reception|soft light|emotional|documentary|slieve donard hotel|northern ireland wedding,MKB001489
Slieve donard hotel,reception and party,mkb-weddings-mkb-photography-northern-ireland-wedding-photography-slieve-donard-hotel-newcastle-wedding-photography-205_500.webp,,,,,,,,,,,slieve donard hotel|wedding reception|wedding speeches|speech reaction|guest laughter|emotional moment|black and white|candid photography|reception table|indoor reception|documentary wedding|party atmosphere,MKB001490
Slieve donard hotel,reception and party,mkb-weddings-mkb-photography-northern-ireland-wedding-photography-slieve-donard-hotel-newcastle-wedding-photography-21_500.webp,,,,,,,,,,,reception|groom party|groomsmen|formalwear|hotel interior|slieve donard hotel|chandelier|warm lighting|elegant decor|walking portrait|celebration|northern ireland wedding,MKB001491
Slieve donard hotel,reception and party,mkb-weddings-mkb-photography-northern-ireland-wedding-photography-slieve-donard-hotel-newcastle-wedding-photography-211_500.webp,,,,,,,,,,,reception|wedding speeches|groom speech|bride and groom|microphone|natural light|elegant reception|laughter|joyful moment|hotel wedding|slieve donard hotel|northern ireland wedding,MKB001492
Slieve donard hotel,reception and party,mkb-weddings-mkb-photography-northern-ireland-wedding-photography-slieve-donard-hotel-newcastle-wedding-photography-214_500.webp,,,,,,,,,,,reception|wedding speech|best man speech|groom reaction|bride and groom|laughter|candid moment|indoor reception|natural light|joyful mood|slieve donard hotel|party,MKB001493
Slieve donard hotel,reception and party,mkb-weddings-mkb-photography-northern-ireland-wedding-photography-slieve-donard-hotel-newcastle-wedding-photography-215_500.webp,,,,,,,,,,,slieve donard hotel|wedding reception|wedding speech|best man speech|guest reactions|banquet room|chandelier|black and white|candid moment|emotional|evening party|northern ireland wedding,MKB001494
Slieve donard hotel,reception and party,mkb-weddings-mkb-photography-northern-ireland-wedding-photography-slieve-donard-hotel-newcastle-wedding-photography-33_500.webp,,,,,,,,,,,church ceremony|aisle kiss|bride and groom|wedding recessional|guests applauding|indoor light|joyful moment|romantic|pew decorations|candid wedding,MKB001495
Slieve donard hotel,reception and party,mkb-weddings-mkb-photography-northern-ireland-wedding-photography-slieve-donard-hotel-newcastle-wedding-photography-34_500.webp,,,,,,,,,,,reception|party|dance floor|bride and groom|guests cheering|high five|indoor|ambient light|celebration|joyful|wedding reception|slieve donard hotel,MKB001496
Slieve donard hotel,reception and party,mkb-weddings-mkb-photography-northern-ireland-wedding-photography-slieve-donard-hotel-newcastle-wedding-photography-36_500.webp,,,,,,,,,,,reception|first dance|bride and groom|dance floor|wedding guests|black and white|backlit|romantic|celebration|evening party|hotel wedding|slieve donard hotel,MKB001497
Slieve donard hotel,reception and party,mkb-weddings-mkb-photography-northern-ireland-wedding-photography-slieve-donard-hotel-newcastle-wedding-photography-38_500.webp,,,,,,,,,,,reception|first dance|bride and groom|wedding guests|ballroom|chandelier|black and white|evening light|romantic|celebration|slieve donard hotel|northern ireland wedding,MKB001498
Slieve donard hotel,reception and party,mkb-weddings-mkb-photography-northern-ireland-wedding-photography-slieve-donard-hotel-newcastle-wedding-photography-39_500.webp,,,,,,,,,,,first dance|wedding reception|bride and groom|dance floor|evening party|warm lighting|romantic moment|joyful guests|celebration|slieve donard hotel|indoor wedding|confetti,MKB001499
Slieve donard hotel,reception and party,mkb-weddings-mkb-photography-northern-ireland-wedding-photography-slieve-donard-hotel-newcastle-wedding-photography-44_500.webp,,,,,,,,,,,reception|party|dance floor|bride dancing|groom dancing|wedding guests|black and white|flash lighting|joyful|candid|evening celebration|slieve donard hotel,MKB001500
Slieve donard hotel,reception and party,mkb-weddings-mkb-photography-northern-ireland-wedding-photography-slieve-donard-hotel-newcastle-wedding-photography-81_500.webp,,,,,,,,,,,slieve donard hotel|wedding reception|dance floor|party guests|celebration|indoor reception|flash lighting|candid moment|joyful mood|evening party|cheering guests|wedding drinks,MKB001501
Slieve donard hotel,reception and party,mkb-weddings-mkb-photography-northern-ireland-wedding-photography-slieve-donard-hotel-newcastle-wedding-photography-83_500.webp,,,,,,,,,,,reception|party|wedding guests|dance floor|candid|laughing|drinks|black and white|indoor lighting|joyful|celebration|slieve donard hotel,MKB001502
Slieve donard hotel,reception and party,MKB-weddings-Northern-ireland-wedding-photography-northern-ireland-wedding-photographer-slieve-donard-hotel-newcastle-wedding-photography-280_500.webp,,,,,,,,,,,reception|party|bride and groom|wedding entrance|dance floor|guests cheering|joyful|indoor|evening light|celebration|slieve donard hotel|wedding reception,MKB001503
Slieve donard hotel,reception and party,MKB-weddings-Northern-ireland-wedding-photography-northern-ireland-wedding-photographer-slieve-donard-hotel-newcastle-wedding-photography-291_500.webp,,,,,,,,,,,reception|wedding speeches|top table|groom speech|guest speaker|banquet room|white draping|bright light|joyful mood|wedding party|slieve donard hotel|northern ireland wedding,MKB001504
Slieve donard hotel,reception and party,MKB-weddings-Northern-ireland-wedding-photography-northern-ireland-wedding-photographer-slieve-donard-hotel-newcastle-wedding-photography-355_500.webp,,,,,,,,,,,reception|wedding speeches|top table|guests laughing|candid moment|joyful|fairy lights|white drapes|indoor reception|formal attire|slieve donard hotel|party,MKB001505
Slieve donard hotel,reception and party,MKB-weddings-Northern-ireland-wedding-photography-northern-ireland-wedding-photographer-slieve-donard-hotel-newcastle-wedding-photography-375_500.webp,,,,,,,,,,,wedding reception|speeches|best man speech|top table|bride and groom|laughing bride|indoor wedding|soft lighting|joyful moments|wedding party|slieve donard hotel|northern ireland wedding,MKB001506
Slieve donard hotel,reception and party,MKB-weddings-Northern-ireland-wedding-photography-northern-ireland-wedding-photographer-slieve-donard-hotel-newcastle-wedding-photography-408_500.webp,,,,,,,,,,,fireworks|night portrait|bride and groom|wedding reception|celebration|romantic|back view|evening light|outdoor|party|slieve donard hotel|newcastle wedding,MKB001507
Slieve donard hotel,reception and party,MKB-weddings-Northern-ireland-wedding-photography-northern-ireland-wedding-photographer-slieve-donard-hotel-newcastle-wedding-photography-440_500.webp,,,,,,,,,,,wedding reception|dance floor|bride and groom|guest celebration|evening party|flash lighting|uplighting|joyful mood|reception dancing|party moment|hotel wedding|northern ireland wedding,MKB001508
Slieve donard hotel,reception and party,MKB-weddings-Northern-ireland-wedding-photography-northern-ireland-wedding-photographer-slieve-donard-hotel-newcastle-wedding-photography-452_500.webp,,,,,,,,,,,reception|party|first dance|bride and groom|dance floor|wedding guests|evening lighting|joyful|celebration|romantic|slieve donard hotel|northern ireland wedding,MKB001509
Slieve Russell,ceremony,mkb-weddings-mkb-photography-ireland-northern-ireland-wedding-photographer-slieve-russell-wedding-photography-308_500.webp,,,,,,,,,,,slieve russell|ceremony|bride and groom|indoor ceremony|black and white|candid moment|low light|romantic mood|emotional|wedding vows|documentary style|intimate,MKB001510
Slieve Russell,couple portraits,mkb-weddings-mkb-photography-ireland-northern-ireland-wedding-photographer-slieve-russell-wedding-photography-353_500.webp,creative-flash,,,,,,,,,,slieve russell|couple portraits|bride and groom|sunset|golden hour|outdoor portraits|romantic|wedding dress|bridal bouquet|dramatic sky|evening light|wedding portraits,MKB001511
Slieve Russell,couple portraits,mkb-weddings-mkb-photography-ireland-northern-ireland-wedding-photographer-slieve-russell-wedding-photography-358_500.webp,,,,,,,,,,,slieve russell|couple portraits|bride and groom|outdoor portrait|golden hour|sunset light|romantic|intimate moment|wedding day|embrace|garden setting|elegant style,MKB001512
Slieve Russell,couple portraits,mkb-weddings-mkb-photography-ireland-northern-ireland-wedding-photographer-slieve-russell-wedding-photography-367_500.webp,,,,,,,,,,,slieve russell|couple portraits|bride and groom|sunset|golden hour|backlit|outdoor|walking|romantic|lawn|wedding portraits|evening light,MKB001513
Slieve Russell,couple portraits,mkb-weddings-mkb-photography-ireland-northern-ireland-wedding-photographer-slieve-russell-wedding-photography-371_500.webp,,,,,,,,,,,slieve russell|couple portraits|bride and groom|outdoor wedding|garden portraits|golden hour|romantic|holding hands|wedding bouquet|elegant style|sunset light|wedding portraits,MKB001514
Slieve Russell,couple portraits,mkb-weddings-mkb-photography-ireland-northern-ireland-wedding-photographer-slieve-russell-wedding-photography-381_500.webp,,,,,,,,,,,slieve russell|couple portraits|bride and groom|outdoor portrait|golden hour|romantic|wedding bouquet|candid moment|intimate|wedding day,MKB001515
Slieve Russell,couple portraits,mkb-weddings-mkb-photography-ireland-northern-ireland-wedding-photographer-slieve-russell-wedding-photography-390_500.webp,,,,,,,,,,,couple portraits|bride and groom|sunset|golden hour|silhouette|outdoor portrait|romantic|dramatic sky|wedding day|slieve russell|landscape|intimate moment,MKB001516
Slieve Russell,couple portraits,mkb-weddings-mkb-photography-ireland-northern-ireland-wedding-photographer-slieve-russell-wedding-photography-392_500.webp,,,,,,,,,,,slieve russell|couple portraits|bride and groom|sunset|silhouette|lakeside|golden hour|romantic|veil|holding hands|wedding portraits|outdoor,MKB001517
Slieve Russell,couple portraits,mkb-weddings-mkb-photography-ireland-northern-ireland-wedding-photographer-slieve-russell-wedding-photography-394_500.webp,creative-flash,,,,,,,,,,slieve russell|couple portraits|bride and groom|sunset|lakeside|golden hour|romantic|outdoor portraits|wedding dress|groom suit|evening light|wedding portraits,MKB001518
Slieve Russell,couple portraits,mkb-weddings-mkb-photography-ireland-northern-ireland-wedding-photographer-slieve-russell-wedding-photography-395_500.webp,,,,,,,,,,,slieve russell|couple portraits|bride and groom|sunset light|lakeside|romantic|candid smile|close embrace|wedding portrait|golden hour,MKB001519
Slieve Russell,couple portraits,MKB-weddings-mkb-photography-northern-ireland-wedding-photographer-slieve-russell-wedding-photography2_500.webp,,,,,,,,,,,slieve russell|couple portraits|bride and groom|wedding portrait|stone arch|wooden door|outdoor wedding|natural light|romantic|elegant|bridal bouquet|rustic backdrop,MKB001520
Slieve Russell,couple portraits,MKB-weddings-mkb-photography-northern-ireland-wedding-photographer-slieve-russell-wedding-photography3_500.webp,creative-flash,,,,,,,,,,slieve russell|couple portraits|bride and groom|garden portrait|outdoor wedding|natural light|romantic|intimate moment|autumn foliage|wedding bouquet|classic wedding|soft mood,MKB001521
Slieve Russell,couple portraits,MKB-weddings-mkb-photography-northern-ireland-wedding-photographer-slieve-russell-wedding-photography4_500.webp,creative-flash,,,,,,,,,,slieve russell|couple portrait|bride and groom|outdoor wedding|brick archway|greenery|soft light|romantic|wedding bouquet|black tie|intimate moment|wedding portraits,MKB001522
Slieve Russell,couple portraits,MKB-weddings-mkb-photography-northern-ireland-wedding-photographer-slieve-russell-wedding-photography5_500.webp,,,,,,,,,,,slieve russell|couple portraits|bride and groom|outdoor portrait|autumn colours|soft light|romantic|happy couple|wedding bouquet|garden setting|wedding day|elegant wedding,MKB001523
Slieve Russell,couple portraits,MKB-weddings-mkb-photography-northern-ireland-wedding-photographer-slieve-russell-wedding-photography6_500.webp,,,,,,,,,,,slieve russell|couple portrait|bride and groom|autumn foliage|outdoor portrait|romantic|soft light|wedding bouquet|garden setting|natural framing|elegant|wedding day,MKB001524
Slieve Russell,couple portraits,MKB-weddings-mkb-photography-northern-ireland-wedding-photographer-slieve-russell-wedding-photography7_500.webp,,,,,,,,,,,slieve russell|couple portraits|bride and groom|autumn foliage|outdoor portrait|soft light|romantic|elegant wedding|bridal bouquet|black tie groom|wedding dress|wedding day portraits,MKB001525
Slieve Russell,family and bridal party,MKB-weddings-mkb-photography-northern-ireland-wedding-photographer-slieve-russell-wedding-photography1_500.webp,,,,,,,,,,,slieve russell|bridal party|wedding party|bride|groomsmen|bridesmaids|outdoor portraits|fountain|autumn wedding|formal attire|natural light|joyful,MKB001526
Slieve Russell,getting ready,mkb-weddings-mkb-photography-ireland-northern-ireland-wedding-photographer-slieve-russell-wedding-photography-113_500.webp,,,,,,,,,,,getting ready|wedding morning|bride|bridal prep|hammock|pajamas|orange juice|window light|relaxed|candid|slieve russell|indoor,MKB001527
Slieve Russell,getting ready,mkb-weddings-mkb-photography-ireland-northern-ireland-wedding-photographer-slieve-russell-wedding-photography-131_500.webp,,,,,,,,,,,getting ready|bridesmaids|matching pyjamas|champagne toast|bridal party|christmas wedding|indoor|warm lighting|joyful|candid moment|slieve russell|wedding morning,MKB001528
Slieve Russell,getting ready,mkb-weddings-mkb-photography-ireland-northern-ireland-wedding-photographer-slieve-russell-wedding-photography-145_500.webp,,,,,,,,,,,slieve russell|getting ready|bride|bridal robe|veil|window light|warm light|quiet moment|bridal portrait|indoor portrait|wedding morning,MKB001529
Slieve Russell,getting ready,MKB-weddings-mkb-photography-northern-ireland-wedding-photographer-slieve-russell-wedding-photography8_500.webp,,,,,,,,,,,slieve russell|getting ready|bride|veil|family reveal|parents|hallway|staircase|black and white|emotional|window light|wedding morning,MKB001530
Slieve Russell,getting ready,MKB-weddings-mkb-photography-northern-ireland-wedding-photographer-slieve-russell-wedding-photography9_500.webp,,,,,,,,,,,getting ready|bride|bridesmaids|bridal party|wedding morning|pajamas|gift opening|candid|natural light|happy moments|indoor|slieve russell,MKB001531
Slieve Russell,reception and party,mkb-weddings-mkb-photography-ireland-northern-ireland-wedding-photographer-slieve-russell-wedding-photography-463_500.webp,,,,,,,,,,,slieve russell|wedding reception|party props|guest portrait|funny sign|indoor scene|spotlight|playful mood|candid moment|wedding entertainment|evening party,MKB001532
Slieve Russell,reception and party,mkb-weddings-mkb-photography-ireland-northern-ireland-wedding-photographer-slieve-russell-wedding-photography-515_500.webp,,,,,,,,,,,slieve russell|wedding reception|speech|groom speech|top table|wedding guests|bride|floral decor|indoor lighting|candid moment|celebration|evening reception,MKB001533
Slieve Russell,reception and party,mkb-weddings-mkb-photography-ireland-northern-ireland-wedding-photographer-slieve-russell-wedding-photography-573_500.webp,,,,,,,,,,,slieve russell|wedding reception|dance floor|bride and groom|wedding guests|party dancing|warm lighting|candid moment|joyful mood|evening celebration|reception party|irish wedding,MKB001534
Stormont,ceremony,MKB-weddings-mkb-photography-northern-ireland-wedding-photographer-stormont-belfast-wedding-photography3_500.webp,,,,,,,,,,,stormont|ceremony|bride and groom|holding hands|wedding vows|indoor ceremony|grand hall|guests|soft light|romantic|formal|belfast wedding,MKB001535
Stormont,ceremony,MKB-weddings-mkb-photography-northern-ireland-wedding-photographer-stormont-belfast-wedding-photography4_500.webp,,,,,,,,,,,stormont|ceremony|bride entrance|aisle walk|bride and escort|wedding guests|indoor ceremony|grand hall|black and white|natural light|emotional moment|classic wedding,MKB001536
Stormont,ceremony,mkb-weddings-stormont-hotel-wedding-photographer--145_500.webp,,,,,,,,,,,stormont wedding|ceremony|bride and groom|wedding guests|officiant|indoor ceremony|aisle moment|father of bride|soft lighting|emotional|formal|documentary,MKB001537
Stormont,ceremony,mkb-weddings-stormont-hotel-wedding-photographer--176_500.webp,,,,,,,,,,,stormont wedding|ceremony|bride|bridesmaids|emotional moment|happy tears|wedding guests|bouquet|indoor ceremony|natural light|candid|joyful,MKB001538
Stormont,ceremony,mkb-weddings-stormont-hotel-wedding-photographer--182_500.webp,,,,,,,,,,,ceremony|ring exchange|wedding rings|bride|groom|hands closeup|indoor ceremony|soft light|romantic|emotional moment|stormont wedding,MKB001539
Stormont,ceremony,mkb-weddings-stormont-hotel-wedding-photographer--189_500.webp,,,,,,,,,,,stormont wedding|ceremony|first kiss|bride and groom|indoor ceremony|wedding guests|bridal party|applause|romantic|joyful|soft light|aisle moment,MKB001540
Stormont,ceremony,mkb-weddings-stormont-hotel-wedding-photographer--209_500.webp,,,,,,,,,,,stormont|ceremony|first kiss|bride and groom|wedding arch|guests applauding|indoor ceremony|soft light|romantic|joyful|floral decor|wedding vows,MKB001541
Stormont,ceremony,mkb-weddings-stormont-hotel-wedding-photographer--215_500.webp,,,,,,,,,,,stormont|ceremony|aisle exit|bride and groom|guests cheering|bouquet raised|black and white|indoor ceremony|joyful|candid|celebration|natural light,MKB001542
Stormont,ceremony,mkb-weddings-stormont-hotel-wedding-photographer--230_500.webp,,,,,,,,,,,stormont|ceremony|bride and groom|wedding guests|indoor ceremony|natural light|emotional moment|formal wedding|vows|guest reactions|wedding party|documentary photography,MKB001543
Stormont,ceremony,mkb-weddings-stormont-hotel-wedding-photographer--232_500.webp,,,,,,,,,,,stormont wedding|indoor ceremony|group photo|bride and groom|wedding guests|family celebration|waving guests|natural light|joyful mood|wedding party|cake cutting area|ceremony celebration,MKB001544
Stormont,ceremony,mkb-weddings-stormont-hotel-wedding-photographer--233_500.webp,,,,,,,,,,,stormont|ceremony|family portrait|bride|children|dog|outdoor|natural light|joyful|wedding day|formalwear|candid pose,MKB001545
Stormont,couple portraits,MKB-weddings-mkb-photography-northern-ireland-wedding-photographer-stormont-belfast-wedding-photography2_500.webp,creative-flash,,,,,,,,,,stormont|couple portraits|bride and groom|balcony|chandelier|indoor portraits|black and white|dramatic lighting|romantic|elegant|wedding day|candid moment,MKB001546
Stormont,couple portraits,mkb-weddings-mkb-photography-northern-ireland-wedding-photography-stormont-hotel-belfast-wedding-photography--3_500.webp,,,,,,,,,,,stormont|couple portraits|bride and groom|outdoor portraits|autumn leaves|golden light|romantic|intimate moment|wedding bouquet|veil|garden setting|belfast wedding,MKB001547
Stormont,couple portraits,mkb-weddings-mkb-photography-northern-ireland-wedding-photography-stormont-hotel-belfast-wedding-photography--4_500.webp,,,,,,,,,,,stormont|couple portraits|bride and groom|veil portrait|backlit|golden hour|romantic|intimate|autumn|wedding bouquet|close up|wedding portraits,MKB001548
Stormont,couple portraits,mkb-weddings-mkb-photography-northern-ireland-wedding-photography-stormont-hotel-belfast-wedding-photography--5_500.webp,,,,,,,,,,,stormont|couple portraits|bride and groom|veil portrait|close up|soft light|romantic|intimate moment|wedding portraits|belfast wedding,MKB001549
Stormont,couple portraits,mkb-weddings-mkb-photography-northern-ireland-wedding-photography-stormont-hotel-belfast-wedding-photography--6_500.webp,creative-flash,,,,,,,,,,stormont|couple portraits|bride and groom|outdoor portraits|autumn leaves|tree canopy|dappled light|romantic|intimate moment|wedding kiss|garden setting|belfast wedding,MKB001550
Stormont,couple portraits,mkb-weddings-mkb-photography-northern-ireland-wedding-photography-stormont-hotel-belfast-wedding-photography--7_500.webp,,,,,,,,,,,stormont|couple portrait|bride and groom|tree lined path|autumn wedding|natural light|romantic|walking together|outdoor portraits|wedding bouquet|candid moment|belfast wedding,MKB001551
Stormont,couple portraits,mkb-weddings-mkb-photography-northern-ireland-wedding-photography-stormont-hotel-belfast-wedding-photography--8_500.webp,,,,,,,,,,,stormont|couple portraits|bride and groom|outdoor portraits|wedding day|holding hands|sunlit|romantic|elegant|stone gate|autumn wedding|classic style,MKB001552
Stormont,couple portraits,mkb-weddings-stormont-hotel-wedding-photographer--238_500.webp,,,,,,,,,,,stormont|couple portraits|bride and groom|wedding dress|grey suit|flowing veil|outdoor portraits|natural light|romantic|elegant|wedding day|posed portrait,MKB001553
Stormont,couple portraits,mkb-weddings-stormont-hotel-wedding-photographer--241_500.webp,,,,,,,,,,,stormont|couple portraits|bride and groom|cheek kiss|outdoor portraits|natural light|romantic|joyful|wedding dress|grey suit|newlyweds|wedding day,MKB001554
Stormont,couple portraits,mkb-weddings-stormont-hotel-wedding-photographer--264_500.webp,,,,,,,,,,,stormont wedding|couple portraits|bride and groom|staircase portrait|indoor wedding|soft light|romantic|elegant|bridal bouquet|wedding dress|formal portraits|wedding day,MKB001555
Stormont,couple portraits,mkb-weddings-stormont-hotel-wedding-photographer--280_500.webp,,,,,,,,,,,stormont|couple portraits|bride and groom|walking|tree lined path|autumn|golden light|candid|romantic|outdoor portraits|wedding day|veil,MKB001556
Stormont,couple portraits,mkb-weddings-stormont-hotel-wedding-photographer--282_500.webp,,,,,,,,,,,stormont|couple portraits|bride and groom|autumn leaves|garden path|golden light|romantic|outdoor portraits|wedding dress|bridal bouquet|intimate moment|natural light,MKB001557
Stormont,couple portraits,mkb-weddings-stormont-hotel-wedding-photographer--283_500.webp,,,,,,,,,,,stormont wedding|couple portraits|bride and groom|outdoor portrait|autumn foliage|golden hour|romantic|intimate moment|wedding kiss|tree lined path|soft light|bridal bouquet,MKB001558
Stormont,couple portraits,mkb-weddings-stormont-hotel-wedding-photographer--284_500.webp,,,,,,,,,,,stormont|couple portraits|bride and groom|autumn foliage|tree lined path|natural light|dappled sunlight|romantic|candid pose|wedding portraits|bridal bouquet|outdoor wedding,MKB001559
Stormont,couple portraits,mkb-weddings-stormont-hotel-wedding-photographer--287_500.webp,,,,,,,,,,,stormont|couple portraits|bride and groom|outdoor portraits|autumn wedding|golden hour|romantic|candid moment|wedding bouquet|veil|warm light|natural setting,MKB001560
Stormont,couple portraits,mkb-weddings-stormont-hotel-wedding-photographer--289_500.webp,,,,,,,,,,,stormont|couple portraits|bride and groom|outdoor portraits|autumn trees|golden light|romantic|wedding bouquet|veil|sunlit garden|newlyweds|wedding day,MKB001561
Stormont,couple portraits,mkb-weddings-stormont-hotel-wedding-photographer--291_500.webp,,,,,,,,,,,stormont|couple portraits|bride and groom|outdoor portraits|autumn trees|golden light|romantic|wedding dress|grey suit|bridal bouquet|natural light|newlyweds,MKB001562
Stormont,couple portraits,mkb-weddings-stormont-hotel-wedding-photographer--292_500.webp,,,,,,,,,,,stormont|couple portraits|bride and groom|wedding kiss|outdoor portraits|golden hour|autumn light|romantic|intimate moment|wedding veil|bridal bouquet|natural light,MKB001563
Stormont,couple portraits,mkb-weddings-stormont-hotel-wedding-photographer--293_500.webp,,,,,,,,,,,stormont|couple portraits|bride and groom|outdoor portraits|golden hour|autumn trees|romantic|joyful|laughing couple|wedding bouquet|veil|natural light,MKB001564
Stormont,couple portraits,mkb-weddings-stormont-hotel-wedding-photographer--295_500.webp,,,,,,,,,,,stormont wedding|couple portraits|bride and groom|veil portrait|golden hour|backlit|romantic|intimate moment|outdoor portraits|wedding bouquet|soft light|autumn tones,MKB001565
Stormont,couple portraits,mkb-weddings-stormont-hotel-wedding-photographer--297_500.webp,,,,,,,,,,,stormont|couple portraits|bride and groom|veil portrait|close up|romantic|intimate moment|soft light|wedding day|newlyweds,MKB001566
Stormont,couple portraits,mkb-weddings-stormont-hotel-wedding-photographer--298_500.webp,,,,,,,,,,,stormont|couple portraits|bride and groom|veil portrait|close up|golden light|romantic|intimate|outdoor|wedding portraits|soft light|newlyweds,MKB001567
Stormont,couple portraits,mkb-weddings-stormont-hotel-wedding-photographer--303_500.webp,,,,,,,,,,,stormont|couple portrait|bride and groom|autumn trees|golden hour|backlit|romantic|intimate|outdoor portrait|wedding dress|groom suit|newlyweds,MKB001568
Stormont,couple portraits,mkb-weddings-stormont-hotel-wedding-photographer--304_500.webp,,,,,,,,,,,stormont|couple portraits|bride and groom|outdoor portrait|tree canopy|autumn leaves|dappled light|romantic|natural light|wedding day|garden setting|intimate moment,MKB001569
Stormont,couple portraits,mkb-weddings-stormont-hotel-wedding-photographer--307_500.webp,,,,,,,,,,,stormont|couple portraits|bride and groom|outdoor portraits|tree lined path|autumn leaves|golden light|romantic|walking together|wedding portraits|natural light|relaxed mood,MKB001570
Stormont,couple portraits,mkb-weddings-stormont-hotel-wedding-photographer--311_500.webp,,,,,,,,,,,stormont|couple portraits|bride and groom|wedding portrait|holding hands|outdoor wedding|dramatic light|romantic mood|stone gate|bridal bouquet|elegant wedding|candid moment,MKB001571
Stormont,couple portraits,mkb-weddings-stormont-hotel-wedding-photographer--313_500.webp,,,,,,,,,,,stormont|couple portrait|bride and groom|night portrait|dramatic lighting|backlit|rainy wedding|wet pavement|romantic mood|gate backdrop|evening wedding|creative portrait,MKB001572
Stormont,couple portraits,mkb-weddings-stormont-hotel-wedding-photographer--314_500.webp,,,,,,,,,,,stormont|couple portraits|bride and groom|night portrait|rainy wedding|wet pavement|reflection|dramatic lighting|romantic mood|wedding portraits|outdoor portrait|backlit,MKB001573
Stormont,details and decor,MKB-weddings-mkb-photography-northern-ireland-wedding-photographer-stormont-belfast-wedding-photography5_500.webp,,,,,,,,,,,stormont|exterior|wedding car|vintage campervan|grand architecture|columns|overcast light|elegant|arrival|no people|wedding details|belfast wedding,MKB001574
Stormont,details and decor,mkb-weddings-stormont-hotel-wedding-photographer--2_500.webp,,,,,,,,,,,stormont wedding|wedding dress|bridesmaid dresses|dress details|bridal details|getting ready|wedding decor|hanging dresses|soft light|romantic mood|indoor scene|wedding morning,MKB001575
Stormont,details and decor,mkb-weddings-stormont-hotel-wedding-photographer--277_500.webp,,,,,,,,,,,bridal bouquet|wedding flowers|pink roses|floral details|bouquet charm|bride details|soft light|romantic|pastel decor|wedding details|stormont wedding,MKB001576
Stormont,details and decor,mkb-weddings-stormont-hotel-wedding-photographer--316_500.webp,,,,,,,,,,,stormont wedding|table decor|table number|wedding details|reception decor|floral accents|candlelight|soft light|romantic mood|place setting|wedding reception,MKB001577
Stormont,details and decor,mkb-weddings-stormont-hotel-wedding-photographer--317_500.webp,,,,,,,,,,,stormont wedding|floral centerpiece|wedding decor|reception table|pink roses|table flowers|soft light|romantic mood|details|no people|elegant decor|wedding reception,MKB001578
Stormont,details and decor,mkb-weddings-stormont-hotel-wedding-photographer--6_500.webp,,,,,,,,,,,bridal details|wedding flatlay|wedding shoes|wedding invitation|bridal bouquet|perfume bottle|bridal jewellery|floral details|soft light|romantic mood|getting ready|stormont wedding,MKB001579
Stormont,details and decor,mkb-weddings-stormont-hotel-wedding-photographer--7_500.webp,,,,,,,,,,,wedding rings|engagement ring|wedding stationery|invitation suite|bridal details|detail flatlay|soft light|romantic mood|wedding morning|decor details|stormont wedding,MKB001580
Stormont,details and decor,mkb-weddings-stormont-hotel-wedding-photographer--88_500.webp,,,,,,,,,,,stormont wedding|bridal prep|wedding dress|lace details|dress buttons|bride|getting ready|black and white|soft light|intimate moment|elegant details|wedding morning,MKB001581
Stormont,details and decor,mkb-weddings-stormont-hotel-wedding-photographer--90_500.webp,,,,,,,,,,,wedding dress|lace details|bridal prep|buttoning dress|bride hands|close up|soft light|romantic|delicate details|getting ready|stormont wedding,MKB001582
Stormont,family and bridal party,mkb-weddings-mkb-photography-northern-ireland-wedding-photography-stormont-hotel-belfast-wedding-photography--2_500.webp,,,,,,,,,,,stormont wedding|family portraits|bride and children|wedding party|dog at wedding|outdoor portraits|natural light|joyful mood|candid moment|belfast wedding|bridal family|summer wedding,MKB001583
Stormont,family and bridal party,mkb-weddings-stormont-hotel-wedding-photographer--344_500.webp,,,,,,,,,,,stormont wedding|bridal party|bride and groom|bridesmaids|groomsmen|indoor portrait|soft window light|celebration|joyful|wedding kiss|bouquets|family and bridal party,MKB001584
Stormont,family and bridal party,mkb-weddings-stormont-hotel-wedding-photographer--348_500.webp,,,,,,,,,,,stormont wedding|bridal party|bride and groom|bridesmaids|indoor portraits|soft window light|lilac dresses|wedding bouquets|happy moments|family and bridal party|group portrait|wedding day,MKB001585
Stormont,getting ready,MKB-weddings-mkb-photography-northern-ireland-wedding-photographer-stormont-belfast-wedding-photography7_500.webp,,,,,,,,,,,bridal shoes|wedding details|getting ready|bride prep|soft light|romantic mood|wooden floor|wedding heels|bridal accessories|stormont wedding,MKB001586
Stormont,getting ready,mkb-weddings-mkb-photography-northern-ireland-wedding-photography-stormont-hotel-belfast-wedding-photography--1_500.webp,,,,,,,,,,,stormont|getting ready|bridal details|wedding shoes|bouquet|wedding invitation|perfume|flat lay|soft light|romantic|elegant|wedding morning,MKB001587
Stormont,getting ready,mkb-weddings-stormont-hotel-wedding-photographer--104_500.webp,,,,,,,,,,,stormont wedding|getting ready|bridal prep|bride|family hug|emotional moment|joyful|natural light|hotel room|wedding dress|candid|indoor,MKB001588
Stormont,getting ready,mkb-weddings-stormont-hotel-wedding-photographer--114_500.webp,,,,,,,,,,,stormont wedding|getting ready|bride and groom|first look|holding hands|hotel corridor|natural light|romantic|anticipation|wedding dress|groom suit|bridal bouquet,MKB001589
Stormont,getting ready,mkb-weddings-stormont-hotel-wedding-photographer--22_500.webp,,,,,,,,,,,stormont|getting ready|bridal prep|bride|hair styling|mirror reflection|silk robe|morning preparations|soft light|calm mood|wedding morning|candid,MKB001590
Stormont,getting ready,mkb-weddings-stormont-hotel-wedding-photographer--26_500.webp,,,,,,,,,,,getting ready|bridesmaids|hotel room|stormont|satin pajamas|candid moment|natural light|window light|fun|relaxed|bridal party|pre ceremony,MKB001591
Stormont,getting ready,mkb-weddings-stormont-hotel-wedding-photographer--34_500.webp,,,,,,,,,,,stormont wedding|getting ready|bridal prep|bride|mirror reflection|makeup|wedding morning|soft light|calm mood|hotel room|bridal pyjamas|candid moment,MKB001592
Stormont,getting ready,mkb-weddings-stormont-hotel-wedding-photographer--37_500.webp,,,,,,,,,,,getting ready|stormont wedding|bride prep|bridal robe|mirror moment|candid|black and white|indoor|soft light|bridesmaid help|calm mood|wedding morning,MKB001593
Stormont,getting ready,mkb-weddings-stormont-hotel-wedding-photographer--47_500.webp,,,,,,,,,,,stormont|getting ready|bride|bridesmaids|bridal party|champagne toast|matching robes|morning prep|indoor|natural light|joyful|wedding morning,MKB001594
Stormont,getting ready,mkb-weddings-stormont-hotel-wedding-photographer--50_500.webp,,,,,,,,,,,stormont|getting ready|bridesmaids|champagne toast|bridal prep|robes|morning light|celebration|joyful|overhead shot|wedding morning|details,MKB001595
Stormont,getting ready,mkb-weddings-stormont-hotel-wedding-photographer--51_500.webp,,,,,,,,,,,getting ready|champagne toast|bridesmaids|bridal party|wedding morning|black and white|overhead shot|natural light|celebration|candid moment|robes and slippers|stormont wedding,MKB001596
Stormont,getting ready,mkb-weddings-stormont-hotel-wedding-photographer--60_500.webp,,,,,,,,,,,groom prep|getting ready|buttonhole|grey suit|window light|natural light|smiling groom|wedding morning|groomswear|candid portrait|stormont wedding,MKB001597
Stormont,getting ready,mkb-weddings-stormont-hotel-wedding-photographer--62_500.webp,,,,,,,,,,,stormont|getting ready|groom details|buttonhole|grey suit|wedding attire|floral boutonniere|soft light|elegant|romantic|close up|wedding morning,MKB001598
Stormont,getting ready,mkb-weddings-stormont-hotel-wedding-photographer--64_500.webp,,,,,,,,,,,stormont|getting ready|groom details|wristwatch|suit|menswear|close up|natural light|wedding accessories|morning prep|elegant|classic,MKB001599
Stormont,getting ready,mkb-weddings-stormont-hotel-wedding-photographer--65_500.webp,,,,,,,,,,,stormont|getting ready|groom portrait|groom|grey suit|buttonhole|window light|indoor|calm|elegant|wedding morning|formalwear,MKB001600
Stormont,getting ready,mkb-weddings-stormont-hotel-wedding-photographer--73_500.webp,,,,,,,,,,,stormont|getting ready|groom|groomsmen|buttonhole|boutonniere|suits|indoor|natural light|candid|pre ceremony|wedding prep,MKB001601
Stormont,getting ready,mkb-weddings-stormont-hotel-wedding-photographer--77_500.webp,,,,,,,,,,,stormont wedding|groomsmen|page boys|wedding party|outdoor walkway|natural light|candid moment|relaxed mood|getting ready|groom prep|suits|arrival,MKB001602
Stormont,getting ready,mkb-weddings-stormont-hotel-wedding-photographer--93_500.webp,,,,,,,,,,,stormont|getting ready|bride|bridal portrait|wedding dress|window light|natural light|soft light|calm mood|elegant|indoor|morning prep,MKB001603
Stormont,getting ready,mkb-weddings-stormont-hotel-wedding-photographer--95_500.webp,,,,,,,,,,,stormont|getting ready|bride|bridal portrait|wedding dress|lace gown|bridal bouquet|window light|hotel room|elegant|romantic|pre ceremony,MKB001604
Stormont,getting ready,mkb-weddings-stormont-hotel-wedding-photographer--99_500.webp,,,,,,,,,,,stormont|getting ready|bridal perfume|bride details|hands|manicure|soft light|elegant|romantic|morning prep|wedding details|close up,MKB001605
Stormont,reception and party,MKB-weddings-mkb-photography-northern-ireland-wedding-photographer-stormont-belfast-wedding-photography1_500.webp,,,,,,,,,,,stormont|reception|first dance|bride and groom|wedding guests|grand hall|chandelier light|dramatic lighting|backlit|romantic|evening party|dance floor,MKB001606
Stormont,reception and party,mkb-weddings-stormont-hotel-wedding-photographer--366_500.webp,,,,,,,,,,,stormont wedding|reception entrance|bride and groom|wedding guests|indoor reception|cheering guests|candid moment|bright lighting|celebration|party atmosphere|newlyweds|wedding reception,MKB001607
Stormont,reception and party,mkb-weddings-stormont-hotel-wedding-photographer--368_500.webp,,,,,,,,,,,stormont|reception entrance|bride and groom|wedding guests|indoor reception|warm lighting|joyful|celebration|applause|wedding party|candid moment|party atmosphere,MKB001608
Stormont,reception and party,mkb-weddings-stormont-hotel-wedding-photographer--371_500.webp,,,,,,,,,,,wedding reception|bridesmaids|guest portraits|table setting|indoor reception|soft window light|happy mood|lavender dresses|group photo|party atmosphere|stormont wedding|candid smiles,MKB001609
Stormont,reception and party,mkb-weddings-stormont-hotel-wedding-photographer--380_500.webp,,,,,,,,,,,stormont|reception|top table|wedding speeches|groom speech|bride and groom|wedding party|children|soft light|joyful|floral decor|candid,MKB001610
Stormont,reception and party,mkb-weddings-stormont-hotel-wedding-photographer--389_500.webp,,,,,,,,,,,stormont|reception|wedding speeches|top table|bridal party|bride|groom|microphone|bright light|joyful|floral decor|candid moment,MKB001611
Stormont,reception and party,mkb-weddings-stormont-hotel-wedding-photographer--434_500.webp,,,,,,,,,,,stormont wedding|reception|first dance|bride and groom|dance floor|wedding guests|evening party|warm lighting|romantic moment|joyful atmosphere|indoor celebration|wedding reception,MKB001612
Stormont,reception and party,mkb-weddings-stormont-hotel-wedding-photographer--442_500.webp,,,,,,,,,,,stormont wedding|reception|party|dance floor|bride|wedding guests|glow sticks|evening lighting|candid|celebration|fun mood|wedding dancing,MKB001613
Stormont,reception and party,mkb-weddings-stormont-hotel-wedding-photographer--446_500.webp,,,,,,,,,,,stormont wedding|reception party|dance floor|wedding guests|glow sticks|evening celebration|party lighting|joyful mood|candid moments|group dancing|fun reception|wedding celebration,MKB001614
Ten Square,ceremony,mkb-weddings-mkb-photography-northern-ireland-wedding-photography-ten-square-hotel-belfast-wedding-photography--111_500.webp,,,,,,,,,,,ceremony|bride and groom|aisle exit|newlyweds|guest applause|indoor wedding|black and white|joyful|natural light|wedding bouquet|celebration|hotel wedding,MKB001615
Ten Square,ceremony,mkb-weddings-mkb-photography-northern-ireland-wedding-photography-ten-square-hotel-belfast-wedding-photography--77_500.webp,,,,,,,,,,,ceremony|ring bearer|page boy|wedding rings|indoor ceremony|ten square|belfast wedding|natural light|candid moment|family|guests|emotional,MKB001616
Ten Square,ceremony,mkb-weddings-mkb-photography-northern-ireland-wedding-photography-ten-square-hotel-belfast-wedding-photography--86_500.webp,,,,,,,,,,,ten square|ceremony|first kiss|bride and groom|wedding vows|indoor ceremony|natural light|guests|child attendant|romantic|joyful|belfast wedding,MKB001617
Ten Square,couple portraits,mkb-weddings-mkb-photography-northern-ireland-wedding-photography-ten-square-hotel-belfast-wedding-photography--182_500.webp,,,,,,,,,,,couple portraits|bride and groom|rooftop|city backdrop|bouquet|soft daylight|romantic|elegant|wedding portraits|belfast wedding|ten square|newlyweds,MKB001618
Ten Square,couple portraits,mkb-weddings-mkb-photography-northern-ireland-wedding-photography-ten-square-hotel-belfast-wedding-photography--184_500.webp,,,,,,,,,,,couple portraits|bride and groom|rooftop|city backdrop|overcast light|romantic|elegant|wedding bouquet|urban wedding|belfast|ten square|just married,MKB001619
Ten Square,couple portraits,mkb-weddings-mkb-photography-northern-ireland-wedding-photography-ten-square-hotel-belfast-wedding-photography--29_500.webp,,,,,,,,,,,ten square|couple portraits|bride and groom|rooftop|belfast cityscape|wedding veil|overcast light|romantic|urban wedding|holding hands|wedding portraits,MKB001620
Ten Square,couple portraits,mkb-weddings-mkb-photography-northern-ireland-wedding-photography-ten-square-hotel-belfast-wedding-photography--30_500.webp,,,,,,,,,,,ten square|couple portraits|bride and groom|romantic kiss|close up|soft light|veil portrait|wedding flowers|joyful|intimate moment|belfast wedding|wedding day,MKB001621
Ten Square,couple portraits,mkb-weddings-northern-ireland-wedding-photographer-belfast-wedding-photography-10_500.webp,,,,,,,,,,,couple portraits|bride and groom|wedding portraits|outdoor portraits|brick wall|tree framed|natural light|moody lighting|romantic|intimate|belfast wedding|wedding day,MKB001622
Ten Square,family and bridal party,mkb-weddings-mkb-photography-northern-ireland-wedding-photography-ten-square-hotel-belfast-wedding-photography--163_500.webp,,,,,,,,,,,ten square|rooftop terrace|bride|bridesmaid|bridal party|bouquets|city backdrop|natural light|overcast|joyful|wedding portraits|belfast wedding,MKB001623
Ten Square,family and bridal party,mkb-weddings-mkb-photography-northern-ireland-wedding-photography-ten-square-hotel-belfast-wedding-photography--8_500.webp,,,,,,,,,,,ten square|bridal party|family portrait|bride|indoor portrait|bride balloons|natural light|joyful|getting ready|wedding morning|group photo|belfast wedding,MKB001624
Ten Square,getting ready,mkb-weddings-mkb-photography-northern-ireland-wedding-photography-ten-square-hotel-belfast-wedding-photography--6_500.webp,,,,,,,,,,,getting ready|bride|bridal portrait|wedding dress|veil|mirror reflection|hotel room|natural light|soft light|calm mood|pre ceremony|ten square,MKB001625
Ten Square,reception and party,mkb-weddings-mkb-photography-northern-ireland-wedding-photography-ten-square-hotel-belfast-wedding-photography--299_500.webp,,,,,,,,,,,ten square|wedding reception|groom speech|top table|bride and groom|wedding guests|bright lighting|happy mood|speeches|reception decor|table florals|party moments,MKB001626
Tree House,ceremony,MKB_Photography-Northern-ireland-wedding-photography-northern-ireland-wedding-photographer-tree-house-belfast-wedding-photography-full-res-149_500.webp,,,,,,,,,,,ceremony|tree house|indoor wedding|couple|just married|first kiss|floral backdrop|candlelight|romantic|celebration|guests|belfast wedding,MKB001627
Tree House,ceremony,MKB_Photography-Northern-ireland-wedding-photography-northern-ireland-wedding-photographer-tree-house-belfast-wedding-photography-full-res-176_500.webp,,,,,,,,,,,ceremony|recessional|newlyweds|aisle walk|guests clapping|indoor wedding|string lights|low light|joyful|candid|celebration|tree house,MKB001628
Tree House,couple portraits,MKB_Photography-Northern-ireland-wedding-photography-northern-ireland-wedding-photographer-tree-house-belfast-wedding-photography-full-res-247_500.webp,,,,,,,,,,,couple portraits|bride and groom|urban exterior|soft natural light|romantic|candid pose|wedding portraits|bridal bouquet|city wedding|intimate moment|tree house,MKB001629
Tree House,couple portraits,MKB_Photography-Northern-ireland-wedding-photography-northern-ireland-wedding-photographer-tree-house-belfast-wedding-photography-full-res-261_500.webp,,,,,,,,,,,couple portraits|bride and groom|outdoor portrait|urban garden|stone bench|soft natural light|romantic|relaxed|wedding bouquet|seated pose|wedding day|tree house,MKB001630
Tree House,couple portraits,MKB_Photography-Northern-ireland-wedding-photography-northern-ireland-wedding-photographer-tree-house-belfast-wedding-photography-full-res-264_500.webp,,,,,,,,,,,couple portraits|bride and groom|wedding portraits|urban wedding|historic architecture|outdoor portraits|holding hands|natural light|romantic|elegant|belfast wedding|tree house,MKB001631
Tree House,details and decor,MKB_Photography-Northern-ireland-wedding-photography-northern-ireland-wedding-photographer-tree-house-belfast-wedding-photography-full-res-287_500.webp,,,,,,,,,,,tree house|reception decor|table setting|wedding breakfast|glassware|menu cards|place cards|floral centerpiece|soft natural light|romantic mood|indoor reception|wedding details,MKB001632
Tree House,family and bridal party,MKB_Photography-Northern-ireland-wedding-photography-northern-ireland-wedding-photographer-tree-house-belfast-wedding-photography-full-res-225_500.webp,,,,,,,,,,,tree house|bride|bridesmaids|bridal party|bouquets|cobblestone street|walking portraits|natural light|candid|joyful|wedding morning|city wedding,MKB001633
Tree House,family and bridal party,MKB_Photography-Northern-ireland-wedding-photography-northern-ireland-wedding-photographer-tree-house-belfast-wedding-photography-full-res-230_500.webp,,,,,,,,,,,bridal party|wedding party|bride|groomsmen|bridesmaids|family portraits|bouquets|outdoor portraits|stone columns|soft light|joyful|tree house,MKB001634
Tree House,getting ready,mkb-weddings-northern-ireland-wedding-photographer-tree-house-belfast-wedding-photography-2_500.webp,,,,,,,,,,,bridal prep|getting ready|bride portrait|wedding dress|mirror reflection|soft window light|elegant bride|calm moment|indoor scene|romantic mood|dress details|tree house wedding,MKB001635
Tree House,getting ready,MKB_Photography-Northern-ireland-wedding-photography-northern-ireland-wedding-photographer-tree-house-belfast-wedding-photography-full-res-44_500.webp,,,,,,,,,,,getting ready|bride portrait|makeup touch up|mirror reflection|soft window light|calm mood|intimate moment|wedding morning|bridal prep|tree house|belfast wedding|close up,MKB001636
Tree House,getting ready,MKB_Photography-Northern-ireland-wedding-photography-northern-ireland-wedding-photographer-tree-house-belfast-wedding-photography-full-res-54_500.webp,,,,,,,,,,,getting ready|bride|bridesmaids|wedding dress|dress fastening|hotel room|soft lighting|intimate moment|bridal prep|pink dresses|candid|tree house,MKB001637
Tree House,getting ready,MKB_Photography-Northern-ireland-wedding-photography-northern-ireland-wedding-photographer-tree-house-belfast-wedding-photography-full-res-65_500.webp,,,,,,,,,,,bride|getting ready|bridal portrait|wedding dress|indoor portrait|window light|warm lighting|soft mood|elegant|tree house|belfast wedding,MKB001638
Tree House,getting ready,MKB_Photography-Northern-ireland-wedding-photography-northern-ireland-wedding-photographer-tree-house-belfast-wedding-photography-full-res-66_500.webp,,,,,,,,,,,getting ready|bride|wedding dress|mirror portrait|bridal prep|soft light|elegant|intimate moment|tree house|belfast wedding|indoor portrait|bridal style,MKB001639
Tree House,getting ready,MKB_Photography-Northern-ireland-wedding-photography-northern-ireland-wedding-photographer-tree-house-belfast-wedding-photography-full-res-71_500.webp,,,,,,,,,,,getting ready|groom prep|groomsmen|grey suits|urban alley|walking|candid|natural light|relaxed|pre ceremony|wedding party|tree house,MKB001640
Tullyglass hotel,ceremony,MKB-weddings-MKB-photography-NI-wedding-photographer-tullyglass-hotel-wedding-photography-219_500.webp,,,,,,,,,,,ceremony|indoor ceremony|bride entrance|groom waiting|walking down aisle|wedding processional|bride and escort|wedding guests|soft natural light|emotional moment|tullyglass hotel|northern ireland wedding,MKB001641
Tullyglass hotel,ceremony,mkb-weddings-mkb-photography-northern-ireland-wedding-photographer-tullyglass-hotel-ballymena-wedding-photography-272_500.webp,,,,,,,,,,,ceremony|tullyglass hotel|bride and groom|floral arch|indoor wedding|soft light|romantic|elegant|holding hands|wedding flowers|newlyweds|northern ireland wedding,MKB001642
Tullyglass hotel,ceremony,mkb-weddings-mkb-photography-northern-ireland-wedding-photographer-tullyglass-house-hotel-ballymena-wedding-photographer-121_500.webp,,,,,,,,,,,ceremony|bride and groom|wedding vows|ring exchange|indoor ceremony|joyful|natural light|wedding guests|bridesmaids|tullyglass hotel|northern ireland wedding|romantic,MKB001643
Tullyglass hotel,ceremony,mkb-weddings-mkb-photography-northern-ireland-wedding-photographer-tullyglass-house-hotel-ballymena-wedding-photographer-171_500.webp,,,,,,,,,,,ceremony|hand holding|bride and groom|black and white|close up|intimate moment|emotional|natural light|wedding vows|romantic|tullyglass hotel,MKB001644
Tullyglass hotel,ceremony,mkb-weddings-mkb-photography-northern-ireland-wedding-photographer-tullyglass-house-hotel-ballymena-wedding-photographer-264_500.webp,,,,,,,,,,,tullyglass hotel|ceremony exit|bride and groom|newlyweds|raised hands|wedding bouquet|indoor ceremony|warm lighting|joyful moment|church doorway|wood paneling|celebration,MKB001645
Tullyglass hotel,ceremony,mkb-weddings-mkb-photography-northern-ireland-wedding-photographer-tullyglass-house-hotel-ballymena-wedding-photographer-266_500.webp,,,,,,,,,,,ceremony|bride and groom|first kiss|wedding kiss|church doorway|wooden interior|bouquet|veil|romantic|dramatic lighting|joyful|tullyglass hotel,MKB001646
Tullyglass hotel,couple portraits,mkb-weddings-mkb-photography-northern-ireland-wedding-photographer-tullyglass-house-hotel-ballymena-wedding-photographer-558_500.webp,creative-flash,,,,,,,,,,couple portraits|bride and groom|tullyglass hotel|fountain|golden hour|backlit|romantic|outdoor portraits|wedding day|sunset|water feature|intimate moment,MKB001647
Tullyglass hotel,couple portraits,MKB-weddings-MKB-photography-NI-wedding-photographer-tullyglass-hotel-wedding-photography-320_500.webp,,,,,,,,,,,tullyglass hotel|couple portraits|bride and groom|outdoor portraits|garden arch|romantic|natural light|elegant|wedding dress|bridal bouquet|newlyweds|wedding day,MKB001648
Tullyglass hotel,couple portraits,MKB-weddings-MKB-photography-NI-wedding-photographer-tullyglass-hotel-wedding-photography-524_500.webp,creative-flash,,,,,,,,,,tullyglass hotel|couple portraits|bride and groom|fountain|hotel entrance|daylight|romantic|elegant|wedding portraits|just married|outdoor portraits|northern ireland wedding,MKB001649
Tullyglass hotel,couple portraits,mkb-weddings-mkb-photography-northern-ireland-wedding-photographer-tullyglass-hotel-ballymena-wedding-photography-124-2_500.webp,,,,,,,,,,,bride and groom|couple portraits|umbrella portrait|rainy wedding|tree lined driveway|outdoor wedding|romantic kiss|natural light|joyful moment|tullyglass hotel|ballymena wedding|northern ireland wedding,MKB001650
Tullyglass hotel,couple portraits,mkb-weddings-mkb-photography-northern-ireland-wedding-photographer-tullyglass-hotel-ballymena-wedding-photography-135-2_500.webp,,,,,,,,,,,couple portraits|bride and groom|outdoor portraits|tullyglass hotel|natural light|romantic|wedding bouquet|garden setting|elegant|wedding dress|groom suit|northern ireland wedding,MKB001651
Tullyglass hotel,couple portraits,mkb-weddings-mkb-photography-northern-ireland-wedding-photographer-tullyglass-hotel-ballymena-wedding-photography-163_500.webp,,,,,,,,,,,tullyglass hotel|couple portraits|bride and groom|garden portrait|outdoor wedding|gazebo|natural light|romantic|intimate|wedding kiss|veil|summer foliage,MKB001652
Tullyglass hotel,couple portraits,mkb-weddings-mkb-photography-northern-ireland-wedding-photographer-tullyglass-hotel-ballymena-wedding-photography-334_500.webp,creative-flash,,,,,,,,,,tullyglass hotel|couple portraits|bride and groom|night portrait|fountain|balcony|hotel exterior|dramatic lighting|romantic mood|evening wedding|wet pavement|northern ireland wedding,MKB001653
Tullyglass hotel,couple portraits,mkb-weddings-mkb-photography-northern-ireland-wedding-photographer-tullyglass-house-hotel-ballymena-wedding-photographer-293_500.webp,,,,,,,,,,,bridal portrait|bride|wedding dress|veil|bouquet|floral doorway|hotel entrance|natural light|romantic|elegant|wedding portrait|tullyglass hotel,MKB001654
Tullyglass hotel,couple portraits,mkb-weddings-mkb-photography-northern-ireland-wedding-photographer-tullyglass-house-hotel-ballymena-wedding-photographer-327_500.webp,,,,,,,,,,,tullyglass hotel|couple portraits|bride and groom|window light|romantic portrait|forehead kiss|wedding bouquet|indoor portrait|soft light|intimate moment|wedding dress|groom suit,MKB001655
Tullyglass hotel,couple portraits,mkb-weddings-mkb-photography-northern-ireland-wedding-photographer-tullyglass-house-hotel-ballymena-wedding-photographer-328_500.webp,,,,,,,,,,,couple portraits|bride and groom|church pews|window light|joyful|romantic|bridal bouquet|wedding dress|groom suit|candid moment|indoor portraits|tullyglass hotel,MKB001656
Tullyglass hotel,couple portraits,mkb-weddings-mkb-photography-northern-ireland-wedding-photographer-tullyglass-house-hotel-ballymena-wedding-photographer-336_500.webp,,,,,,,,,,,couple portraits|bride and groom|wedding car|car reflection|romantic moment|smiling bride|natural light|candid portrait|joyful mood|tullyglass hotel,MKB001657
Tullyglass hotel,couple portraits,mkb-weddings-mkb-photography-northern-ireland-wedding-photographer-tullyglass-house-hotel-ballymena-wedding-photographer-349_500.webp,,,,,,,,,,,tullyglass hotel|couple portraits|bride and groom|outdoor portraits|garden setting|spring blossoms|natural light|romantic|wedding bouquet|wedding dress|groom portrait|intimate moment,MKB001658
Tullyglass hotel,couple portraits,mkb-weddings-mkb-photography-northern-ireland-wedding-photographer-tullyglass-house-hotel-ballymena-wedding-photographer-350_500.webp,,,,,,,,,,,couple portrait|bride and groom|outdoor portraits|wedding bouquet|romantic|natural light|wedding dress|groom suit|garden setting|tullyglass hotel|newlyweds|wedding day,MKB001659
Tullyglass hotel,couple portraits,mkb-weddings-mkb-photography-northern-ireland-wedding-photographer-tullyglass-house-hotel-ballymena-wedding-photographer-356_500.webp,,,,,,,,,,,tullyglass hotel|couple portraits|bride and groom|outdoor portraits|autumn wedding|tree-lined garden|natural light|romantic|joyful|wedding bouquet|bridal veil|wedding portraits,MKB001660
Tullyglass hotel,couple portraits,mkb-weddings-mkb-photography-northern-ireland-wedding-photographer-tullyglass-house-hotel-ballymena-wedding-photographer-364_500.webp,,,,,,,,,,,couple portraits|bride and groom|outdoor wedding|tullyglass hotel|autumn colours|walking together|holding hands|bridal bouquet|natural light|romantic|joyful|wedding portraits,MKB001661
Tullyglass hotel,couple portraits,mkb-weddings-mkb-photography-northern-ireland-wedding-photographer-tullyglass-house-hotel-ballymena-wedding-photographer-368_500.webp,,,,,,,,,,,tullyglass hotel|couple portraits|bride and groom|lakeside|garden setting|holding hands|soft daylight|romantic|outdoor wedding|wedding dress|bridal bouquet|relaxed pose,MKB001662
Tullyglass hotel,couple portraits,mkb-weddings-mkb-photography-northern-ireland-wedding-photographer-tullyglass-house-hotel-ballymena-wedding-photographer-375_500.webp,,,,,,,,,,,couple portrait|bride and groom|outdoor wedding|tullyglass hotel|autumn leaves|natural light|romantic|wedding bouquet|lakeside|soft colours|newlyweds|wedding portraits,MKB001663
Tullyglass hotel,couple portraits,mkb-weddings-mkb-photography-northern-ireland-wedding-photographer-tullyglass-house-hotel-ballymena-wedding-photographer-410_500.webp,,,,,,,,,,,tullyglass hotel|couple portraits|bride and groom|fountain|outdoor wedding|sunny light|joyful|relaxed|sunglasses|wedding bouquet|newlyweds|summer wedding,MKB001664
Tullyglass hotel,couple portraits,mkb-weddings-mkb-photography-northern-ireland-wedding-photographer-tullyglass-house-hotel-ballymena-wedding-photographer-512_500.webp,,,,,,,,,,,couple portrait|bride and groom|outdoor wedding|tullyglass hotel|garden portrait|golden hour|natural light|romantic|relaxed|wedding dress|groom suit|newlyweds,MKB001665
Tullyglass hotel,couple portraits,mkb-weddings-mkb-photography-northern-ireland-wedding-photographer-tullyglass-house-hotel-ballymena-wedding-photographer-518_500.webp,,,,,,,,,,,couple portraits|bride and groom|outdoor portraits|golden hour|romantic|wedding day|tullyglass hotel|ballymena wedding|soft light|newlyweds|wedding dress|groom suit,MKB001666
Tullyglass hotel,couple portraits,mkb-weddings-mkb-photography-northern-ireland-wedding-photographer-tullyglass-house-hotel-ballymena-wedding-photographer-519_500.webp,,,,,,,,,,,tullyglass hotel|couple portraits|bride and groom|outdoor lawn|woodland backdrop|golden hour|warm light|romantic|playful|bride twirl|wedding portraits|candid moment,MKB001667
Tullyglass hotel,couple portraits,mkb-weddings-mkb-photography-northern-ireland-wedding-photographer-tullyglass-house-hotel-ballymena-wedding-photographer-520_500.webp,,,,,,,,,,,tullyglass hotel|couple portraits|bride and groom|wedding kiss|under veil|close up|soft light|romantic|intimate moment|wedding portrait|northern ireland wedding,MKB001668
Tullyglass hotel,couple portraits,mkb-weddings-mkb-photography-northern-ireland-wedding-photographer-tullyglass-house-hotel-ballymena-wedding-photographer-521_500.webp,,,,,,,,,,,couple portraits|bride and groom|veil portrait|close up|soft light|romantic|intimate|wedding day|tullyglass hotel|ballymena wedding|northern ireland wedding,MKB001669
Tullyglass hotel,couple portraits,mkb-weddings-mkb-photography-northern-ireland-wedding-photographer-tullyglass-house-hotel-ballymena-wedding-photographer-525_500.webp,,,,,,,,,,,couple portraits|bride and groom|woodland|tullyglass hotel|natural light|romantic|joyful|laughing|wedding dress|veil|embrace|outdoor wedding,MKB001670
Tullyglass hotel,couple portraits,mkb-weddings-mkb-photography-northern-ireland-wedding-photographer-tullyglass-house-hotel-ballymena-wedding-photographer-528_500.webp,,,,,,,,,,,couple portraits|bride and groom|outdoor portraits|woodland setting|natural light|romantic|joyful|wedding dress|groom suit|tullyglass hotel|wedding day|intimate pose,MKB001671
Tullyglass hotel,couple portraits,mkb-weddings-mkb-photography-northern-ireland-wedding-photographer-tullyglass-house-hotel-ballymena-wedding-photographer-534_500.webp,,,,,,,,,,,tullyglass hotel|couple portraits|bride and groom|outdoor portraits|woodland setting|natural light|romantic|walking together|holding hands|wedding dress|groom suit|intimate moment,MKB001672
Tullyglass hotel,couple portraits,mkb-weddings-mkb-photography-northern-ireland-wedding-photographer-tullyglass-house-hotel-ballymena-wedding-photographer-554_500.webp,,,,,,,,,,,tullyglass hotel|couple portraits|bride and groom|balcony portrait|fountain|clock tower|hotel exterior|daylight|romantic|elegant|wedding portraits|northern ireland wedding,MKB001673
Tullyglass hotel,couple portraits,mkb-weddings-mkb-photography-northern-ireland-wedding-photographer-tullyglass-house-hotel-ballymena-wedding-photographer-557_500.webp,,,,,,,,,,,couple portraits|bride and groom|golden hour|backlit|romantic|outdoor gardens|water reflection|wedding portraits|tullyglass hotel|sun flare|intimate moment|northern ireland wedding,MKB001674
Tullyglass hotel,couple portraits,mkb-weddings-mkb-photography-northern-ireland-wedding-photographer-tullyglass-house-hotel-ballymena-wedding-photographer-573_500.webp,,,,,,,,,,,couple portrait|bride and groom|wedding portraits|romantic|fountain|garden|backlit|golden light|veil|outdoor wedding|tullyglass hotel|newlyweds,MKB001675
Tullyglass hotel,couple portraits,mkb-weddings-mkb-photography-northern-ireland-wedding-photographer-tullyglass-house-hotel-ballymena-wedding-photographer-80_500.webp,,,,,,,,,,,tullyglass hotel|bridal portrait|bride|wedding dress|bouquet|floral doorway|natural light|romantic|elegant|chapel entrance|couple portraits|wedding day,MKB001676
Tullyglass hotel,couple portraits,mkb-weddings-northern-ireland-wedding-photographer-tullyglass-hotel-ballymena-wedding-photography-4_500.webp,,,,,,,,,,,couple portrait|bride and groom|outdoor garden|natural light|romantic|candid laughter|wedding portraits|veil|blue suit|lace dress|tullyglass hotel|ballymena wedding,MKB001677
Tullyglass hotel,couple portraits,mkb-weddings-northern-ireland-wedding-photographer-tullyglass-hotel-ballymena-wedding-photography-6_500.webp,,,,,,,,,,,tullyglass hotel|couple portraits|bride and groom|outdoor portrait|garden setting|tree canopy|natural light|romantic mood|wedding bouquet|lace dress|intimate moment|northern ireland wedding,MKB001678
Tullyglass hotel,couple portraits,MKB-weddings-Northern-ireland-wedding-photography-northern-ireland-wedding-photographer-tullyglass-house-hotel-ballymena-wedding-photography-646_500.webp,creative-flash,,,,,,,,,,couple portrait|bride and groom|balcony|fountain|hotel exterior|clock tower|evening light|dramatic sky|romantic|elegant|wedding portraits|tullyglass hotel,MKB001679
Tullyglass hotel,details and decor,MKB-weddings-MKB-photography-NI-wedding-photographer-tullyglass-hotel-wedding-photography-343_500.webp,,,,,,,,,,,wedding details|bride and groom|ice cream cones|wedding treats|bouquet|boutonniere|soft natural light|romantic|candid moment|tullyglass hotel|summer wedding|reception details,MKB001680
Tullyglass hotel,family and bridal party,mkb-weddings-mkb-photography-northern-ireland-wedding-photographer-tullyglass-house-hotel-ballymena-wedding-photographer-385_500.webp,,,,,,,,,,,tullyglass hotel|bridal party|bride and groom|wedding kiss|outdoor wedding|lakeside|motion blur|daylight|romantic|candid|wedding portraits|northern ireland,MKB001681
Tullyglass hotel,family and bridal party,MKB-weddings-Northern-ireland-wedding-photography-northern-ireland-wedding-photographer-tullyglass-house-hotel-ballymena-wedding-photography-221_500.webp,,,,,,,,,,,groomsmen|bridal party|wedding party|outdoor portraits|walking shot|hotel grounds|tullyglass hotel|natural light|sunny day|relaxed mood|pre ceremony|northern ireland wedding,MKB001682
Tullyglass hotel,getting ready,MKB-weddings-MKB-photography-NI-wedding-photographer-tullyglass-hotel-wedding-photography-101_500.webp,,,,,,,,,,,getting ready|wedding dress|bridesmaid dresses|bridal suite|dress details|indoor|soft light|romantic|morning prep|tullyglass hotel,MKB001683
Tullyglass hotel,getting ready,MKB-weddings-MKB-photography-NI-wedding-photographer-tullyglass-hotel-wedding-photography-130_500.webp,,,,,,,,,,,getting ready|bridal prep|makeup artist|bride|window light|natural light|calm mood|hotel room|tullyglass hotel|wedding morning|hair and makeup|candid,MKB001684
Tullyglass hotel,getting ready,MKB-weddings-MKB-photography-NI-wedding-photographer-tullyglass-hotel-wedding-photography-160_500.webp,,,,,,,,,,,getting ready|bridal makeup|bride prep|makeup artist|natural light|hotel room|candid moment|calm mood|morning preparations|tullyglass hotel|wedding morning|beauty details,MKB001685
Tullyglass hotel,getting ready,mkb-weddings-mkb-photography-northern-ireland-wedding-photographer-tullyglass-hotel-ballymena-wedding-photography-104_500.webp,,,,,,,,,,,bridal shoes|wedding heels|bridal details|getting ready|wedding morning|soft light|romantic details|bride accessories|wedding dress|tullyglass hotel,MKB001686
Tullyglass hotel,getting ready,mkb-weddings-mkb-photography-northern-ireland-wedding-photographer-tullyglass-hotel-ballymena-wedding-photography-120_500.webp,,,,,,,,,,,getting ready|bridal prep|bride|veil adjustment|wedding dress|bridesmaid|window light|black and white|candid moment|elegant|tullyglass hotel|ballymena wedding,MKB001687
Tullyglass hotel,getting ready,mkb-weddings-mkb-photography-northern-ireland-wedding-photographer-tullyglass-hotel-ballymena-wedding-photography-124_500.webp,,,,,,,,,,,tullyglass hotel|getting ready|bride|bridal portrait|wedding dress|bridal bouquet|veil|window light|soft light|elegant|romantic|morning preparations,MKB001688
Tullyglass hotel,getting ready,mkb-weddings-mkb-photography-northern-ireland-wedding-photographer-tullyglass-hotel-ballymena-wedding-photography-126_500.webp,,,,,,,,,,,groom|getting ready|tuxedo|black tie|window light|portrait|indoors|smiling|elegant|wedding morning|tullyglass hotel|ballymena wedding,MKB001689
Tullyglass hotel,getting ready,mkb-weddings-mkb-photography-northern-ireland-wedding-photographer-tullyglass-hotel-ballymena-wedding-photography-135_500.webp,,,,,,,,,,,tullyglass hotel|getting ready|bride|father of bride|first look|hotel room|window light|black and white|emotional|bridal prep|wedding dress|candid,MKB001690
Tullyglass hotel,getting ready,mkb-weddings-mkb-photography-northern-ireland-wedding-photographer-tullyglass-hotel-ballymena-wedding-photography-145_500.webp,,,,,,,,,,,getting ready|bride prep|hair styling|bridal robe|morning preparations|soft light|calm mood|indoor portrait|wedding morning|tullyglass hotel,MKB001691
Tullyglass hotel,getting ready,mkb-weddings-mkb-photography-northern-ireland-wedding-photographer-tullyglass-hotel-ballymena-wedding-photography-154_500.webp,,,,,,,,,,,getting ready|bride|bridesmaids|bridal party|bridal suite|tullyglass hotel|window light|soft light|joyful|elegant|wedding morning|group portrait,MKB001692
Tullyglass hotel,getting ready,mkb-weddings-mkb-photography-northern-ireland-wedding-photographer-tullyglass-hotel-ballymena-wedding-photography-172_500.webp,,,,,,,,,,,getting ready|bride|bridal prep|mirror portrait|earrings|white robe|window light|soft light|calm mood|tullyglass hotel|wedding morning,MKB001693
Tullyglass hotel,getting ready,mkb-weddings-mkb-photography-northern-ireland-wedding-photographer-tullyglass-hotel-ballymena-wedding-photography-175_500.webp,,,,,,,,,,,getting ready|tullyglass hotel|bridal party|bridesmaids|matching pyjamas|champagne toast|indoor|natural light|candid|joyful|morning preparations|wedding morning,MKB001694
Tullyglass hotel,getting ready,mkb-weddings-mkb-photography-northern-ireland-wedding-photographer-tullyglass-hotel-ballymena-wedding-photography-181_500.webp,,,,,,,,,,,getting ready|bride|wedding dress|bridal robe|window light|black and white|soft light|quiet moment|bridal prep|tullyglass hotel|ballymena wedding,MKB001695
Tullyglass hotel,getting ready,mkb-weddings-mkb-photography-northern-ireland-wedding-photographer-tullyglass-house-hotel-ballymena-wedding-photographer-298_500.webp,,,,,,,,,,,tullyglass hotel|getting ready|bride details|bridal jewellery|wedding rings|wedding dress|close up|soft light|elegant|calm moment,MKB001696
Tullyglass hotel,getting ready,mkb-weddings-mkb-photography-northern-ireland-wedding-photographer-tullyglass-house-hotel-ballymena-wedding-photographer-61_500.webp,,,,,,,,,,,bride|bridal portrait|getting ready|wedding car|veil|natural light|happy mood|candid smile|tullyglass hotel|ballymena wedding|northern ireland wedding,MKB001697
Tullyglass hotel,getting ready,mkb-weddings-northern-ireland-wedding-photographer-tullyglass-hotel-ballymena-wedding-photography-2_500.webp,,,,,,,,,,,tullyglass hotel|getting ready|bride|father of bride|staircase|first look|wedding dress|floral crown|natural light|emotional moment|candid laughter|indoor wedding,MKB001698
Tullyglass hotel,getting ready,MKB-weddings-Northern-ireland-wedding-photography-northern-ireland-wedding-photographer-tullyglass-house-hotel-ballymena-wedding-photography-108_500.webp,,,,,,,,,,,getting ready|wedding dress|bridesmaid dresses|dress details|bridal prep|indoor|soft light|calm mood|tullyglass hotel|northern ireland wedding,MKB001699
Tullyglass hotel,reception and party,MKB-weddings-MKB-photography-NI-wedding-photographer-tullyglass-hotel-wedding-photography-446_500.webp,,,,,,,,,,,tullyglass hotel|wedding reception|party entrance|bridesmaid|groomsman|indoor wedding|natural light|candid moment|celebration|fun mood|wedding guests|reception party,MKB001700
Tullyglass hotel,reception and party,MKB-weddings-MKB-photography-NI-wedding-photographer-tullyglass-hotel-wedding-photography-453_500.webp,,,,,,,,,,,tullyglass hotel|wedding reception|party|guests|dancing|celebration|cheering|indoor|bright light|joyful|candid|dance floor,MKB001701
Tullyglass hotel,reception and party,MKB-weddings-MKB-photography-NI-wedding-photographer-tullyglass-hotel-wedding-photography-496_500.webp,,,,,,,,,,,reception|wedding speeches|top table|groom speech|bride|bridesmaids|candid laughter|indoor light|joyful mood|white drapery|floral centrepieces|tullyglass hotel,MKB001702
Tullyglass hotel,reception and party,mkb-weddings-mkb-photography-northern-ireland-wedding-photographer-tullyglass-hotel-ballymena-wedding-photography-130_500.webp,,,,,,,,,,,tullyglass hotel|wedding reception|dance floor|bride and groom|wedding guests|party celebration|live music|black and white|flash lighting|energetic mood|evening reception|crowd dancing,MKB001703
Tullyglass hotel,reception and party,mkb-weddings-mkb-photography-northern-ireland-wedding-photographer-tullyglass-hotel-ballymena-wedding-photography-189_500.webp,,,,,,,,,,,tullyglass hotel|wedding reception|first dance|bride and groom|indoor celebration|sparkler fountains|black and white|dramatic lighting|party atmosphere|guest reactions|romantic moment|dance floor,MKB001704
Tullyglass hotel,reception and party,mkb-weddings-mkb-photography-northern-ireland-wedding-photographer-tullyglass-hotel-ballymena-wedding-photography-273_500.webp,,,,,,,,,,,tullyglass hotel|wedding reception|speeches|top table|bridal party|groom speech|guests laughing|bright lighting|white decor|candid moment|joyful mood|ballymena wedding,MKB001705
Tullyglass hotel,reception and party,mkb-weddings-mkb-photography-northern-ireland-wedding-photographer-tullyglass-hotel-ballymena-wedding-photography-342_500.webp,,,,,,,,,,,tullyglass hotel|sparkler exit|night reception|bride and groom|wedding guests|black and white|dramatic lighting|celebration|romantic|party moment|outdoor wedding|evening send off,MKB001706
Tullyglass hotel,reception and party,mkb-weddings-mkb-photography-northern-ireland-wedding-photographer-tullyglass-house-hotel-ballymena-wedding-photographer-474_500.webp,,,,,,,,,,,wedding reception|top table|groom speech|bride laughing|wedding guests|head table flowers|indoor reception|soft lighting|joyful moment|party atmosphere|tullyglass hotel|speech reaction,MKB001707
Tullyglass hotel,reception and party,mkb-weddings-mkb-photography-northern-ireland-wedding-photographer-tullyglass-house-hotel-ballymena-wedding-photographer-596_500.webp,,,,,,,,,,,reception|first dance|bride and groom|wedding guests|dance floor|indoor|chandelier|black and white|dramatic lighting|romantic|celebration|tullyglass hotel,MKB001708
Tullyglass hotel,reception and party,mkb-weddings-mkb-photography-northern-ireland-wedding-photographer-tullyglass-house-hotel-ballymena-wedding-photographer-600_500.webp,,,,,,,,,,,tullyglass hotel|wedding reception|first dance|bride and groom|dance floor|wedding guests|romantic kiss|spotlight|warm lighting|party atmosphere|candid moment|northern ireland wedding,MKB001709
Tullyglass hotel,reception and party,mkb-weddings-mkb-photography-northern-ireland-wedding-photographer-tullyglass-house-hotel-ballymena-wedding-photographer-606_500.webp,,,,,,,,,,,tullyglass hotel|wedding reception|first dance|bride and groom|dance floor|romantic dip|guests watching|flash lighting|evening party|joyful mood|northern ireland wedding|celebration,MKB001710
Tullyglass hotel,reception and party,mkb-weddings-mkb-photography-northern-ireland-wedding-photographer-tullyglass-house-hotel-ballymena-wedding-photographer-667_500.webp,,,,,,,,,,,tullyglass hotel|wedding reception|bride|flower girl|dance floor|first dance|party|flash lighting|joyful|candid|evening reception|northern ireland wedding,MKB001711
Tullyglass hotel,reception and party,MKB-weddings-Northern-ireland-wedding-photography-northern-ireland-wedding-photographer-tullyglass-house-hotel-ballymena-wedding-photography-482_500.webp,,,,,,,,,,,tullyglass hotel|reception|party|bride and groom|wedding guests|black and white|low light|motion blur|candid moment|romantic|evening celebration|wedding reception,MKB001712
Tullyglass hotel,reception and party,MKB-weddings-Northern-ireland-wedding-photography-northern-ireland-wedding-photographer-tullyglass-house-hotel-ballymena-wedding-photography-641_500.webp,,,,,,,,,,,reception|party|tullyglass hotel|costumed guests|movie characters|outdoor portrait|dramatic sky|backlit|fun mood|evening light|wedding entertainment|group photo,MKB001713
Ulster museum,ceremony,mkb-weddings-ulster-museum-belfast-wedding-photographer--10_500.webp,,,,,,,,,,,ceremony|first kiss|bride and groom|indoor wedding|museum wedding|ulster museum|guests applauding|natural light|joyful|romantic|belfast wedding|wedding aisle,MKB001714
Ulster museum,ceremony,mkb-weddings-ulster-museum-belfast-wedding-photographer--11_500.webp,,,,,,,,,,,ulster museum|ceremony|recessional|bride and groom|aisle walk|guests applauding|bouquet raise|indoor wedding|bright light|joyful|candid|belfast wedding,MKB001715
Ulster museum,ceremony,mkb-weddings-ulster-museum-belfast-wedding-photographer--5_500.webp,,,,,,,,,,,ulster museum|ceremony|bride entrance|walking down aisle|father of bride|groom reaction|wedding guests|indoor ceremony|natural light|joyful|emotional moment|bridal bouquet,MKB001716
Ulster museum,ceremony,mkb-weddings-ulster-museum-belfast-wedding-photographer--6_500.webp,,,,,,,,,,,ceremony|bride and groom|seated couple|ulster museum|indoor ceremony|natural light|smiling|romantic|candid moment|wedding vows|elegant attire|belfast wedding,MKB001717
Ulster museum,ceremony,mkb-weddings-ulster-museum-belfast-wedding-photographer--7_500.webp,,,,,,,,,,,ceremony|ulster museum|couple|officiant|indoor wedding|natural light|joyful|candid|vows|seated couple|museum wedding|belfast wedding,MKB001718
Ulster museum,ceremony,mkb-weddings-ulster-museum-belfast-wedding-photographer--8_500.webp,,,,,,,,,,,ulster museum|wedding ceremony|bride and groom|vows|holding hands|indoor ceremony|museum wedding|smiling bride|wedding guests|soft light|joyful moment|belfast wedding,MKB001719
Ulster museum,ceremony,mkb-weddings-ulster-museum-belfast-wedding-photographer--9_500.webp,,,,,,,,,,,ulster museum wedding|ceremony|ring exchange|wedding rings|bride and groom|hands closeup|black and white|intimate moment|romantic|soft light|wedding vows|detail shot,MKB001720
Ulster museum,couple portraits,mkb-weddings-ulster-museum-belfast-wedding-photographer--16_500.webp,,,,,,,,,,,ulster museum|couple portraits|bride and groom|wedding cars|vintage cars|museum exterior|dramatic architecture|overcast light|romantic mood|formal portrait|belfast wedding|wedding day,MKB001721
Ulster museum,couple portraits,mkb-weddings-ulster-museum-belfast-wedding-photographer--17_500.webp,,,,,,,,,,,ulster museum|couple portraits|bride and groom|museum exterior|brick architecture|overcast light|romantic|classic wedding|wedding dress|bridal bouquet|formal portrait|belfast wedding,MKB001722
Ulster museum,couple portraits,mkb-weddings-ulster-museum-belfast-wedding-photographer--18_500.webp,,,,,,,,,,,ulster museum|couple portraits|bride and groom|museum exterior|brick facade|wedding bouquet|natural light|romantic|elegant|christmas tree|belfast wedding|formal portrait,MKB001723
Ulster museum,couple portraits,mkb-weddings-ulster-museum-belfast-wedding-photographer--19_500.webp,,,,,,,,,,,ulster museum|couple portraits|bride and groom|wedding kiss|museum entrance|brick backdrop|urban wedding|natural light|romantic|intimate moment|wedding dress|belfast wedding,MKB001724
Ulster museum,couple portraits,mkb-weddings-ulster-museum-belfast-wedding-photographer--20_500.webp,,,,,,,,,,,ulster museum|couple portraits|bride and groom|museum exterior|brick backdrop|wedding portraits|walking together|overcast light|romantic|classic wedding|belfast wedding|elegant,MKB001725
Ulster museum,couple portraits,mkb-weddings-ulster-museum-belfast-wedding-photographer--21_500.webp,,,,,,,,,,,couple portraits|bride and groom|ulster museum|archway|black and white|flowing veil|natural light|romantic|architectural portrait|wedding dress|belfast wedding|elegant,MKB001726
Ulster museum,couple portraits,mkb-weddings-ulster-museum-belfast-wedding-photographer--22_500.webp,,,,,,,,,,,ulster museum|couple portraits|bride and groom|outdoor portrait|fairy lights|museum gardens|soft light|romantic|elegant wedding|wedding bouquet|just married|belfast wedding,MKB001727
Ulster museum,couple portraits,mkb-weddings-ulster-museum-belfast-wedding-photographer--23_500.webp,,,,,,,,,,,ulster museum|couple portraits|bride and groom|wedding kiss|arched doorway|brick architecture|bouquet|natural light|romantic|intimate moment|belfast wedding|historic exterior,MKB001728
Ulster museum,couple portraits,mkb-weddings-ulster-museum-belfast-wedding-photographer--24_500.webp,,,,,,,,,,,ulster museum|couple portraits|bride and groom|rainy wedding|umbrella|museum entrance|gothic architecture|romantic|outdoor portrait|soft light|wedding day|belfast wedding,MKB001729
Ulster museum,couple portraits,mkb-weddings-ulster-museum-belfast-wedding-photographer--25_500.webp,,,,,,,,,,,ulster museum|couple portraits|bride and groom|wedding kiss|museum exterior|historic architecture|natural light|romantic|intimate moment|belfast wedding|veil|brick facade,MKB001730
Ulster museum,couple portraits,mkb-weddings-ulster-museum-belfast-wedding-photographer--26_500.webp,,,,,,,,,,,ulster museum|couple portraits|bride and groom|museum gallery|seated portrait|art backdrop|indoor lighting|moody atmosphere|elegant wedding|romantic portrait|belfast wedding|wedding day,MKB001731
Ulster museum,couple portraits,mkb-weddings-ulster-museum-belfast-wedding-photographer--27_500.webp,,,,,,,,,,,ulster museum|couple portraits|bride and groom|museum gallery|painting backdrop|indoor wedding|dramatic lighting|romantic mood|elegant portrait|groom kneeling|bridal veil|wedding portraits,MKB001732
Ulster museum,couple portraits,mkb-weddings-ulster-museum-belfast-wedding-photographer--28_500.webp,,,,,,,,,,,couple portrait|bride and groom|museum wedding|ulster museum|art gallery|indoor portrait|soft lighting|romantic|joyful|holding hands|wedding portraits|belfast wedding,MKB001733
Ulster museum,couple portraits,mkb-weddings-ulster-museum-belfast-wedding-photographer--29_500.webp,,,,,,,,,,,couple portrait|museum wedding|bride and groom|art gallery|indoor portrait|dramatic lighting|romantic mood|elegant wedding|wedding dress|black tie|quiet moment|ulster museum,MKB001734
Ulster museum,couple portraits,mkb-weddings-ulster-museum-belfast-wedding-photographer--30_500.webp,,,,,,,,,,,ulster museum|couple portraits|bride and groom|wedding kiss|museum interior|art installation|balcony portrait|soft light|romantic|creative composition|belfast wedding|candid moment,MKB001735
Ulster museum,couple portraits,mkb-weddings-ulster-museum-belfast-wedding-photographer--32_500.webp,,,,,,,,,,,couple portrait|bride and groom|wedding kiss|night portrait|string lights|brick archway|romantic|intimate moment|evening wedding|urban backdrop|moody lighting|belfast wedding,MKB001736
Ulster museum,couple portraits,mkb-weddings-ulster-museum-belfast-wedding-photographer--33_500.webp,,,,,,,,,,,couple portraits|bride and groom|night portrait|brick alley|string lights|warm lighting|romantic|candid moment|wedding portrait|belfast wedding|ulster museum,MKB001737
Ulster museum,couple portraits,mkb-weddings-ulster-museum-belfast-wedding-photographer--34_500.webp,,,,,,,,,,,ulster museum wedding|couple portrait|bride and groom|string lights|warm lighting|romantic mood|autumn decor|indoor portrait|evening wedding|candid moment|wedding reception|belfast wedding,MKB001738
Ulster museum,couple portraits,mkb-weddings-ulster-museum-belfast-wedding-photographer--35_500.webp,,,,,,,,,,,ulster museum|couple portraits|bride and groom|bar scene|pouring drinks|warm lighting|candid moment|fun mood|wedding reception|belfast wedding|indoor portrait|celebration,MKB001739
Ulster museum,couple portraits,mkb-weddings-ulster-museum-belfast-wedding-photographer--36_500.webp,,,,,,,,,,,couple portrait|bride and groom|bar scene|drinks toast|museum wedding|indoor portrait|warm lighting|candid moment|relaxed mood|wedding reception|belfast wedding|ulster museum,MKB001740
Ulster museum,couple portraits,mkb-weddings-ulster-museum-belfast-wedding-photographer--40_500.webp,,,,,,,,,,,ulster museum|couple portraits|bride and groom|wedding kiss|night portrait|fairy lights|romantic|dramatic lighting|museum entrance|dip pose|belfast wedding|elegant,MKB001741
Ulster museum,couple portraits,mkb-weddings-ulster-museum-belfast-wedding-photographer--41_500.webp,,,,,,,,,,,ulster museum|couple portraits|bride and groom|night portrait|museum exterior|festive lights|romantic|dramatic lighting|winter wedding|wedding portraits|belfast wedding|urban backdrop,MKB001742
Ulster museum,couple portraits,mkb-weddings-ulster-museum-belfast-wedding-photographer--48_500.webp,,,,,,,,,,,ulster museum|couple portraits|bride and groom|museum hallway|arched corridor|indoor wedding|soft lighting|romantic|elegant|wedding portrait|belfast wedding|classic style,MKB001743
Ulster museum,details and decor,mkb-weddings-ulster-museum-belfast-wedding-photographer--38_500.webp,,,,,,,,,,,wedding details|winter wedding|place cards|pine cone decor|table decor|reception details|festive decor|soft light|romantic mood|ulster museum wedding|belfast wedding|wedding stationery,MKB001744
Ulster museum,details and decor,mkb-weddings-ulster-museum-belfast-wedding-photographer--39_500.webp,,,,,,,,,,,ulster museum wedding|wedding decor|reception details|table number|floral centerpiece|framed signage|green velvet|candlelit mood|low light|romantic details|no people|wedding reception,MKB001745
Ulster museum,family and bridal party,mkb-weddings-ulster-museum-belfast-wedding-photographer--12_500.webp,,,,,,,,,,,ulster museum|confetti exit|bride and groom|family|bridal party|museum steps|outdoor|natural light|celebration|joyful|wedding recessional|belfast wedding,MKB001746
Ulster museum,family and bridal party,mkb-weddings-ulster-museum-belfast-wedding-photographer--13_500.webp,,,,,,,,,,,ulster museum wedding|bride and groom|wedding guests|bridal party|family group|outdoor steps|confetti moment|high five|natural light|joyful|candid|belfast wedding,MKB001747
Ulster museum,family and bridal party,mkb-weddings-ulster-museum-belfast-wedding-photographer--14_500.webp,,,,,,,,,,,ulster museum|bridal party|family portraits|bride and groom|bridesmaids|groomsmen|outdoor portrait|evening light|formalwear|bouquets|classic wedding|group photo,MKB001748
Ulster museum,family and bridal party,mkb-weddings-ulster-museum-belfast-wedding-photographer--15_500.webp,,,,,,,,,,,ulster museum|bridal party|bride and groom|family portraits|wedding party|outdoor wedding|museum exterior|natural light|candid moments|joyful|walking portrait|belfast wedding,MKB001749
Ulster museum,family and bridal party,mkb-weddings-ulster-museum-belfast-wedding-photographer--4_500.webp,,,,,,,,,,,ulster museum|bridal party|bride|bridesmaids|bouquets|staircase|museum interior|natural light|elegant|joyful|wedding portraits|belfast wedding,MKB001750
Ulster museum,getting ready,mkb-weddings-ulster-museum-belfast-wedding-photographer--1_500.webp,,,,,,,,,,,getting ready|bridal prep|bride|makeup artist|lipstick|window light|soft light|intimate moment|calm mood|wedding morning|portrait|ulster museum,MKB001751
Ulster museum,getting ready,mkb-weddings-ulster-museum-belfast-wedding-photographer--2_500.webp,,,,,,,,,,,getting ready|bridal prep|bride|mirror portrait|earrings|pajamas|soft window light|calm mood|morning preparations|ulster museum|belfast wedding|natural light,MKB001752
Ulster museum,getting ready,mkb-weddings-ulster-museum-belfast-wedding-photographer--3_500.webp,,,,,,,,,,,getting ready|bride|bridesmaids|bridal party|matching pyjamas|hotel room|newspaper prop|morning prep|soft indoor light|candid laughter|relaxed mood|ulster museum wedding,MKB001753
Ulster museum,reception and party,mkb-weddings-ulster-museum-belfast-wedding-photographer--31_500.webp,,,,,,,,,,,ulster museum|reception|wedding guests|speech|group photo|formal attire|indoor|high angle|chandelier light|elegant|celebration|party,MKB001754
Ulster museum,reception and party,mkb-weddings-ulster-museum-belfast-wedding-photographer--37_500.webp,,,,,,,,,,,ulster museum|reception entrance|newlyweds|guests clapping|indoor reception|warm lighting|candid moment|joyful mood|wedding drinks|party welcome|belfast wedding,MKB001755
Ulster museum,reception and party,mkb-weddings-ulster-museum-belfast-wedding-photographer--42_500.webp,,,,,,,,,,,ulster museum|wedding reception|dance floor|wedding guests|evening party|uplighting|bright dance floor|candid moment|celebration|reception entertainment|guest reactions|lively atmosphere,MKB001756
Ulster museum,reception and party,mkb-weddings-ulster-museum-belfast-wedding-photographer--43_500.webp,,,,,,,,,,,ulster museum|wedding reception|first dance|bride and groom|dance floor|christmas decor|festive wedding|soft lighting|romantic mood|party guests|belfast wedding|evening reception,MKB001757
Ulster museum,reception and party,mkb-weddings-ulster-museum-belfast-wedding-photographer--44_500.webp,,,,,,,,,,,ulster museum|reception|dance floor|bride dancing|family dance|wedding guests|evening party|bright lighting|festive decor|joyful moment|belfast wedding|candid photography,MKB001758
Ulster museum,reception and party,mkb-weddings-ulster-museum-belfast-wedding-photographer--45_500.webp,,,,,,,,,,,ulster museum|wedding reception|sparkler exit|bride and groom|wedding guests|evening celebration|low light|party atmosphere|joyful moment|indoor wedding|candid wedding|belfast wedding,MKB001759
Ulster museum,reception and party,mkb-weddings-ulster-museum-belfast-wedding-photographer--46_500.webp,,,,,,,,,,,reception|party|sparkler exit|bride and groom|wedding guests|night|dramatic lighting|celebration|joyful|wedding send off|ulster museum|belfast wedding,MKB001760
Ulster museum,reception and party,mkb-weddings-ulster-museum-belfast-wedding-photographer--47_500.webp,,,,,,,,,,,ulster museum|wedding reception|dance floor|bride and groom|wedding guests|party dancing|evening reception|bright lights|uplighting|festive mood|celebration|candid moment,MKB001761
Whistledown Hotel,couple portraits,MKB-weddings-northern-ireland-wedding-photographer-whistledown-hotel-warringpoint-wedding-photography-412_500.webp,,,,,,,,,,,whistledown hotel|couple portraits|bride and groom|outdoor portraits|garden walkway|sunny light|romantic|relaxed mood|wedding bouquet|walking together|summer wedding|natural light,MKB001762
Whistledown Hotel,couple portraits,MKB-weddings-northern-ireland-wedding-photographer-whistledown-hotel-warringpoint-wedding-photography-456_500.webp,,,,,,,,,,,couple portraits|bride and groom|outdoor wedding|riverside portraits|romantic|natural light|sunlit|wedding dress|black tie|intimate pose|whistledown hotel|northern ireland wedding,MKB001763
Whistledown Hotel,couple portraits,MKB-weddings-northern-ireland-wedding-photographer-whistledown-hotel-warringpoint-wedding-photography-463_500.webp,,,,,,,,,,,couple portraits|bride and groom|outdoor portraits|walking together|holding hands|tree lined path|dramatic light|natural light|romantic|candid moment|wedding day|whistledown hotel,MKB001764
Whistledown Hotel,couple portraits,MKB-weddings-northern-ireland-wedding-photographer-whistledown-hotel-warringpoint-wedding-photography-480_500.webp,,,,,,,,,,,bridal portrait|bride|outdoor portrait|garden greenery|natural light|soft sunlight|wedding bouquet|white dress|romantic mood|elegant bride|couple portraits|whistledown hotel,MKB001765
Whistledown Hotel,getting ready,MKB-weddings-northern-ireland-wedding-photographer-whistledown-hotel-warringpoint-wedding-photography-152_500.webp,,,,,,,,,,,getting ready|bride|wedding dress|bridal portrait|dress train|indoor|black and white|soft light|elegant|quiet moment|whistledown hotel|northern ireland wedding,MKB001766
Whistledown Hotel,reception and party,MKB-weddings-northern-ireland-wedding-photographer-whistledown-hotel-warringpoint-wedding-photography-415_500.webp,,,,,,,,,,,wedding reception|bride and groom|behind the bar|pouring drinks|party moments|hotel wedding|flash photography|candid|fun|evening reception|celebration|whistledown hotel,MKB001767
Wool tower,ceremony,mkb-weddings-mkb-photography-northern-ireland-wedding-photography-wool-tower-broughshane-wedding-photography-178_500.webp,,,,,,,,,,,wool tower|ceremony|groom|wedding guests|indoor ceremony|rustic brick|warm lighting|candid|anticipation|aisle moment|romantic mood|northern ireland,MKB001768
Wool tower,ceremony,mkb-weddings-mkb-photography-northern-ireland-wedding-photography-wool-tower-broughshane-wedding-photography-224_500.webp,,,,,,,,,,,wedding ceremony|bride and groom|aisle walk|indoor ceremony|warm lighting|rustic brick|wedding guests|romantic moment|holding hands|wool tower,MKB001769
Wool tower,ceremony,mkb-weddings-mkb-photography-northern-ireland-wedding-photography-wool-tower-broughshane-wedding-photography-243_500.webp,,,,,,,,,,,ceremony|wool tower|bride|groom|family hug|emotional moment|black and white|indoor ceremony|brick walls|natural light|wedding guests|intimate,MKB001770
Wool tower,ceremony,mkb-weddings-mkb-photography-northern-ireland-wedding-photography-wool-tower-broughshane-wedding-photography-308_500.webp,,,,,,,,,,,ceremony|register signing|bride and groom|wedding certificate|brick interior|natural light|romantic|intimate moment|wedding bouquet|newlyweds|indoor ceremony|wool tower,MKB001771
Wool tower,couple portraits,mkb-weddings-mkb-photography-northern-ireland-wedding-photography-wool-tower-broughshane-wedding-photography-417_500.webp,,,,,,,,,,,wool tower|couple portraits|bride and groom|rustic brick|industrial backdrop|outdoor portraits|soft overcast light|romantic mood|wedding portraits|historic courtyard|northern ireland wedding,MKB001772
Wool tower,couple portraits,mkb-weddings-mkb-photography-northern-ireland-wedding-photography-wool-tower-broughshane-wedding-photography-336_500.webp,creative-flash,,,,,,,,,,couple portraits|bride and groom|wedding portrait|wool tower|industrial backdrop|indoor portrait|dramatic lighting|moody|red door|elegant|wedding dress|black tuxedo,MKB001773
Wool tower,couple portraits,mkb-weddings-mkb-photography-northern-ireland-wedding-photography-wool-tower-broughshane-wedding-photography-347_500.webp,,,,,,,,,,,couple portraits|bride and groom|outdoor portraits|romantic|soft sunlight|warm light|wedding bouquet|bridal gown|groom suit|garden setting|intimate moment|wool tower,MKB001774
Wool tower,couple portraits,mkb-weddings-mkb-photography-northern-ireland-wedding-photography-wool-tower-broughshane-wedding-photography-397_500.webp,,,,,,,,,,,wool tower|couple portraits|bride and groom|outdoor portrait|golden hour|romantic|forehead kiss|wedding bouquet|bridal veil|garden setting|soft light|intimate moment,MKB001775
Wool tower,couple portraits,mkb-weddings-mkb-photography-northern-ireland-wedding-photography-wool-tower-broughshane-wedding-photography-403_500.webp,,,,,,,,,,,couple portraits|bride and groom|wool tower|woodland path|autumn wedding|soft natural light|romantic|elegant|bridal bouquet|wedding dress|black suit|newlyweds,MKB001776
Wool tower,couple portraits,mkb-weddings-mkb-photography-northern-ireland-wedding-photography-wool-tower-broughshane-wedding-photography-412_500.webp,,,,,,,,,,,couple portraits|bride and groom|outdoor portraits|garden path|soft sunlight|romantic|autumn foliage|wedding dress|black tie|bridal veil|intimate moment|wool tower,MKB001777
Wool tower,couple portraits,mkb-weddings-mkb-photography-northern-ireland-wedding-photography-wool-tower-broughshane-wedding-photography-414_500.webp,,,,,,,,,,,wool tower|couple portraits|bride and groom|wedding portrait|brick backdrop|industrial style|outdoor portrait|natural light|romantic mood|holding hands|elegant wedding|northern ireland wedding,MKB001778
Wool tower,couple portraits,mkb-weddings-mkb-photography-northern-ireland-wedding-photography-wool-tower-broughshane-wedding-photography-436_500.webp,creative-flash,,,,,,,,,,couple portraits|bride and groom|wedding portrait|black and white|indoor portrait|stone interior|staircase|chandelier|romantic|intimate moment|soft light|wool tower,MKB001779
Wool tower,couple portraits,mkb-weddings-mkb-photography-northern-ireland-wedding-photography-wool-tower-broughshane-wedding-photography-437_500.webp,,,,,,,,,,,couple portraits|bride and groom|wool tower|night portrait|fairy lights|black and white|romantic|intimate moment|wedding veil|stone wall|moody lighting|wedding day,MKB001780
Wool tower,couple portraits,mkb-weddings-mkb-photography-northern-ireland-wedding-photography-wool-tower-broughshane-wedding-photography-442_500.webp,,,,,,,,,,,wool tower|couple portraits|bride and groom|first dance|twirling bride|rustic reception|fairy lights|warm lighting|romantic mood|joyful moment|indoor wedding|wedding dress,MKB001781
Wool tower,couple portraits,mkb-weddings-mkb-photography-northern-ireland-wedding-photography-wool-tower-broughshane-wedding-photography-448_500.webp,,,,,,,,,,,wool tower|couple portraits|bride and groom|indoor portrait|fairy lights|romantic|intimate moment|forehead touch|wedding dress|veil|warm lighting|wedding day,MKB001782
Wool tower,family and bridal party,mkb-weddings-mkb-photography-northern-ireland-wedding-photography-wool-tower-broughshane-wedding-photography-379_500.webp,,,,,,,,,,,wool tower|bridal party|bride and groom|groomsmen|bridesmaids|outdoor portraits|garden wedding|brick wall|natural light|playful moment|dip kiss|joyful,MKB001783
Wool tower,family and bridal party,mkb-weddings-mkb-photography-northern-ireland-wedding-photography-wool-tower-broughshane-wedding-photography-453_500.webp,,,,,,,,,,,wool tower|groomsmen|groom party|indoor portraits|lounge setting|warm lighting|moody|relaxed|candid|black tie|wedding morning|bridal party,MKB001784
Wool tower,getting ready,mkb-weddings-mkb-photography-northern-ireland-wedding-photography-wool-tower-broughshane-wedding-photography-100_500.webp,,,,,,,,,,,getting ready|bridal details|bride hands|engagement ring|pearl bracelet|wedding jewellery|manicured nails|close up|soft light|intimate moment|wool tower|morning prep,MKB001785
Wool tower,getting ready,mkb-weddings-mkb-photography-northern-ireland-wedding-photography-wool-tower-broughshane-wedding-photography-107_500.webp,,,,,,,,,,,wool tower|getting ready|groom|groomsmen|suits|drinks|black and white|rustic interior|industrial decor|moody lighting|candid moment|wedding morning,MKB001786
Wool tower,getting ready,mkb-weddings-mkb-photography-northern-ireland-wedding-photography-wool-tower-broughshane-wedding-photography-110_500.webp,,,,,,,,,,,wool tower|groom|groomsmen|wedding party|black tie|outdoor portrait|brick arch|string lights|soft daylight|relaxed|getting ready|northern ireland wedding,MKB001787
Wool tower,getting ready,mkb-weddings-mkb-photography-northern-ireland-wedding-photography-wool-tower-broughshane-wedding-photography-112_500.webp,,,,,,,,,,,groom|groomsmen|getting ready|black tie|outdoor portrait|brick archway|natural light|candid|relaxed mood|wedding party|wool tower,MKB001788
Wool tower,getting ready,mkb-weddings-mkb-photography-northern-ireland-wedding-photography-wool-tower-broughshane-wedding-photography-115_500.webp,,,,,,,,,,,groom portrait|getting ready|black tuxedo|brick arch|string lights|outdoor portrait|soft light|romantic mood|wedding morning|wool tower|northern ireland wedding,MKB001789
Wool tower,getting ready,mkb-weddings-mkb-photography-northern-ireland-wedding-photography-wool-tower-broughshane-wedding-photography-116_500.webp,,,,,,,,,,,groom|getting ready|bow tie|buttonhole|groom portrait|outdoor portrait|brick arch|soft light|romantic|wedding morning|black suit|wool tower,MKB001790
Wool tower,getting ready,mkb-weddings-mkb-photography-northern-ireland-wedding-photography-wool-tower-broughshane-wedding-photography-13_500.webp,,,,,,,,,,,getting ready|bridal makeup|bride portrait|lipstick application|pearl headband|wedding morning|soft light|calm mood|indoor portrait|beauty details|wool tower,MKB001791
Wool tower,getting ready,mkb-weddings-mkb-photography-northern-ireland-wedding-photography-wool-tower-broughshane-wedding-photography-131_500.webp,,,,,,,,,,,getting ready|bride|wedding dress|mirror portrait|bridal prep|soft light|elegant|romantic|indoor|wool tower,MKB001792
Wool tower,getting ready,mkb-weddings-mkb-photography-northern-ireland-wedding-photography-wool-tower-broughshane-wedding-photography-141_500.webp,,,,,,,,,,,wool tower|getting ready|bride|bridesmaids|veil|bridal prep|black and white|mirror light|window light|candid|emotional|wedding morning,MKB001793
Wool tower,getting ready,mkb-weddings-mkb-photography-northern-ireland-wedding-photography-wool-tower-broughshane-wedding-photography-142_500.webp,,,,,,,,,,,wool tower|getting ready|bride|bridal prep|wedding dress|veil|bridesmaid helping|indoor|warm light|romantic|candid|bridal portrait,MKB001794
Wool tower,getting ready,mkb-weddings-mkb-photography-northern-ireland-wedding-photography-wool-tower-broughshane-wedding-photography-153_500.webp,,,,,,,,,,,wool tower|getting ready|bride and groom|first look|wedding dress|bouquet|indoor portraits|warm lighting|rustic brick|emotional moment|romantic|northern ireland wedding,MKB001795
Wool tower,getting ready,mkb-weddings-mkb-photography-northern-ireland-wedding-photography-wool-tower-broughshane-wedding-photography-162_500.webp,,,,,,,,,,,wool tower|getting ready|bride|groom|veil|bouquet|black and white|mirror lights|emotional|candid|wedding morning|intimate moment,MKB001796
Wool tower,getting ready,mkb-weddings-mkb-photography-northern-ireland-wedding-photography-wool-tower-broughshane-wedding-photography-34_500.webp,,,,,,,,,,,wool tower|getting ready|bridal shoes|wedding dress|bride details|black and white|soft light|elegant|quiet moment|wedding morning,MKB001797
Wool tower,getting ready,mkb-weddings-mkb-photography-northern-ireland-wedding-photography-wool-tower-broughshane-wedding-photography-5_500.webp,,,,,,,,,,,wedding rings|invitation details|getting ready|bridal details|burgundy ribbon|soft light|romantic|elegant|detail shot|wool tower,MKB001798
Wool tower,getting ready,mkb-weddings-mkb-photography-northern-ireland-wedding-photography-wool-tower-broughshane-wedding-photography-60_500.webp,,,,,,,,,,,getting ready|bridal party|bridesmaids|champagne toast|wedding morning|personalised slippers|overhead shot|soft light|celebration|joyful mood|wool tower|details,MKB001799
Wool tower,getting ready,mkb-weddings-mkb-photography-northern-ireland-wedding-photography-wool-tower-broughshane-wedding-photography-70_500.webp,,,,,,,,,,,getting ready|bridal party|bridesmaids|pajamas|garden|outdoor|natural light|candid|joyful|pre ceremony|wool tower,MKB001800
Wool tower,getting ready,mkb-weddings-mkb-photography-northern-ireland-wedding-photography-wool-tower-broughshane-wedding-photography-92_500.webp,,,,,,,,,,,getting ready|bride|bridal prep|earrings|mirror reflection|wedding morning|warm lighting|candlelight|intimate moment|white robe|wool tower|northern ireland wedding,MKB001801
Wool tower,getting ready,mkb-weddings-mkb-photography-northern-ireland-wedding-photography-wool-tower-broughshane-wedding-photography-98_500.webp,,,,,,,,,,,wool tower|getting ready|bridal prep|bride|bridesmaid|jewellery|bracelet|morning preparations|warm lighting|intimate moment|candid|wedding morning,MKB001802
Wool tower,reception and party,mkb-weddings-mkb-photography-northern-ireland-wedding-photography-wool-tower-broughshane-wedding-photography-339_500.webp,,,,,,,,,,,wool tower|reception|cake cutting|wedding cake|bride and groom|indoor reception|warm lighting|romantic|joyful|rustic decor|party moment,MKB001803
Wool tower,reception and party,mkb-weddings-mkb-photography-northern-ireland-wedding-photography-wool-tower-broughshane-wedding-photography-463_500.webp,,,,,,,,,,,wool tower|wedding reception|speeches|best man speech|top table|bride and groom|wedding guests|candlelight|warm lighting|rustic decor|celebration|candid moments,MKB001804
Millbrook lodge,ceremony,mkb-weddings-millbrook-lodge-ballynahinch-wedding-photographer-dave-siobhan--132_500.webp,,,,,,,,,,,millbrook lodge|outdoor ceremony|groom|black tuxedo|buttonhole|sunglasses|sunny light|red canopy|wedding guests|happy mood|ceremony moment|summer wedding,MKB001805
Millbrook lodge,ceremony,mkb-weddings-millbrook-lodge-ballynahinch-wedding-photographer-dave-siobhan--133_500.webp,,,,,,,,,,,millbrook lodge|ceremony|bride entrance|outdoor aisle|wedding guests|sunny light|joyful mood|bridal bouquet|processional|summer wedding,MKB001806
Millbrook lodge,ceremony,mkb-weddings-millbrook-lodge-ballynahinch-wedding-photographer-dave-siobhan--134_500.webp,,,,,,,,,,,millbrook lodge|outdoor ceremony|wedding aisle|bride entrance|standing guests|sunny day|natural light|garden wedding|ceremony seating|joyful mood|wedding flowers|processional,MKB001807
Millbrook lodge,ceremony,mkb-weddings-millbrook-lodge-ballynahinch-wedding-photographer-dave-siobhan--135_500.webp,,,,,,,,,,,millbrook lodge|outdoor ceremony|bride entrance|groom waiting|wedding aisle|wedding guests|bridal bouquet|sunny light|joyful mood|ceremony moment,MKB001808
Millbrook lodge,ceremony,mkb-weddings-millbrook-lodge-ballynahinch-wedding-photographer-dave-siobhan--136_500.webp,,,,,,,,,,,millbrook lodge|outdoor ceremony|bride and groom|wedding vows|sunny light|romantic mood|ceremony guests|floral decor|orange accents|garden wedding|altar moment|summer wedding,MKB001809
Millbrook lodge,ceremony,mkb-weddings-millbrook-lodge-ballynahinch-wedding-photographer-dave-siobhan--137_500.webp,,,,,,,,,,,millbrook lodge|outdoor ceremony|bride and groom|wedding vows|sunny light|romantic|happy moment|garden wedding|ceremony guests|summer wedding|natural light|intimate ceremony,MKB001810
Millbrook lodge,ceremony,mkb-weddings-millbrook-lodge-ballynahinch-wedding-photographer-dave-siobhan--138_500.webp,,,,,,,,,,,millbrook lodge|outdoor ceremony|bride and groom|wedding vows|sunny light|joyful moment|garden wedding|ceremony arch|officiant|romantic|candid laughter|summer wedding,MKB001811
Millbrook lodge,ceremony,mkb-weddings-millbrook-lodge-ballynahinch-wedding-photographer-dave-siobhan--139_500.webp,,,,,,,,,,,millbrook lodge|outdoor ceremony|garden wedding|bride and groom|wedding guests|sunny light|romantic mood|ceremony vows|aisle view|summer wedding|candid ceremony|wedding photographer,MKB001812
Millbrook lodge,ceremony,mkb-weddings-millbrook-lodge-ballynahinch-wedding-photographer-dave-siobhan--141_500.webp,,,,,,,,,,,millbrook lodge|outdoor ceremony|bride and groom|wedding vows|officiant|ceremony guests|sunny light|garden wedding|romantic mood|red canopy|summer wedding|ceremony moment,MKB001813
Millbrook lodge,ceremony,mkb-weddings-millbrook-lodge-ballynahinch-wedding-photographer-dave-siobhan--142_500.webp,,,,,,,,,,,millbrook lodge|outdoor ceremony|bride and groom|wedding vows|sunny light|romantic|happy couple|ceremony arch|wedding guests|garden ceremony|daytime wedding|emotional moment,MKB001814
Millbrook lodge,ceremony,mkb-weddings-millbrook-lodge-ballynahinch-wedding-photographer-dave-siobhan--143_500.webp,,,,,,,,,,,millbrook lodge|outdoor ceremony|bride and groom|wedding vows|sunny light|romantic mood|ceremony guests|garden setting|wrought iron gates|floral decor|red canopy|wedding altar,MKB001815
Millbrook lodge,ceremony,mkb-weddings-millbrook-lodge-ballynahinch-wedding-photographer-dave-siobhan--144_500.webp,,,,,,,,,,,millbrook lodge|outdoor ceremony|bride and groom|wedding vows|emotional groom|sunny ceremony|guest reactions|romantic moment|natural light|wedding dress|ceremony aisle|joyful mood,MKB001816
Millbrook lodge,ceremony,mkb-weddings-millbrook-lodge-ballynahinch-wedding-photographer-dave-siobhan--145_500.webp,,,,,,,,,,,millbrook lodge|ceremony|wedding rings|ring box|groom hands|close up|natural light|emotional|intimate moment|ring exchange|wedding details,MKB001817
Millbrook lodge,ceremony,mkb-weddings-millbrook-lodge-ballynahinch-wedding-photographer-dave-siobhan--146_500.webp,,,,,,,,,,,millbrook lodge|ceremony|wedding rings|ring exchange|close up|hands|outdoor ceremony|natural light|emotional moment|romantic|wedding vows|detail shot,MKB001818
Millbrook lodge,ceremony,mkb-weddings-millbrook-lodge-ballynahinch-wedding-photographer-dave-siobhan--147_500.webp,,,,,,,,,,,millbrook lodge|ceremony|ring exchange|wedding rings|close up|hands|bride and groom|outdoor ceremony|natural light|romantic|emotional|wedding vows,MKB001819
Millbrook lodge,ceremony,mkb-weddings-millbrook-lodge-ballynahinch-wedding-photographer-dave-siobhan--148_500.webp,,,,,,,,,,,millbrook lodge|outdoor ceremony|bride and groom|first kiss|wedding ceremony|sunny light|joyful mood|guest reactions|garden wedding|altar moment|romantic kiss|summer wedding,MKB001820
Millbrook lodge,ceremony,mkb-weddings-millbrook-lodge-ballynahinch-wedding-photographer-dave-siobhan--149_500.webp,,,,,,,,,,,millbrook lodge|outdoor ceremony|bride and groom|first kiss|wedding rings|sunny light|joyful moment|romantic|wedding dress|black tie|bridal bouquet|just married,MKB001821
Millbrook lodge,ceremony,mkb-weddings-millbrook-lodge-ballynahinch-wedding-photographer-dave-siobhan--150_500.webp,,,,,,,,,,,millbrook lodge|ceremony|handfasting|bride and groom|holding hands|wedding vows|outdoor ceremony|sunlight|floral decor|romantic|intimate moment|summer wedding,MKB001822
Millbrook lodge,ceremony,mkb-weddings-millbrook-lodge-ballynahinch-wedding-photographer-dave-siobhan--151_500.webp,,,,,,,,,,,millbrook lodge|outdoor ceremony|bride and groom|wedding ceremony|sunny light|joyful moment|floral decor|bridesmaids|officiant|garden wedding|candid laughter|summer wedding,MKB001823
Millbrook lodge,ceremony,mkb-weddings-millbrook-lodge-ballynahinch-wedding-photographer-dave-siobhan--152_500.webp,,,,,,,,,,,millbrook lodge|outdoor ceremony|first kiss|bride and groom|wedding guests|aisle moment|sunny light|joyful mood|confetti aisle|garden wedding|ceremony kiss|applause,MKB001824
Millbrook lodge,ceremony,mkb-weddings-millbrook-lodge-ballynahinch-wedding-photographer-dave-siobhan--153_500.webp,,,,,,,,,,,millbrook lodge|outdoor ceremony|bride and groom|recessional|aisle walk|sunny light|joyful|guests applauding|garden wedding|ceremony exit|summer wedding|candid moment,MKB001825
Millbrook lodge,couple portraits,mkb-weddings-millbrook-lodge-ballynahinch-wedding-photographer-dave-siobhan--155_500.webp,,,,,,,,,,,millbrook lodge|couple portraits|bride and groom|ice cream truck|wedding kiss|sunny light|fun mood|candid moment|outdoor portrait|romantic|summer wedding,MKB001826
Millbrook lodge,couple portraits,mkb-weddings-millbrook-lodge-ballynahinch-wedding-photographer-dave-siobhan--159_500.webp,,,,,,,,,,,millbrook lodge|couple portraits|bride and groom|wedding kiss|garden portrait|hedge backdrop|sunlit|romantic|intimate moment|bridal bouquet|outdoor wedding|wedding dress,MKB001827
Millbrook lodge,couple portraits,mkb-weddings-millbrook-lodge-ballynahinch-wedding-photographer-dave-siobhan--161_500.webp,,,,,,,,,,,millbrook lodge|couple portraits|bride and groom|woodland|romantic kiss|wedding dress|long veil|bridal bouquet|sunflowers|dappled light|intimate moment|outdoor wedding,MKB001828
Millbrook lodge,couple portraits,mkb-weddings-millbrook-lodge-ballynahinch-wedding-photographer-dave-siobhan--162_500.webp,,,,,,,,,,,millbrook lodge|couple portraits|bride and groom|garden walkway|outdoor wedding|golden light|backlit|romantic|natural moments|wedding portraits|bridal bouquet|summer wedding,MKB001829
Millbrook lodge,couple portraits,mkb-weddings-millbrook-lodge-ballynahinch-wedding-photographer-dave-siobhan--163_500.webp,,,,,Y,2,Y,8,,,millbrook lodge|couple portraits|bride and groom|garden portrait|outdoor wedding|sunlit|romantic|wedding bouquet|summer wedding|natural light|wedding dress|newlyweds,MKB001830
Millbrook lodge,couple portraits,mkb-weddings-millbrook-lodge-ballynahinch-wedding-photographer-dave-siobhan--164_500.webp,,,,,,,,,,,millbrook lodge|couple portraits|bride and groom|garden portraits|natural light|romantic|joyful|wedding bouquet|sunflower bouquet|veil|outdoor wedding|intimate moment,MKB001831
Millbrook lodge,couple portraits,mkb-weddings-millbrook-lodge-ballynahinch-wedding-photographer-dave-siobhan--165_500.webp,,,,,,,,,,,millbrook lodge|couple portraits|bride and groom|woodland portrait|sunflower bouquet|soft sunlight|romantic|intimate moment|wedding dress|bridal veil|groom suit|embrace,MKB001832
Millbrook lodge,couple portraits,mkb-weddings-millbrook-lodge-ballynahinch-wedding-photographer-dave-siobhan--166_500.webp,,,,,,,,,,,millbrook lodge|couple portraits|bride and groom|garden portraits|outdoor wedding|spring flowers|natural light|romantic|walking together|wedding dress|groom suit|sunny day,MKB001833
Millbrook lodge,couple portraits,mkb-weddings-millbrook-lodge-ballynahinch-wedding-photographer-dave-siobhan--167_500.webp,,,,,,,,,,,millbrook lodge|couple portraits|bride and groom|garden portraits|outdoor wedding|sunlit|natural light|romantic|relaxed|wedding dress|groom suit|tree backdrop,MKB001834
Millbrook lodge,couple portraits,mkb-weddings-millbrook-lodge-ballynahinch-wedding-photographer-dave-siobhan--168_500.webp,,,,,,,,,,,millbrook lodge|couple portraits|bride and groom|outdoor portraits|garden setting|golden light|backlit|romantic|holding hands|wedding bouquet|elegant wedding|natural light,MKB001835
Millbrook lodge,couple portraits,mkb-weddings-millbrook-lodge-ballynahinch-wedding-photographer-dave-siobhan--169_500.webp,,,,,,,,,,,millbrook lodge|couple portraits|bride and groom|outdoor portrait|golden light|romantic|joyful|wedding bouquet|sunflower bouquet|garden setting|natural light|wedding day,MKB001836
Millbrook lodge,couple portraits,mkb-weddings-millbrook-lodge-ballynahinch-wedding-photographer-dave-siobhan--170_500.webp,,,,,,,,,,,millbrook lodge|couple portraits|bride and groom|garden portrait|floral backdrop|sunlit|romantic|joyful|wedding dress|bridal bouquet|outdoor wedding|wedding day,MKB001837
Millbrook lodge,couple portraits,mkb-weddings-millbrook-lodge-ballynahinch-wedding-photographer-dave-siobhan--171_500.webp,,,,,,,,,,,millbrook lodge|couple portraits|bride and groom|garden portrait|romantic kiss|soft natural light|floral backdrop|wedding bouquet|sunflower bouquet|intimate moment|outdoor wedding|romantic mood,MKB001838
Millbrook lodge,couple portraits,mkb-weddings-millbrook-lodge-ballynahinch-wedding-photographer-dave-siobhan--172_500.webp,,,,,Y,1,,,,,millbrook lodge|couple portraits|bride and groom|woodland path|outdoor wedding|dappled light|romantic|natural greenery|walking together|wedding dress|bridal bouquet|golden sunlight,MKB001839
Millbrook lodge,couple portraits,mkb-weddings-millbrook-lodge-ballynahinch-wedding-photographer-dave-siobhan--173_500.webp,,,,,Y,3,Y,4,,,millbrook lodge|couple portraits|bride and groom|woodland|outdoor wedding|natural light|romantic|intimate moment|wedding bouquet|bridal veil|sunlit|wedding portraits,MKB001840
Millbrook lodge,couple portraits,mkb-weddings-millbrook-lodge-ballynahinch-wedding-photographer-dave-siobhan--174_500.webp,,,,,,,,,,,millbrook lodge|couple portraits|bride and groom|woodland|sunlit|romantic|intimate|wedding bouquet|veil|outdoor portraits|golden light|wedding day,MKB001841
Millbrook lodge,couple portraits,mkb-weddings-millbrook-lodge-ballynahinch-wedding-photographer-dave-siobhan--176_500.webp,,,,,,,,,,,millbrook lodge|couple portraits|bride and groom|outdoor portrait|garden setting|natural light|romantic|elegant|wedding bouquet|black tie|summer wedding|newlyweds,MKB001842
Millbrook lodge,couple portraits,mkb-weddings-millbrook-lodge-ballynahinch-wedding-photographer-dave-siobhan--177_500.webp,,,,,,,,,,,millbrook lodge|couple portraits|bride and groom|outdoor portrait|veil portrait|soft daylight|romantic|intimate moment|forehead touch|wedding day|natural light,MKB001843
Millbrook lodge,couple portraits,mkb-weddings-millbrook-lodge-ballynahinch-wedding-photographer-dave-siobhan--178_500.webp,,,,,,,,,,,millbrook lodge|couple portraits|bride and groom|outdoor portrait|forehead kiss|wedding veil|autumn foliage|natural light|romantic|intimate moment|wedding day|ballynahinch,MKB001844
Millbrook lodge,couple portraits,mkb-weddings-millbrook-lodge-ballynahinch-wedding-photographer-dave-siobhan--207_500.webp,,,,,,,,,,,millbrook lodge|couple portraits|bride and groom|outdoor portrait|golden hour|romantic|candid smile|wedding dress|black tie|lakeside|embrace|wedding day,MKB001845
Millbrook lodge,couple portraits,mkb-weddings-millbrook-lodge-ballynahinch-wedding-photographer-dave-siobhan--208_500.webp,,,,,,,,,,,millbrook lodge|couple portraits|bride and groom|gazebo|outdoor wedding|golden hour|romantic|holding hands|wedding dress|black tie|soft light|newlyweds,MKB001846
Millbrook lodge,details and decor,mkb-weddings-millbrook-lodge-ballynahinch-wedding-photographer-dave-siobhan--100_500.webp,,,,,,,,,,,wedding details|bridal flat lay|wedding rings|bridal shoes|wedding perfume|bouquet details|invitation suite|soft natural light|romantic details|morning preparations|millbrook lodge,MKB001847
Millbrook lodge,details and decor,mkb-weddings-millbrook-lodge-ballynahinch-wedding-photographer-dave-siobhan--102_500.webp,,,,,,,,,,,wedding flowers|floral decor|sunflower bouquet|autumn tones|detail shot|table decor|rustic decor|soft light|romantic mood|wedding details|millbrook lodge,MKB001848
Millbrook lodge,details and decor,mkb-weddings-millbrook-lodge-ballynahinch-wedding-photographer-dave-siobhan--104_500.webp,,,,,,,,,,,groom details|cufflinks|wedding accessories|shirt cuff|getting ready|close up|hands|soft light|elegant|personalised detail|millbrook lodge|wedding morning,MKB001849
Millbrook lodge,details and decor,mkb-weddings-millbrook-lodge-ballynahinch-wedding-photographer-dave-siobhan--119_500.webp,,,,,,,,,,,wedding dress|bridal gown|dress details|bridal prep|bedroom scene|no people|natural light|soft mood|wedding morning|millbrook lodge|bridal details|indoor decor,MKB001850
Millbrook lodge,details and decor,mkb-weddings-millbrook-lodge-ballynahinch-wedding-photographer-dave-siobhan--158_500.webp,,,,,,,,,,,bridal bouquet|bride|wedding flowers|sunflowers|colourful florals|outdoor portrait|summer wedding|natural light|romantic|wedding details|millbrook lodge|bridal style,MKB001851
Millbrook lodge,details and decor,mkb-weddings-millbrook-lodge-ballynahinch-wedding-photographer-dave-siobhan--179_500.webp,,,,,,,,,,,wedding cake|cake display|floral cake|orange flowers|sunflowers|wedding decor|reception details|natural light|romantic|rustic elegant|millbrook lodge|details,MKB001852
Millbrook lodge,details and decor,mkb-weddings-millbrook-lodge-ballynahinch-wedding-photographer-dave-siobhan--180_500.webp,,,,,Y,5,Y,4,,,millbrook lodge|reception decor|wedding breakfast|table setting|orange accents|floral centrepieces|place cards|bright natural light|elegant details|romantic mood|no people|details and decor,MKB001853
Millbrook lodge,family and bridal party,mkb-weddings-millbrook-lodge-ballynahinch-wedding-photographer-dave-siobhan--157_500.webp,,,,,,,,,,,millbrook lodge|bridesmaids|bridal party|red dresses|outdoor portraits|summer wedding|drinks toast|sunny light|candid laughter|garden wedding|wedding morning|group photo,MKB001854
Millbrook lodge,family and bridal party,mkb-weddings-millbrook-lodge-ballynahinch-wedding-photographer-dave-siobhan--160_500.webp,,,,,,,,,,,millbrook lodge|family portraits|bridal party|bride|groomsmen|cheek kiss|outdoor portrait|garden hedge|sunlight|joyful|wedding bouquet|candid moment,MKB001855
Millbrook lodge,family and bridal party,mkb-weddings-millbrook-lodge-ballynahinch-wedding-photographer-dave-siobhan--181_500.webp,,,,,,,,,,,millbrook lodge|groomsmen|bridal party|outdoor portraits|wedding suits|orange ties|umbrella|rainy wedding|fun moments|candid|group portrait|garden path,MKB001856
Millbrook lodge,family and bridal party,mkb-weddings-millbrook-lodge-ballynahinch-wedding-photographer-dave-siobhan--182_500.webp,,,,,,,,,,,millbrook lodge|groomsmen|bridal party|outdoor portraits|garden setting|sunlit|candid laughter|joyful|black suits|buttonholes|wedding morning|group photo,MKB001857
Millbrook lodge,family and bridal party,mkb-weddings-millbrook-lodge-ballynahinch-wedding-photographer-dave-siobhan--183_500.webp,,,,,,,,,,,millbrook lodge|bridal party|bride and groom|bridesmaids|groomsmen|outdoor portraits|sunny light|candid moment|joyful|wedding bouquets|orange dresses|group portrait,MKB001858
Millbrook lodge,family and bridal party,mkb-weddings-millbrook-lodge-ballynahinch-wedding-photographer-dave-siobhan--184_500.webp,,,,,,,,,,,millbrook lodge|bridal party|bridesmaids|bride and groom|outdoor portrait|wedding flowers|red dresses|natural light|sunny garden|joyful|group photo|wedding portraits,MKB001859
Millbrook lodge,family and bridal party,mkb-weddings-millbrook-lodge-ballynahinch-wedding-photographer-dave-siobhan--185_500.webp,,,,,,,,,,,millbrook lodge|bridal party|bride and groom|bridesmaids|outdoor portraits|summer wedding|bouquets|orange dresses|natural light|joyful|smoke effect|wedding portraits,MKB001860
Millbrook lodge,family and bridal party,mkb-weddings-millbrook-lodge-ballynahinch-wedding-photographer-dave-siobhan--186_500.webp,,,,,,,,,,,millbrook lodge|bridal party|bride and groom|bridesmaids|outdoor portraits|summer wedding|natural light|sunlit garden|wedding bouquets|orange dresses|joyful|group portrait,MKB001861
Millbrook lodge,family and bridal party,mkb-weddings-millbrook-lodge-ballynahinch-wedding-photographer-dave-siobhan--187_500.webp,,,,,,,,,,,millbrook lodge|bride|bridesmaids|bridal party|outdoor portraits|garden wedding|bouquets|orange dresses|sunny light|candid laughter|joyful|wedding portraits,MKB001862
Millbrook lodge,family and bridal party,mkb-weddings-millbrook-lodge-ballynahinch-wedding-photographer-dave-siobhan--188_500.webp,,,,,,,,,,,millbrook lodge|bridal party|bride and groom|outdoor wedding|woodland garden|natural light|celebration|joyful|wedding kiss|orange bridesmaid dresses|groomsmen|confetti moment,MKB001863
Millbrook lodge,family and bridal party,mkb-weddings-millbrook-lodge-ballynahinch-wedding-photographer-dave-siobhan--189_500.webp,,,,,,,,,,,millbrook lodge|group portrait|bridal party|wedding guests|bride and groom|outdoor wedding|sunny light|joyful mood|waving guests|family photos|high angle|wedding celebration,MKB001864
Millbrook lodge,getting ready,mkb-weddings-millbrook-lodge-ballynahinch-wedding-photographer-dave-siobhan--103_500.webp,,,,,,,,,,,millbrook lodge|getting ready|groom|wedding car|red car|arrival|sunny|natural light|candid|relaxed|outdoor|wedding morning,MKB001865
Millbrook lodge,getting ready,mkb-weddings-millbrook-lodge-ballynahinch-wedding-photographer-dave-siobhan--105_500.webp,,,,,,,,,,,millbrook lodge|getting ready|groom prep|groomsmen|suit and tie|bar lounge|indoor light|candid moment|funny moment|wedding morning|black suits|red ties,MKB001866
Millbrook lodge,getting ready,mkb-weddings-millbrook-lodge-ballynahinch-wedding-photographer-dave-siobhan--106_500.webp,,,,,Y,4,Y,3,,,millbrook lodge|getting ready|groom prep|groomsmen|drinks toast|library|indoor|natural light|candid|relaxed|black suits|wedding morning,MKB001867
Millbrook lodge,getting ready,mkb-weddings-millbrook-lodge-ballynahinch-wedding-photographer-dave-siobhan--108_500.webp,,,,,,,,,,,millbrook lodge|getting ready|groomsmen|outdoor portraits|wedding suits|black tie|sunlit path|golden light|relaxed|candid walking|wedding morning|ballynahinch wedding,MKB001868
Millbrook lodge,getting ready,mkb-weddings-millbrook-lodge-ballynahinch-wedding-photographer-dave-siobhan--109_500.webp,,,,,,,,,,,millbrook lodge|getting ready|bride prep|hair rollers|bridal robe|mirror portrait|candid laughter|morning preparations|warm light|happy mood|chandelier|wedding morning,MKB001869
Millbrook lodge,getting ready,mkb-weddings-millbrook-lodge-ballynahinch-wedding-photographer-dave-siobhan--110_500.webp,,,,,Y,5,Y,2,,,millbrook lodge|getting ready|bridal makeup|bride|bridesmaids|red dresses|indoor|chandelier|soft light|candid|joyful|wedding prep,MKB001870
Millbrook lodge,getting ready,mkb-weddings-millbrook-lodge-ballynahinch-wedding-photographer-dave-siobhan--111_500.webp,,,,,,,,,,,getting ready|bridal makeup|bride portrait|makeup artist|wedding morning|soft light|natural glow|calm mood|beauty prep|millbrook lodge,MKB001871
Millbrook lodge,getting ready,mkb-weddings-millbrook-lodge-ballynahinch-wedding-photographer-dave-siobhan--112_500.webp,,,,,,,,,,,getting ready|bridal makeup|bride|makeup artist|indoor|window light|soft light|calm|candid|wedding morning|bridal prep|millbrook lodge,MKB001872
Millbrook lodge,getting ready,mkb-weddings-millbrook-lodge-ballynahinch-wedding-photographer-dave-siobhan--113_500.webp,,,,,,,,,,,getting ready|bride|bridal bouquet|indoor portrait|natural light|soft light|calm moment|wedding morning|floral details|millbrook lodge|bridal robe|romantic mood,MKB001873
Millbrook lodge,getting ready,mkb-weddings-millbrook-lodge-ballynahinch-wedding-photographer-dave-siobhan--115_500.webp,,,,,,,,,,,millbrook lodge|getting ready|bride portrait|bridal robe|wedding bouquet|window light|natural light|soft mood|quiet moment|sunflowers|indoor portrait|morning preparations,MKB001874
Millbrook lodge,getting ready,mkb-weddings-millbrook-lodge-ballynahinch-wedding-photographer-dave-siobhan--117_500.webp,,,,,,,,,,,millbrook lodge|getting ready|bridesmaids|bouquets|red dresses|indoor portrait|natural light|joyful|wedding party|floral details|candid laughter|pre ceremony,MKB001875
Millbrook lodge,getting ready,mkb-weddings-millbrook-lodge-ballynahinch-wedding-photographer-dave-siobhan--118_500.webp,,,,,,,,,,,getting ready|bride|bridal robe|wedding bouquet|sunflowers|window light|natural light|smiling|joyful|indoor portrait|millbrook lodge|bridal prep,MKB001876
Millbrook lodge,getting ready,mkb-weddings-millbrook-lodge-ballynahinch-wedding-photographer-dave-siobhan--120_500.webp,,,,,,,,,,,getting ready|bride|wedding dress|dress fitting|bridesmaid|indoor|soft light|candid|emotional|bridal prep|millbrook lodge,MKB001877
Millbrook lodge,getting ready,mkb-weddings-millbrook-lodge-ballynahinch-wedding-photographer-dave-siobhan--121_500.webp,,,,,,,,,,,millbrook lodge|getting ready|bride|bridesmaid|wedding dress|dress fitting|black and white|window light|candid|intimate moment|bridal prep|morning preparations,MKB001878
Millbrook lodge,getting ready,mkb-weddings-millbrook-lodge-ballynahinch-wedding-photographer-dave-siobhan--122_500.webp,,,,,Y,4,Y,2,,,millbrook lodge|getting ready|bride|bridesmaid|wedding dress|dress fitting|mirror portrait|natural light|joyful|candid moment|bridal prep|indoor,MKB001879
Millbrook lodge,getting ready,mkb-weddings-millbrook-lodge-ballynahinch-wedding-photographer-dave-siobhan--123_500.webp,,,,,,,,,,,millbrook lodge|getting ready|bride|bridesmaid|wedding dress|dress fastening|mirror reflection|black and white|soft light|candid|intimate moment|bridal prep,MKB001880
Millbrook lodge,getting ready,mkb-weddings-millbrook-lodge-ballynahinch-wedding-photographer-dave-siobhan--124_500.webp,,,,,,,,,,,millbrook lodge|getting ready|bride|wedding dress|bridal portrait|dress train|window light|elegant|calm moment|indoor|morning prep|wedding morning,MKB001881
Millbrook lodge,getting ready,mkb-weddings-millbrook-lodge-ballynahinch-wedding-photographer-dave-siobhan--125_500.webp,,,,,Y,3,Y,2,,,getting ready|bride|bridesmaids|wedding dress|orange bridesmaid dresses|bouquets|indoor portrait|natural light|anticipation|bridal prep|millbrook lodge|candid moment,MKB001882
Millbrook lodge,getting ready,mkb-weddings-millbrook-lodge-ballynahinch-wedding-photographer-dave-siobhan--126_500.webp,,,,,,,,,,,millbrook lodge|getting ready|bride|bridesmaids|bouquets|veil|black and white|indoor|soft light|emotional|bridal reveal|wedding morning,MKB001883
Millbrook lodge,getting ready,mkb-weddings-millbrook-lodge-ballynahinch-wedding-photographer-dave-siobhan--128_500.webp,,,,,,,,,,,getting ready|bride|bridesmaids|wedding dress|bridal party|bouquets|indoor|natural light|joyful|candid|dress reveal|millbrook lodge,MKB001884
Millbrook lodge,getting ready,mkb-weddings-millbrook-lodge-ballynahinch-wedding-photographer-dave-siobhan--129_500.webp,,,,,,,,,,,getting ready|bride|bridesmaids|dress fastening|bridal party|bouquets|orange dresses|indoor|natural light|joyful|candid|millbrook lodge,MKB001885
Millbrook lodge,getting ready,mkb-weddings-millbrook-lodge-ballynahinch-wedding-photographer-dave-siobhan--130_500.webp,,,,,,,,,,,millbrook lodge|getting ready|bride|bridesmaids|bridal party|bouquets|orange dresses|indoor portrait|natural light|joyful|wedding morning|group photo,MKB001886
Millbrook lodge,getting ready,mkb-weddings-millbrook-lodge-ballynahinch-wedding-photographer-dave-siobhan--131_500.webp,,,,,,,,,,,millbrook lodge|getting ready|bride|groom|bridal bouquet|emotional hug|indoor scene|window light|joyful moment|wedding morning|candid|family moment,MKB001887
Millbrook lodge,reception and party,mkb-weddings-millbrook-lodge-ballynahinch-wedding-photographer-dave-siobhan--190_500.webp,,,,,,,,,,,millbrook lodge|reception entrance|bridesmaids|orange dresses|bouquets|indoor reception|bright light|celebration|joyful|wedding party|party moment|candid,MKB001888
Millbrook lodge,reception and party,mkb-weddings-millbrook-lodge-ballynahinch-wedding-photographer-dave-siobhan--191_500.webp,,,,,,,,,,,millbrook lodge|wedding reception|party|bride and groom|wedding guests|toast|shots|bright light|fun|candid|sunglasses|celebration,MKB001889
Millbrook lodge,reception and party,mkb-weddings-millbrook-lodge-ballynahinch-wedding-photographer-dave-siobhan--192_500.webp,,,,,,,,,,,millbrook lodge|wedding reception|top table|bridal party|bride and groom|bridesmaids|groomsmen|bright indoor light|orange decor|floral centrepiece|party mood|reception entrance,MKB001890
Millbrook lodge,reception and party,mkb-weddings-millbrook-lodge-ballynahinch-wedding-photographer-dave-siobhan--193_500.webp,,,,,,,,,,,reception|wedding speeches|speaker|seated guests|banquet room|bright lighting|candid moment|joyful mood|table decor|millbrook lodge|wedding meal|party,MKB001891
Millbrook lodge,reception and party,mkb-weddings-millbrook-lodge-ballynahinch-wedding-photographer-dave-siobhan--194_500.webp,,,,,,,,,,,millbrook lodge|wedding reception|top table|wedding speeches|bride and groom|wedding party|floral centrepiece|bright natural light|joyful moments|candid laughter|reception decor|party celebration,MKB001892
Millbrook lodge,reception and party,mkb-weddings-millbrook-lodge-ballynahinch-wedding-photographer-dave-siobhan--195_500.webp,,,,,,,,,,,millbrook lodge|wedding reception|top table|bride and groom|laughter|candid moment|daylight|bright airy|floral centerpiece|wedding speeches|joyful mood|reception decor,MKB001893
Millbrook lodge,reception and party,mkb-weddings-millbrook-lodge-ballynahinch-wedding-photographer-dave-siobhan--196_500.webp,,,,,,,,,,,reception|wedding speeches|top table|groom speech|wedding party|floral decor|bright natural light|marquee reception|joyful mood|orange accents|millbrook lodge,MKB001894
Millbrook lodge,reception and party,mkb-weddings-millbrook-lodge-ballynahinch-wedding-photographer-dave-siobhan--197_500.webp,,,,,,,,,,,millbrook lodge|wedding reception|bride and groom|top table|candid moment|natural light|joyful mood|wedding guest|floral decor|reception speeches,MKB001895
Millbrook lodge,reception and party,mkb-weddings-millbrook-lodge-ballynahinch-wedding-photographer-dave-siobhan--198_500.webp,,,,,,,,,,,millbrook lodge|wedding reception|party entertainment|live performer|wedding guests|indoor reception|bright lighting|fun atmosphere|audience laughter|evening party|candid moments|reception room,MKB001896
Millbrook lodge,reception and party,mkb-weddings-millbrook-lodge-ballynahinch-wedding-photographer-dave-siobhan--199_500.webp,,,,,,,,,,,wedding reception|party entertainment|stage performance|guest participation|indoor reception|natural light|funny moment|lively mood|microphone|millbrook lodge|wedding guest|reception party,MKB001897
Millbrook lodge,reception and party,mkb-weddings-millbrook-lodge-ballynahinch-wedding-photographer-dave-siobhan--200_500.webp,,,,,,,,,,,millbrook lodge|wedding reception|bridal party|party games|live entertainment|group laughter|orange bridesmaid dresses|indoor reception|fun moments|candid photo|joyful mood|evening party,MKB001898
Millbrook lodge,reception and party,mkb-weddings-millbrook-lodge-ballynahinch-wedding-photographer-dave-siobhan--201_500.webp,,,,,,,,,,,millbrook lodge|reception|wedding party|guests|bridesmaids|groomsmen|indoor|flash lighting|laughing|fun|candid|party,MKB001899
Millbrook lodge,reception and party,mkb-weddings-millbrook-lodge-ballynahinch-wedding-photographer-dave-siobhan--203_500.webp,,,,,Y,6,Y,3,,,millbrook lodge|wedding reception|bridal party|bridesmaids|bride|candid reaction|indoor reception|soft light|joyful|funny moment|party|red dresses,MKB001900
Millbrook lodge,reception and party,mkb-weddings-millbrook-lodge-ballynahinch-wedding-photographer-dave-siobhan--204_500.webp,,,,,,,,,,,reception|party|groomsmen|candid|laughter|playful|indoor|soft light|evening reception|wedding guests|fun moment|millbrook lodge,MKB001901
Millbrook lodge,reception and party,mkb-weddings-millbrook-lodge-ballynahinch-wedding-photographer-dave-siobhan--205_500.webp,,,,,,,,,,,millbrook lodge|wedding reception|party games|wedding guests|candid laughter|orange dress|indoor reception|evening party|fun moment|celebration|natural light|guest reactions,MKB001902
Millbrook lodge,reception and party,mkb-weddings-millbrook-lodge-ballynahinch-wedding-photographer-dave-siobhan--209_500.webp,,,,,,,,,,,millbrook lodge|wedding reception|party guests|group photo|selfie|photo booth props|indoor reception|bright flash|fun mood|celebration|evening party|wedding guests,MKB001903
Millbrook lodge,reception and party,mkb-weddings-millbrook-lodge-ballynahinch-wedding-photographer-dave-siobhan--210_500.webp,,,,,,,,,,,millbrook lodge|reception|first dance|bride and groom|wedding guests|dance floor|indoor reception|natural light|joyful|celebration|party|clapping,MKB001904
Millbrook lodge,reception and party,mkb-weddings-millbrook-lodge-ballynahinch-wedding-photographer-dave-siobhan--211_500.webp,,,,,,,,,,,millbrook lodge|reception|first dance|bride and groom|kiss|dance floor|guests watching|indoor reception|warm lighting|romantic|celebration|wedding party,MKB001905
Millbrook lodge,reception and party,mkb-weddings-millbrook-lodge-ballynahinch-wedding-photographer-dave-siobhan--212_500.webp,,,,,,,,,,,millbrook lodge|reception|first dance|bride and groom|wedding guests|dance floor|indoor wedding|party|warm lighting|joyful|candid|celebration,MKB001906
Millbrook lodge,reception and party,mkb-weddings-millbrook-lodge-ballynahinch-wedding-photographer-dave-siobhan--213_500.webp,,,,,Y,4,Y,4,,,millbrook lodge|reception|dance floor|bride and groom|first dance|wedding kiss|guests cheering|party|bright indoor light|joyful|celebration|glow sticks,MKB001907
Millbrook lodge,reception and party,mkb-weddings-millbrook-lodge-ballynahinch-wedding-photographer-dave-siobhan--214_500.webp,,,,,,,,,,,millbrook lodge|wedding reception|dance floor|bride and groom|party dancing|glow sticks|sunglasses|indoor reception|candid moments|energetic mood|evening party|celebration,MKB001908
Stormont,getting ready,MKB-weddings-mkb-photography-northern-ireland-wedding-photographer-stormont-belfast-wedding-photography6_500.webp,,,,,,,,,,,stormont|groom portrait|getting ready|black tuxedo|bow tie|buttonhole|window backdrop|soft light|happy mood|wedding morning|indoor portrait|belfast wedding,MKB001909