venue,category,filename,tags,blogSlug,blogOrder,blogCover,venuePin,venuePinOrder,momentPin,momentPinOrder,flashPin,flashPinOrder,aiTags
Ballygally,couple portraits,MKB_Photography-Northern-ireland-wedding-photography-northern-ireland-wedding-photographer-ballygalley-castle-wedding-photography-full res-351_500.webp,,,,,,,,,,,ballygally wedding|couple portraits|bride and groom|coastal portrait|rocky shoreline|romantic embrace|soft natural light|happy couple|wedding day|outdoor portraits|northern ireland wedding
Ballygally,couple portraits,MKB_Photography-Northern-ireland-wedding-photography-northern-ireland-wedding-photographer-ballygalley-castle-wedding-photography-full res-433_500.webp,,,,,,,,,,,ballygally wedding|couple portraits|bride and groom|garden portrait|outdoor wedding|soft natural light|romantic mood|intimate moment|wedding bouquet|veil portrait|lush greenery|castle wedding
Ballygally,couple portraits,MKB_Photography-Northern-ireland-wedding-photography-northern-ireland-wedding-photographer-ballygalley-castle-wedding-photography-full res-437_500.webp,,,,,,,,,,,ballygally wedding|couple portraits|bride and groom|stone arch|garden backdrop|natural light|romantic mood|intimate portrait|wedding veil|groom boutonniere|castle wedding|newlyweds
Ballygally,details and decor,MKB_Photography-Northern-ireland-wedding-photography-northern-ireland-wedding-photographer-ballygalley-castle-wedding-photography-full res-14_500.webp,,,,,,,,,,,
Ballygally,details and decor,MKB_Photography-Northern-ireland-wedding-photography-northern-ireland-wedding-photographer-ballygalley-castle-wedding-photography-full res-461_500.webp,,,,,,,,,,,
Ballygally,family and bridal party,MKB_Photography-Northern-ireland-wedding-photography-northern-ireland-wedding-photographer-ballygalley-castle-wedding-photography-full res-392_500.webp,,,,,,,,,,,
Ballygally,family and bridal party,MKB_Photography-Northern-ireland-wedding-photography-northern-ireland-wedding-photographer-ballygalley-castle-wedding-photography-full res-420_500.webp,,,,,,,,,,,
Ballygally,family and bridal party,MKB_Photography-Northern-ireland-wedding-photography-northern-ireland-wedding-photographer-ballygalley-castle-wedding-photography-full res-424_500.webp,,,,,,,,,,,
Ballygally,getting ready,MKB_Photography-Northern-ireland-wedding-photography-northern-ireland-wedding-photographer-ballygalley-castle-wedding-photography-full res-53_500.webp,,,,,,,,,,,
Ballygally,getting ready,MKB_Photography-Northern-ireland-wedding-photography-northern-ireland-wedding-photographer-ballygalley-castle-wedding-photography-full res-67_500.webp,,,,,,,,,,,
Ballyliffen,couple portraits,mkb-weddings-ballyliffen-lodge-hotel-donegal-wedding-photographer--10_500.webp,,,,,,,,,,,
Ballyliffen,couple portraits,mkb-weddings-ballyliffen-lodge-hotel-donegal-wedding-photographer--11_500.webp,,,,,,,,,,,
Ballyliffen,couple portraits,mkb-weddings-ballyliffen-lodge-hotel-donegal-wedding-photographer--12_500.webp,,,,,,,,,,,
Ballyliffen,couple portraits,mkb-weddings-ballyliffen-lodge-hotel-donegal-wedding-photographer--13_500.webp,,,,,,,,,,,
Ballyliffen,couple portraits,mkb-weddings-ballyliffen-lodge-hotel-donegal-wedding-photographer--14_500.webp,,,,,,,,,,,
Ballyliffen,couple portraits,mkb-weddings-ballyliffen-lodge-hotel-donegal-wedding-photographer--15_500.webp,,,,,,,,,,,
Ballyliffen,couple portraits,mkb-weddings-ballyliffen-lodge-hotel-donegal-wedding-photographer--16_500.webp,,,,,,,,,,,
Ballyliffen,couple portraits,mkb-weddings-ballyliffen-lodge-hotel-donegal-wedding-photographer--19_500.webp,,,,,,,,,,,
Ballyliffen,couple portraits,mkb-weddings-ballyliffen-lodge-hotel-donegal-wedding-photographer--21_500.webp,,,,,,,,,,,
Ballyliffen,couple portraits,mkb-weddings-ballyliffen-lodge-hotel-donegal-wedding-photographer--22_500.webp,,,,,,,,,,,
Ballyliffen,couple portraits,mkb-weddings-ballyliffen-lodge-hotel-donegal-wedding-photographer--31_500.webp,,,,,,,,,,,
Ballyliffen,details and decor,mkb-weddings-ballyliffen-lodge-hotel-donegal-wedding-photographer--17_500.webp,,,,,,,,,,,wedding reception|reception decor|ballyliffen wedding|floral garland|top table|banquet room|round tables|elegant decor|soft indoor light|romantic mood|table settings|wedding details
Ballyliffen,details and decor,mkb-weddings-ballyliffen-lodge-hotel-donegal-wedding-photographer--1_500.webp,,,,,,,,,,,
Ballyliffen,family and bridal party,mkb-weddings-ballyliffen-lodge-hotel-donegal-wedding-photographer--18_500.webp,,,,,,,,,,,
Ballyliffen,family and bridal party,mkb-weddings-ballyliffen-lodge-hotel-donegal-wedding-photographer--20_500.webp,,,,,,,,,,,
Ballyliffen,family and bridal party,mkb-weddings-ballyliffen-lodge-hotel-donegal-wedding-photographer--23_500.webp,,,,,,,,,,,
Ballyliffen,family and bridal party,mkb-weddings-ballyliffen-lodge-hotel-donegal-wedding-photographer--24_500.webp,,,,,,,,,,,
Ballyliffen,family and bridal party,mkb-weddings-ballyliffen-lodge-hotel-donegal-wedding-photographer--7_500.webp,,,,,,,,,,,
Ballyliffen,family and bridal party,mkb-weddings-ballyliffen-lodge-hotel-donegal-wedding-photographer--8_500.webp,,,,,,,,,,,
Ballyliffen,family and bridal party,mkb-weddings-ballyliffen-lodge-hotel-donegal-wedding-photographer--9_500.webp,,,,,,,,,,,
Ballyliffen,getting ready,mkb-weddings-ballyliffen-lodge-hotel-donegal-wedding-photographer--2_500.webp,,,,,,,,,,,
Ballyliffen,getting ready,mkb-weddings-ballyliffen-lodge-hotel-donegal-wedding-photographer--3_500.webp,,,,,,,,,,,
Ballyliffen,getting ready,mkb-weddings-ballyliffen-lodge-hotel-donegal-wedding-photographer--4_500.webp,,,,,,,,,,,
Ballyliffen,getting ready,mkb-weddings-ballyliffen-lodge-hotel-donegal-wedding-photographer--5_500.webp,,,,,,,,,,,
Ballyliffen,getting ready,mkb-weddings-ballyliffen-lodge-hotel-donegal-wedding-photographer--6_500.webp,,,,,,,,,,,
Ballyliffen,reception and party,mkb-weddings-ballyliffen-lodge-hotel-donegal-wedding-photographer--25_500.webp,,,,,,,,,,,
Ballyliffen,reception and party,mkb-weddings-ballyliffen-lodge-hotel-donegal-wedding-photographer--26_500.webp,,,,,,,,,,,
Ballyliffen,reception and party,mkb-weddings-ballyliffen-lodge-hotel-donegal-wedding-photographer--27_500.webp,,,,,,,,,,,
Ballyliffen,reception and party,mkb-weddings-ballyliffen-lodge-hotel-donegal-wedding-photographer--28_500.webp,,,,,,,,,,,
Ballyliffen,reception and party,mkb-weddings-ballyliffen-lodge-hotel-donegal-wedding-photographer--29_500.webp,,,,,,,,,,,
Ballyliffen,reception and party,mkb-weddings-ballyliffen-lodge-hotel-donegal-wedding-photographer--30_500.webp,,,,,,,,,,,
Ballyliffen,reception and party,mkb-weddings-ballyliffen-lodge-hotel-donegal-wedding-photographer--32_500.webp,,,,,,,,,,,
Ballyliffen,reception and party,mkb-weddings-ballyliffen-lodge-hotel-donegal-wedding-photographer--33_500.webp,,,,,,,,,,,
Ballyliffen,reception and party,mkb-weddings-ballyliffen-lodge-hotel-donegal-wedding-photographer--34_500.webp,,,,,,,,,,,
Ballyliffen,reception and party,mkb-weddings-ballyliffen-lodge-hotel-donegal-wedding-photographer--35_500.webp,,,,,,,,,,,
Ballyliffen,reception and party,mkb-weddings-ballyliffen-lodge-hotel-donegal-wedding-photographer--36_500.webp,,,,,,,,,,,
Ballyscullion park,ceremony,mkb-weddings-irish-wedding-photographer-ballyscullion-park-bellaghy-photography-263_500.webp,,,,,,,,,,,
Ballyscullion park,ceremony,mkb-weddings-irish-wedding-photographer-ballyscullion-park-bellaghy-photography-338_500.webp,,,,,,,,,,,
Ballyscullion park,ceremony,MKB-weddings-mkb-photography-northern-ireland-wedding-photographer-ballyscullion-park-belaghy-wedding-photography11_500.webp,,,,,,,,,,,
Ballyscullion park,ceremony,MKB-weddings-mkb-photography-northern-ireland-wedding-photographer-ballyscullion-park-belaghy-wedding-photography12_500.webp,,,,,Y,3,Y,2,,,
Ballyscullion park,ceremony,MKB-weddings-mkb-photography-northern-ireland-wedding-photographer-ballyscullion-park-belaghy-wedding-photography13_500.webp,,,,,,,,,,,
Ballyscullion park,ceremony,MKB-weddings-mkb-photography-northern-ireland-wedding-photographer-ballyscullion-park-belaghy-wedding-photography5_500.webp,,,,,,,,,,,
Ballyscullion park,ceremony,MKB_Photography-Northern-ireland-wedding-photography-northern-ireland-wedding-photographer-Ballyscullion-park-wedding-photography-full-res-155_500.webp,,,,,,,,,,,
Ballyscullion park,couple portraits,MKB-weddings-mkb-photography-northern-ireland-wedding-photographer-ballyscullion-park-belaghy-wedding-photography10_500.webp,,,,,Y,5,Y,3,,,
Ballyscullion park,couple portraits,MKB-weddings-mkb-photography-northern-ireland-wedding-photographer-ballyscullion-park-belaghy-wedding-photography2_500.webp,,,,,,,,,,,
Ballyscullion park,couple portraits,mkb-weddings-irish-wedding-photographer-ballyscullion-park-bellaghy-photography-150_500.webp,,,,,Y,4,Y,16,,,
Ballyscullion park,couple portraits,mkb-weddings-irish-wedding-photographer-ballyscullion-park-bellaghy-photography-152_500.webp,,,,,,,,,,,
Ballyscullion park,couple portraits,mkb-weddings-irish-wedding-photographer-ballyscullion-park-bellaghy-photography-179_500.webp,creative-flash,,,,,,,,,,
Ballyscullion park,couple portraits,mkb-weddings-irish-wedding-photographer-ballyscullion-park-bellaghy-photography-447_500.webp,creative-flash,,,,,,,,,,
Ballyscullion park,couple portraits,mkb-weddings-irish-wedding-photographer-ballyscullion-park-bellaghy-photography-460_500.webp,creative-flash,,,,Y,2,Y,14,,,
Ballyscullion park,couple portraits,mkb-weddings-irish-wedding-photographer-ballyscullion-park-bellaghy-photography-480_500.webp,,,,,,,,,,,
Ballyscullion park,couple portraits,mkb-weddings-irish-wedding-photographer-ballyscullion-park-bellaghy-photography-485_500.webp,,,,,,,,,,,
Ballyscullion park,couple portraits,MKB-weddings-mkb-photography-northern-ireland-wedding-photographer-ballyscullion-park-belaghy-wedding-photography3_500.webp,,,,,,,,,,,
Ballyscullion park,couple portraits,MKB-weddings-mkb-photography-northern-ireland-wedding-photographer-ballyscullion-park-belaghy-wedding-photography6_500.webp,creative-flash,,,,,,,,,,
Ballyscullion park,couple portraits,MKB-weddings-mkb-photography-northern-ireland-wedding-photographer-ballyscullion-park-belaghy-wedding-photography7_500.webp,creative-flash,,,,Y,1,Y,9,Y,,
Ballyscullion park,couple portraits,MKB-weddings-mkb-photography-northern-ireland-wedding-photographer-ballyscullion-park-belaghy-wedding-photography8_500.webp,creative-flash,,,,,,,,,,
Ballyscullion park,couple portraits,MKB-weddings-mkb-photography-northern-ireland-wedding-photographer-ballyscullion-park-belaghy-wedding-photography9_500.webp,,,,,,,,,,,
Ballyscullion park,couple portraits,MKB_Photography-Northern-ireland-wedding-photography-northern-ireland-wedding-photographer-Ballyscullion-park-wedding-photography-full-res-269_500.webp,,,,,,,,,,,
Ballyscullion park,couple portraits,MKB_Photography-Northern-ireland-wedding-photography-northern-ireland-wedding-photographer-Ballyscullion-park-wedding-photography-full-res-272_500.webp,,,,,,,,,,,
Ballyscullion park,couple portraits,MKB_Photography-Northern-ireland-wedding-photography-northern-ireland-wedding-photographer-Ballyscullion-park-wedding-photography-full-res-277_500.webp,,,,,,,,,,,
Ballyscullion park,couple portraits,MKB_Photography-Northern-ireland-wedding-photography-northern-ireland-wedding-photographer-Ballyscullion-park-wedding-photography-full-res-370_500.webp,,,,,,,,,,,
Ballyscullion park,couple portraits,MKB_Photography-Northern-ireland-wedding-photography-northern-ireland-wedding-photographer-Ballyscullion-park-wedding-photography-full-res-373_500.webp,,,,,,,,,,,
Ballyscullion park,details and decor,mkb-weddings-irish-wedding-photographer-ballyscullion-park-bellaghy-photography-497_500.webp,,,,,,,,,,,
Ballyscullion park,details and decor,MKB_Photography-Northern-ireland-wedding-photography-northern-ireland-wedding-photographer-Ballyscullion-park-wedding-photography-full-res-42_500.webp,,,,,,,,,,,
Ballyscullion park,details and decor,MKB_Photography-Northern-ireland-wedding-photography-northern-ireland-wedding-photographer-Ballyscullion-park-wedding-photography-full-res-45_500.webp,,,,,,,,,,,
Ballyscullion park,details and decor,MKB_Photography-Northern-ireland-wedding-photography-northern-ireland-wedding-photographer-Ballyscullion-park-wedding-photography-full-res-49_500.webp,,,,,,,,,,,
Ballyscullion park,family and bridal party,mkb-weddings-irish-wedding-photographer-ballyscullion-park-bellaghy-photography-413_500.webp,,,,,,,,,,,
Ballyscullion park,family and bridal party,MKB_Photography-Northern-ireland-wedding-photography-northern-ireland-wedding-photographer-Ballyscullion-park-wedding-photography-full-res-391_500.webp,,,,,,,,,,,
Ballyscullion park,getting ready,mkb-weddings-irish-wedding-photographer-ballyscullion-park-bellaghy-photography-103_500.webp,,,,,,,,,,,
Ballyscullion park,getting ready,mkb-weddings-irish-wedding-photographer-ballyscullion-park-bellaghy-photography-105_500.webp,,,,,,,,,,,
Ballyscullion park,getting ready,mkb-weddings-irish-wedding-photographer-ballyscullion-park-bellaghy-photography-108_500.webp,,,,,,,,,,,
Ballyscullion park,getting ready,mkb-weddings-irish-wedding-photographer-ballyscullion-park-bellaghy-photography-112_500.webp,,,,,,,,,,,
Ballyscullion park,getting ready,mkb-weddings-irish-wedding-photographer-ballyscullion-park-bellaghy-photography-121_500.webp,,,,,,,,,,,
Ballyscullion park,getting ready,mkb-weddings-irish-wedding-photographer-ballyscullion-park-bellaghy-photography-149_500.webp,,,,,,,,,,,
Ballyscullion park,getting ready,mkb-weddings-irish-wedding-photographer-ballyscullion-park-bellaghy-photography-198_500.webp,,,,,,,,,,,
Ballyscullion park,getting ready,mkb-weddings-irish-wedding-photographer-ballyscullion-park-bellaghy-photography-209_500.webp,,,,,,,,,,,
Ballyscullion park,getting ready,MKB-weddings-mkb-photography-northern-ireland-wedding-photographer-ballyscullion-park-belaghy-wedding-photography14_500.webp,,,,,,,,,,,
Ballyscullion park,getting ready,MKB-weddings-mkb-photography-northern-ireland-wedding-photographer-ballyscullion-park-belaghy-wedding-photography15_500.webp,,,,,,,,,,,
Ballyscullion park,getting ready,MKB-weddings-mkb-photography-northern-ireland-wedding-photographer-ballyscullion-park-belaghy-wedding-photography16_500.webp,,,,,,,,,,,
Ballyscullion park,getting ready,MKB-weddings-mkb-photography-northern-ireland-wedding-photographer-ballyscullion-park-belaghy-wedding-photography17_500.webp,,,,,,,,,,,
Ballyscullion park,getting ready,MKB-weddings-mkb-photography-northern-ireland-wedding-photographer-ballyscullion-park-belaghy-wedding-photography18_500.webp,,,,,,,,,,,
Ballyscullion park,getting ready,MKB-weddings-mkb-photography-northern-ireland-wedding-photographer-ballyscullion-park-belaghy-wedding-photography19_500.webp,,,,,,,,,,,
Ballyscullion park,getting ready,MKB-weddings-mkb-photography-northern-ireland-wedding-photographer-ballyscullion-park-belaghy-wedding-photography20_500.webp,,,,,,,,,,,
Ballyscullion park,getting ready,MKB_Photography-Northern-ireland-wedding-photography-northern-ireland-wedding-photographer-Ballyscullion-park-wedding-photography-full-res-88_500.webp,,,,,,,,,,,
Ballyscullion park,getting ready,MKB_Photography-Northern-ireland-wedding-photography-northern-ireland-wedding-photographer-Ballyscullion-park-wedding-photography-full-res-89_500.webp,,,,,,,,,,,
Ballyscullion park,reception and party,mkb-weddings-irish-wedding-photographer-ballyscullion-park-bellaghy-photography-109_500.webp,,,,,,,,,,,
Ballyscullion park,reception and party,mkb-weddings-irish-wedding-photographer-ballyscullion-park-bellaghy-photography-191_500.webp,,,,,,,,,,,
Ballyscullion park,reception and party,MKB-weddings-mkb-photography-northern-ireland-wedding-photographer-ballyscullion-park-belaghy-wedding-photography1_500.webp,,,,,,,,,,,
Ballyscullion park,reception and party,MKB-weddings-mkb-photography-northern-ireland-wedding-photographer-ballyscullion-park-belaghy-wedding-photography4_500.webp,,,,,,,,,,,
Ballyscullion park,reception and party,MKB_Photography-Northern-ireland-wedding-photography-northern-ireland-wedding-photographer-Ballyscullion-park-wedding-photography-full-res-293_500.webp,,,,,,,,,,,
Ballyscullion park,reception and party,MKB_Photography-Northern-ireland-wedding-photography-northern-ireland-wedding-photographer-Ballyscullion-park-wedding-photography-full-res-334_500.webp,,,,,,,,,,,
Ballysmascanlon,couple portraits,MKB_Photography-Northern-ireland-wedding-photography-northern-ireland-wedding-photographer-ballymascanlon-house-hotel-dundalk-wedding-photography-11_500.webp,creative-flash,,,,,,,,,,
Ballysmascanlon,couple portraits,MKB_Photography-Northern-ireland-wedding-photography-northern-ireland-wedding-photographer-ballymascanlon-house-hotel-dundalk-wedding-photography-252_500.webp,,,,,,,,,,,
Ballysmascanlon,couple portraits,MKB_Photography-Northern-ireland-wedding-photography-northern-ireland-wedding-photographer-ballymascanlon-house-hotel-dundalk-wedding-photography-259_500.webp,,,,,,,,,,,
Ballysmascanlon,couple portraits,MKB_Photography-Northern-ireland-wedding-photography-northern-ireland-wedding-photographer-ballymascanlon-house-hotel-dundalk-wedding-photography-264_500.webp,,,,,,,,,,,
Ballysmascanlon,couple portraits,MKB_Photography-Northern-ireland-wedding-photography-northern-ireland-wedding-photographer-ballymascanlon-house-hotel-dundalk-wedding-photography-314_500.webp,,,,,,,,,,,
Ballysmascanlon,couple portraits,MKB_Photography-Northern-ireland-wedding-photography-northern-ireland-wedding-photographer-ballymascanlon-house-hotel-dundalk-wedding-photography-458_500.webp,,,,,,,,,,,
Ballysmascanlon,couple portraits,MKB_Photography-Northern-ireland-wedding-photography-northern-ireland-wedding-photographer-ballymascanlon-house-hotel-dundalk-wedding-photography-462_500.webp,,,,,,,,,,,
Ballysmascanlon,family and bridal party,MKB_Photography-Northern-ireland-wedding-photography-northern-ireland-wedding-photographer-ballymascanlon-house-hotel-dundalk-wedding-photography-318_500.webp,,,,,,,,,,,
Ballysmascanlon,getting ready,MKB_Photography-Northern-ireland-wedding-photography-northern-ireland-wedding-photographer-ballymascanlon-house-hotel-dundalk-wedding-photography-61_500.webp,,,,,,,,,,,
Ballysmascanlon,getting ready,MKB_Photography-Northern-ireland-wedding-photography-northern-ireland-wedding-photographer-ballymascanlon-house-hotel-dundalk-wedding-photography-9_500.webp,,,,,,,,,,,
Ballysmascanlon,reception and party,MKB_Photography-Northern-ireland-wedding-photography-northern-ireland-wedding-photographer-ballymascanlon-house-hotel-dundalk-wedding-photography-434_500.webp,,,,,,,,,,,
Beech hill,ceremony,MKB_Photography-Northern-ireland-wedding-photography-northern-ireland-wedding-photographer-Beech-hill-country-house-derry-wedding-photography-FULL-RES-131_500.webp,,,,,,,,,,,
Beech hill,ceremony,MKB_Photography-Northern-ireland-wedding-photography-northern-ireland-wedding-photographer-Beech-hill-country-house-derry-wedding-photography-FULL-RES-139_500.webp,,,,,,,,,,,
Beech hill,ceremony,MKB_Photography-Northern-ireland-wedding-photography-northern-ireland-wedding-photographer-Beech-hill-country-house-derry-wedding-photography-FULL-RES-144_500.webp,,,,,Y,4,Y,3,,,
Beech hill,ceremony,MKB_Photography-Northern-ireland-wedding-photography-northern-ireland-wedding-photographer-Beech-hill-country-house-derry-wedding-photography-FULL-RES-153_500.webp,,,,,,,,,,,
Beech hill,ceremony,MKB_Photography-Northern-ireland-wedding-photography-northern-ireland-wedding-photographer-Beech-hill-country-house-derry-wedding-photography-FULL-RES-170_500.webp,,,,,,,,,,,
Beech hill,ceremony,MKB_Photography-Northern-ireland-wedding-photography-northern-ireland-wedding-photographer-Beech-hill-country-house-derry-wedding-photography-FULL-RES-182_500.webp,,,,,,,,,,,
Beech hill,ceremony,MKB_Photography-Northern-ireland-wedding-photography-northern-ireland-wedding-photographer-Beech-hill-country-house-derry-wedding-photography-FULL-RES-190_500.webp,,,,,,,,,,,
Beech hill,ceremony,MKB_Photography-Northern-ireland-wedding-photography-northern-ireland-wedding-photographer-Beech-hill-country-house-derry-wedding-photography-FULL-RES-215_500.webp,,,,,,,,,,,
Beech hill,ceremony,MKB_Photography-Northern-ireland-wedding-photography-northern-ireland-wedding-photographer-Beech-hill-country-house-derry-wedding-photography-FULL-RES-223_500.webp,,,,,,,,,,,
Beech hill,ceremony,MKB_Photography-Northern-ireland-wedding-photography-northern-ireland-wedding-photographer-Beech-hill-country-house-derry-wedding-photography-FULL-RES-229_500.webp,,,,,,,,,,,
Beech hill,ceremony,MKB_Photography-Northern-ireland-wedding-photography-northern-ireland-wedding-photographer-beech-hill-country-house-derry-wedding-photography-Full-res-237_500.webp,,,,,,,,,,,
Beech hill,ceremony,MKB_Photography-Northern-ireland-wedding-photography-northern-ireland-wedding-photographer-beech-hill-country-house-derry-wedding-photography-full-res-111_500.webp,,,,,,,,,,,
Beech hill,ceremony,MKB_Photography-Northern-ireland-wedding-photography-northern-ireland-wedding-photographer-beech-hill-country-house-derry-wedding-photography-full-res-119_500.webp,,,,,,,,,,,
Beech hill,couple portraits,mkb-weddings-northern-ireland-wedding-photographer-beech-hill-country-house-wedding-photography-9_500.webp,creative-flash,,,,Y,1,Y,8,Y,,
Beech hill,couple portraits,mkb-weddings-northern-ireland-wedding-photographer-beech-hill-country-house-wedding-photography-8_500.webp,,,,,,,,,,,
Beech hill,couple portraits,mkb-weddings-northern-ireland-wedding-photographer-beech-hill-country-house-wedding-photography._500.webp,,,,,,,,,,,
Beech hill,couple portraits,MKB_Photography-Northern-ireland-wedding-photography-northern-ireland-wedding-photographer-Beech-hill-country-house-derry-wedding-photography-FULL-RES-240_500.webp,,,,,,,,,,,
Beech hill,couple portraits,MKB_Photography-Northern-ireland-wedding-photography-northern-ireland-wedding-photographer-Beech-hill-country-house-derry-wedding-photography-FULL-RES-270_500.webp,,,,,,,,,,,
Beech hill,couple portraits,MKB_Photography-Northern-ireland-wedding-photography-northern-ireland-wedding-photographer-Beech-hill-country-house-derry-wedding-photography-FULL-RES-317_500.webp,,,,,,,,,,,
Beech hill,couple portraits,MKB_Photography-Northern-ireland-wedding-photography-northern-ireland-wedding-photographer-Beech-hill-country-house-derry-wedding-photography-FULL-RES-330_500.webp,,,,,,,,,,,
Beech hill,couple portraits,MKB_Photography-Northern-ireland-wedding-photography-northern-ireland-wedding-photographer-Beech-hill-country-house-derry-wedding-photography-FULL-RES-332_500.webp,,,,,,,,,,,
Beech hill,couple portraits,MKB_Photography-Northern-ireland-wedding-photography-northern-ireland-wedding-photographer-Beech-hill-country-house-derry-wedding-photography-FULL-RES-342_500.webp,,,,,,,,,,,
Beech hill,couple portraits,MKB_Photography-Northern-ireland-wedding-photography-northern-ireland-wedding-photographer-Beech-hill-country-house-derry-wedding-photography-FULL-RES-455_500.webp,,,,,,,,,,,
Beech hill,couple portraits,MKB_Photography-Northern-ireland-wedding-photography-northern-ireland-wedding-photographer-beech-hill-country-house-derry-wedding-photography-Full-res-306_500.webp,,,,,,,,,,,
Beech hill,couple portraits,MKB_Photography-Northern-ireland-wedding-photography-northern-ireland-wedding-photographer-beech-hill-country-house-derry-wedding-photography-Full-res-349_500.webp,,,,,,,,,,,
Beech hill,couple portraits,MKB_Photography-Northern-ireland-wedding-photography-northern-ireland-wedding-photographer-beech-hill-country-house-derry-wedding-photography-Full-res-361_500.webp,,,,,,,,,,,
Beech hill,couple portraits,MKB_Photography-Northern-ireland-wedding-photography-northern-ireland-wedding-photographer-beech-hill-country-house-derry-wedding-photography-Full-res-367_500.webp,,,,,,,,,,,
Beech hill,couple portraits,MKB_Photography-Northern-ireland-wedding-photography-northern-ireland-wedding-photographer-beech-hill-country-house-derry-wedding-photography-full-res-289_500.webp,,,,,,,,,,,
Beech hill,details and decor,MKB_Photography-Northern-ireland-wedding-photography-northern-ireland-wedding-photographer-beech-hill-country-house-derry-wedding-photography-Full-res-431_500.webp,,,,,,,,,,,
Beech hill,details and decor,MKB_Photography-Northern-ireland-wedding-photography-northern-ireland-wedding-photographer-beech-hill-country-house-derry-wedding-photography-full-res-309_500.webp,,,,,,,,,,,
Beech hill,details and decor,MKB_Photography-Northern-ireland-wedding-photography-northern-ireland-wedding-photographer-beech-hill-country-house-derry-wedding-photography-full-res-310 copy_500.webp,,,,,,,,,,,
Beech hill,details and decor,MKB_Photography-Northern-ireland-wedding-photography-northern-ireland-wedding-photographer-beech-hill-country-house-derry-wedding-photography-full-res-317 copy_500.webp,,,,,,,,,,,
Beech hill,details and decor,MKB_Photography-Northern-ireland-wedding-photography-northern-ireland-wedding-photographer-beech-hill-country-house-derry-wedding-photography-full-res-324_500.webp,,,,,,,,,,,
Beech hill,family and bridal party,mkb-weddings-northern-ireland-wedding-photographer-beech-hill-country-house-wedding-photography-10_500.webp,,,,,Y,3,Y,2,,,
Beech hill,family and bridal party,MKB_Photography-Northern-ireland-wedding-photography-northern-ireland-wedding-photographer-Beech-hill-country-house-derry-wedding-photography-FULL-RES-127_500.webp,,,,,,,,,,,
Beech hill,family and bridal party,MKB_Photography-Northern-ireland-wedding-photography-northern-ireland-wedding-photographer-beech-hill-country-house-derry-wedding-photography-Full-res-310_500.webp,,,,,,,,,,,
Beech hill,family and bridal party,MKB_Photography-Northern-ireland-wedding-photography-northern-ireland-wedding-photographer-beech-hill-country-house-derry-wedding-photography-Full-res-336_500.webp,,,,,,,,,,,
Beech hill,family and bridal party,MKB_Photography-Northern-ireland-wedding-photography-northern-ireland-wedding-photographer-beech-hill-country-house-derry-wedding-photography-Full-res-354_500.webp,,,,,,,,,,,
Beech hill,family and bridal party,MKB_Photography-Northern-ireland-wedding-photography-northern-ireland-wedding-photographer-beech-hill-country-house-derry-wedding-photography-Full-res-371_500.webp,,,,,,,,,,,
Beech hill,family and bridal party,MKB_Photography-Northern-ireland-wedding-photography-northern-ireland-wedding-photographer-beech-hill-country-house-derry-wedding-photography-Full-res-375_500.webp,,,,,Y,2,Y,1,,,
Beech hill,getting ready,mkb-weddings-northern-ireland-wedding-photographer-beech-hill-country-house-wedding-photography-1_500.webp,,,,,Y,5,Y,1,,,
Beech hill,getting ready,mkb-weddings-northern-ireland-wedding-photographer-beech-hill-country-house-wedding-photography-5_500.webp,,,,,,,,,,,
Beech hill,getting ready,MKB_Photography-Northern-ireland-wedding-photography-northern-ireland-wedding-photographer-Beech-hill-country-house-derry-wedding-photography-FULL-RES-25_500.webp,,,,,,,,,,,
Beech hill,getting ready,MKB_Photography-Northern-ireland-wedding-photography-northern-ireland-wedding-photographer-Beech-hill-country-house-derry-wedding-photography-FULL-RES-36_500.webp,,,,,,,,,,,
Beech hill,getting ready,MKB_Photography-Northern-ireland-wedding-photography-northern-ireland-wedding-photographer-Beech-hill-country-house-derry-wedding-photography-FULL-RES-70_500.webp,,,,,,,,,,,
Beech hill,getting ready,MKB_Photography-Northern-ireland-wedding-photography-northern-ireland-wedding-photographer-Beech-hill-country-house-derry-wedding-photography-FULL-RES-76_500.webp,,,,,,,,,,,
Beech hill,getting ready,MKB_Photography-Northern-ireland-wedding-photography-northern-ireland-wedding-photographer-Beech-hill-country-house-derry-wedding-photography-FULL-RES-88_500.webp,,,,,,,,,,,
Beech hill,getting ready,MKB_Photography-Northern-ireland-wedding-photography-northern-ireland-wedding-photographer-beech-hill-country-house-derry-wedding-photography-Full-res-43_500.webp,,,,,,,,,,,
Beech hill,getting ready,MKB_Photography-Northern-ireland-wedding-photography-northern-ireland-wedding-photographer-beech-hill-country-house-derry-wedding-photography-Full-res-56_500.webp,,,,,,,,,,,
Beech hill,getting ready,MKB_Photography-Northern-ireland-wedding-photography-northern-ireland-wedding-photographer-beech-hill-country-house-derry-wedding-photography-Full-res-62_500.webp,,,,,,,,,,,
Beech hill,getting ready,MKB_Photography-Northern-ireland-wedding-photography-northern-ireland-wedding-photographer-beech-hill-country-house-derry-wedding-photography-Full-res-64_500.webp,,,,,,,,,,,
Beech hill,getting ready,MKB_Photography-Northern-ireland-wedding-photography-northern-ireland-wedding-photographer-beech-hill-country-house-derry-wedding-photography-Full-res-95_500.webp,,,,,,,,,,,
Beech hill,reception and party,MKB_Photography-Northern-ireland-wedding-photography-northern-ireland-wedding-photographer-Beech-hill-country-house-derry-wedding-photography-FULL-RES-440_500.webp,,,,,,,,,,,
Beech hill,reception and party,MKB_Photography-Northern-ireland-wedding-photography-northern-ireland-wedding-photographer-Beech-hill-country-house-derry-wedding-photography-FULL-RES-474_500.webp,,,,,,,,,,,
Beech hill,reception and party,MKB_Photography-Northern-ireland-wedding-photography-northern-ireland-wedding-photographer-Beech-hill-country-house-derry-wedding-photography-FULL-RES-528_500.webp,,,,,,,,,,,
Beech hill,reception and party,MKB_Photography-Northern-ireland-wedding-photography-northern-ireland-wedding-photographer-Beech-hill-country-house-derry-wedding-photography-FULL-RES-535_500.webp,,,,,,,,,,,
Beech hill,reception and party,MKB_Photography-Northern-ireland-wedding-photography-northern-ireland-wedding-photographer-beech-hill-country-house-derry-wedding-photography-Full-res-468_500.webp,,,,,,,,,,,
Beech hill,reception and party,MKB_Photography-Northern-ireland-wedding-photography-northern-ireland-wedding-photographer-beech-hill-country-house-derry-wedding-photography-Full-res-503_500.webp,,,,,,,,,,,
Beech hill,reception and party,MKB_Photography-Northern-ireland-wedding-photography-northern-ireland-wedding-photographer-beech-hill-country-house-derry-wedding-photography-Full-res-530_500.webp,,,,,,,,,,,
Beech hill,reception and party,MKB_Photography-Northern-ireland-wedding-photography-northern-ireland-wedding-photographer-beech-hill-country-house-derry-wedding-photography-full-res-346_500.webp,,,,,,,,,,,
Beech hill,reception and party,MKB_Photography-Northern-ireland-wedding-photography-northern-ireland-wedding-photographer-beech-hill-country-house-derry-wedding-photography-full-res-361 copy_500.webp,,,,,,,,,,,
Beech hill,reception and party,MKB_Photography-Northern-ireland-wedding-photography-northern-ireland-wedding-photographer-beech-hill-country-house-derry-wedding-photography-full-res-496_500.webp,,,,,,,,,,,
Beech hill,reception and party,MKB_Photography-Northern-ireland-wedding-photography-northern-ireland-wedding-photographer-beech-hill-country-house-derry-wedding-photography-full-res-533_500.webp,,,,,,,,,,,
Belfast Castle,couple portraits,mkb-weddings-mkb-photography-northern-ireland-wedding-photography-landsdowne-hotel-belfast-wedding-photography--4_500.webp,creative-flash,,,,,,,,,,
Belfast Castle,couple portraits,mkb-weddings-mkb-photography-northern-ireland-wedding-photography-landsdowne-hotel-belfast-wedding-photography--5_500.webp,creative-flash,,,,,,,,,,
Belfast Castle,couple portraits,mkb-weddings-mkb-photography-northern-ireland-wedding-photography-landsdowne-hotel-belfast-wedding-photography--6_500.webp,,,,,,,,,,,
Belfast Castle,couple portraits,mkb-weddings-mkb-photography-northern-ireland-wedding-photography-landsdowne-hotel-belfast-wedding-photography--7_500.webp,creative-flash,,,,,,,,,,
Belfast City Hall,ceremony,mkb-weddings-belfast-city-hall-merchant-hotel-wedding-photography-134_500.webp,,,,,,,,,,,
Belfast City Hall,ceremony,mkb-weddings-belfast-city-hall-merchant-hotel-wedding-photography-153_500.webp,,,,,,,,,,,
Belfast City Hall,ceremony,mkb-weddings-belfast-city-hall-merchant-hotel-wedding-photography-178_500.webp,,,,,,,,,,,
Belfast City Hall,couple portraits,mkb-weddings-belfast-city-hall-merchant-hotel-wedding-photography-228_500.webp,,,,,,,,,,,
Belfast City Hall,couple portraits,mkb-weddings-belfast-city-hall-merchant-hotel-wedding-photography-204_500.webp,,,,,,,,,,,
Belfast City Hall,couple portraits,mkb-weddings-belfast-city-hall-merchant-hotel-wedding-photography-206_500.webp,,,,,,,,,,,
Belfast City Hall,couple portraits,mkb-weddings-belfast-city-hall-merchant-hotel-wedding-photography-208_500.webp,,,,,,,,,,,
Belfast City Hall,couple portraits,mkb-weddings-belfast-city-hall-merchant-hotel-wedding-photography-215_500.webp,,,,,,,,,,,
Belfast City Hall,couple portraits,mkb-weddings-belfast-city-hall-merchant-hotel-wedding-photography-219_500.webp,,,,,,,,,,,
Belfast City Hall,couple portraits,mkb-weddings-belfast-city-hall-merchant-hotel-wedding-photography-223_500.webp,,,,,,,,,,,
Belfast City Hall,couple portraits,mkb-weddings-belfast-city-hall-merchant-hotel-wedding-photography-225_500.webp,,,,,,,,,,,
Belfast City Hall,couple portraits,mkb-weddings-belfast-city-hall-merchant-hotel-wedding-photography-226_500.webp,,,,,,,,,,,
Belfast City Hall,couple portraits,mkb-weddings-belfast-city-hall-merchant-hotel-wedding-photography-227_500.webp,,,,,,,,,,,
Belfast City Hall,couple portraits,mkb-weddings-belfast-city-hall-merchant-hotel-wedding-photography-232_500.webp,,,,,,,,,,,
Belfast City Hall,couple portraits,mkb-weddings-belfast-city-hall-merchant-hotel-wedding-photography-235_500.webp,,,,,,,,,,,
Belfast City Hall,couple portraits,mkb-weddings-belfast-city-hall-merchant-hotel-wedding-photography-238_500.webp,,,,,,,,,,,
Belfast City Hall,couple portraits,mkb-weddings-belfast-city-hall-merchant-hotel-wedding-photography-249_500.webp,,,,,,,,,,,
Belfast City Hall,couple portraits,mkb-weddings-belfast-city-hall-merchant-hotel-wedding-photography-251_500.webp,,,,,,,,,,,
Belfast City Hall,couple portraits,mkb-weddings-belfast-city-hall-merchant-hotel-wedding-photography-252_500.webp,,,,,,,,,,,
Belfast City Hall,couple portraits,mkb-weddings-belfast-city-hall-merchant-hotel-wedding-photography-255_500.webp,,,,,,,,,,,
Belfast City Hall,getting ready,mkb-weddings-belfast-city-hall-merchant-hotel-wedding-photography-104_500.webp,,,,,,,,,,,
Belfast City Hall,getting ready,mkb-weddings-belfast-city-hall-merchant-hotel-wedding-photography-50_500.webp,,,,,,,,,,,
Belfast City Hall,getting ready,mkb-weddings-belfast-city-hall-merchant-hotel-wedding-photography-75_500.webp,,,,,,,,,,,
Belfast City Hall,getting ready,mkb-weddings-belfast-city-hall-merchant-hotel-wedding-photography-85_500.webp,,,,,,,,,,,
Belfast City Hall,getting ready,mkb-weddings-belfast-city-hall-merchant-hotel-wedding-photography-88_500.webp,,,,,,,,,,,
Belfast City Hall,getting ready,mkb-weddings-belfast-city-hall-merchant-hotel-wedding-photography-92_500.webp,,,,,,,,,,,
Bellingham Castle,couple portraits,mkb-weddings-irish-wedding-photographer-bellingham-castle-wedding-photography-2_500.webp,,,,,,,,,,,
Bellingham Castle,couple portraits,mkb-weddings-irish-wedding-photographer-bellingham-castle-wedding-photography-3_500.webp,,,,,,,,,,,
Bellingham Castle,couple portraits,mkb-weddings-irish-wedding-photographer-bellingham-castle-wedding-photography-4_500.webp,,,,,,,,,,,
Bellingham Castle,couple portraits,mkb-weddings-irish-wedding-photographer-bellingham-castle-wedding-photography-5_500.webp,creative-flash,,,,,,,,,,
Bellingham Castle,couple portraits,mkb-weddings-irish-wedding-photographer-bellingham-castle-wedding-photography-6_500.webp,creative-flash,,,,,,,,,,
Bellingham Castle,couple portraits,mkb-weddings-irish-wedding-photographer-bellingham-castle-wedding-photography-7_500.webp,creative-flash,,,,,,,,,,
Bellingham Castle,getting ready,mkb-weddings-irish-wedding-photographer-bellingham-castle-wedding-photography_500.webp,,,,,,,,,,,
Bellingham Castle,reception and party,mkb-weddings-irish-wedding-photographer-bellingham-castle-wedding-photography-8_500.webp,,,,,,,,,,,
Belmont,ceremony,mkb-weddings-mkb-photography-norther-ireland-wedding-photographer-belmont-house-hotel-banbridge-wedding-photography-101_500.webp,,,,,,,,,,,
Belmont,ceremony,mkb-weddings-mkb-photography-norther-ireland-wedding-photographer-belmont-house-hotel-banbridge-wedding-photography-177_500.webp,,,,,,,,,,,
Belmont,ceremony,mkb-weddings-mkb-photography-norther-ireland-wedding-photographer-belmont-house-hotel-banbridge-wedding-photography-243_500.webp,,,,,,,,,,,
Belmont,ceremony,mkb-weddings-mkb-photography-norther-ireland-wedding-photographer-belmont-house-hotel-banbridge-wedding-photography-259_500.webp,,,,,,,,,,,
Belmont,ceremony,mkb-weddings-mkb-photography-norther-ireland-wedding-photographer-belmont-house-hotel-banbridge-wedding-photography-405_500.webp,,,,,,,,,,,
Belmont,ceremony,mkb-weddings-mkb-photography-norther-ireland-wedding-photographer-belmont-house-hotel-banbridge-wedding-photography-416_500.webp,,,,,,,,,,,
Belmont,couple portraits,mkb-weddings-mkb-photography-norther-ireland-wedding-photographer-belmont-house-hotel-banbridge-wedding-photography-107-2_500.webp,,,,,,,,,,,
Belmont,couple portraits,mkb-weddings-mkb-photography-norther-ireland-wedding-photographer-belmont-house-hotel-banbridge-wedding-photography-109_500.webp,,,,,,,,,,,
Belmont,couple portraits,mkb-weddings-mkb-photography-norther-ireland-wedding-photographer-belmont-house-hotel-banbridge-wedding-photography-118_500.webp,,,,,,,,,,,
Belmont,couple portraits,mkb-weddings-mkb-photography-norther-ireland-wedding-photographer-belmont-house-hotel-banbridge-wedding-photography-119_500.webp,,,,,,,,,,,
Belmont,couple portraits,mkb-weddings-mkb-photography-norther-ireland-wedding-photographer-belmont-house-hotel-banbridge-wedding-photography-122_500.webp,,,,,,,,,,,
Belmont,couple portraits,mkb-weddings-mkb-photography-norther-ireland-wedding-photographer-belmont-house-hotel-banbridge-wedding-photography-123_500.webp,creative-flash,,,,,,,,,,
Belmont,couple portraits,mkb-weddings-mkb-photography-norther-ireland-wedding-photographer-belmont-house-hotel-banbridge-wedding-photography-124-1_500.webp,,,,,,,,,,,
Belmont,couple portraits,mkb-weddings-mkb-photography-norther-ireland-wedding-photographer-belmont-house-hotel-banbridge-wedding-photography-126_500.webp,,,,,,,,,,,
Belmont,couple portraits,mkb-weddings-mkb-photography-norther-ireland-wedding-photographer-belmont-house-hotel-banbridge-wedding-photography-128_500.webp,,,,,,,,,,,
Belmont,couple portraits,mkb-weddings-mkb-photography-norther-ireland-wedding-photographer-belmont-house-hotel-banbridge-wedding-photography-138_500.webp,,,,,,,,,,,
Belmont,couple portraits,mkb-weddings-mkb-photography-norther-ireland-wedding-photographer-belmont-house-hotel-banbridge-wedding-photography-365_500.webp,,,,,,,,,,,
Belmont,details and decor,mkb-weddings-mkb-photography-norther-ireland-wedding-photographer-belmont-house-hotel-banbridge-wedding-photography-120_500.webp,,,,,,,,,,,
Belmont,details and decor,mkb-weddings-mkb-photography-norther-ireland-wedding-photographer-belmont-house-hotel-banbridge-wedding-photography-124_500.webp,,,,,,,,,,,
Belmont,getting ready,mkb-weddings-mkb-photography-norther-ireland-wedding-photographer-belmont-house-hotel-banbridge-wedding-photography-100-1_500.webp,,,,,,,,,,,
Belmont,getting ready,mkb-weddings-mkb-photography-norther-ireland-wedding-photographer-belmont-house-hotel-banbridge-wedding-photography-100_500.webp,,,,,,,,,,,
Belmont,getting ready,mkb-weddings-mkb-photography-norther-ireland-wedding-photographer-belmont-house-hotel-banbridge-wedding-photography-102_500.webp,,,,,,,,,,,
Belmont,getting ready,mkb-weddings-mkb-photography-norther-ireland-wedding-photographer-belmont-house-hotel-banbridge-wedding-photography-103_500.webp,,,,,,,,,,,
Belmont,getting ready,mkb-weddings-mkb-photography-norther-ireland-wedding-photographer-belmont-house-hotel-banbridge-wedding-photography-104_500.webp,,,,,,,,,,,
Belmont,getting ready,mkb-weddings-mkb-photography-norther-ireland-wedding-photographer-belmont-house-hotel-banbridge-wedding-photography-107_500.webp,,,,,,,,,,,
Belmont,getting ready,mkb-weddings-mkb-photography-norther-ireland-wedding-photographer-belmont-house-hotel-banbridge-wedding-photography-107-1_500.webp,,,,,,,,,,,
Belmont,getting ready,mkb-weddings-mkb-photography-norther-ireland-wedding-photographer-belmont-house-hotel-banbridge-wedding-photography-114_500.webp,,,,,,,,,,,
Belmont,getting ready,mkb-weddings-mkb-photography-norther-ireland-wedding-photographer-belmont-house-hotel-banbridge-wedding-photography-130_500.webp,,,,,,,,,,,
Belmont,getting ready,mkb-weddings-mkb-photography-norther-ireland-wedding-photographer-belmont-house-hotel-banbridge-wedding-photography-132_500.webp,,,,,,,,,,,
Belmont,getting ready,mkb-weddings-mkb-photography-norther-ireland-wedding-photographer-belmont-house-hotel-banbridge-wedding-photography-205_500.webp,,,,,,,,,,,
Belmont,reception and party,mkb-weddings-mkb-photography-norther-ireland-wedding-photographer-belmont-house-hotel-banbridge-wedding-photography-300_500.webp,,,,,,,,,,,
Belmont,reception and party,mkb-weddings-mkb-photography-norther-ireland-wedding-photographer-belmont-house-hotel-banbridge-wedding-photography-340_500.webp,,,,,,,,,,,
Belmont,reception and party,mkb-weddings-mkb-photography-norther-ireland-wedding-photographer-belmont-house-hotel-banbridge-wedding-photography-351_500.webp,,,,,,,,,,,
Belmont,reception and party,mkb-weddings-mkb-photography-norther-ireland-wedding-photographer-belmont-house-hotel-banbridge-wedding-photography-397_500.webp,,,,,,,,,,,
Belmont,reception and party,mkb-weddings-mkb-photography-norther-ireland-wedding-photographer-belmont-house-hotel-banbridge-wedding-photography-400_500.webp,,,,,,,,,,,
Belmont,reception and party,mkb-weddings-mkb-photography-norther-ireland-wedding-photographer-belmont-house-hotel-banbridge-wedding-photography-424_500.webp,,,,,,,,,,,
Brookhall cottages,ceremony,mkb-weddings-brookhall-cottages-lisburn-county-down-wedding-photographer--15_500.webp,,,,,,,,,,,
Brookhall cottages,ceremony,mkb-weddings-brookhall-cottages-lisburn-county-down-wedding-photographer--16_500.webp,,,,,,,,,,,
Brookhall cottages,ceremony,mkb-weddings-brookhall-cottages-lisburn-county-down-wedding-photographer--17_500.webp,,,,,,,,,,,
Brookhall cottages,ceremony,mkb-weddings-brookhall-cottages-lisburn-county-down-wedding-photographer--18_500.webp,,,,,,,,,,,
Brookhall cottages,ceremony,mkb-weddings-brookhall-cottages-lisburn-county-down-wedding-photographer--19_500.webp,,,,,,,,,,,
Brookhall cottages,ceremony,mkb-weddings-brookhall-cottages-lisburn-county-down-wedding-photographer--20_500.webp,,,,,,,,,,,
Brookhall cottages,ceremony,mkb-weddings-brookhall-cottages-lisburn-county-down-wedding-photographer--21_500.webp,,,,,,,,,,,
Brookhall cottages,ceremony,mkb-weddings-brookhall-cottages-lisburn-county-down-wedding-photographer--22_500.webp,,,,,,,,,,,
Brookhall cottages,couple portraits,mkb-weddings-mkb-photography-northern-ireland-wedding-photography-brookhall-cottages-lisburn-wedding-photography--1_500.webp,creative-flash,,,,,,,,,,
Brookhall cottages,couple portraits,mkb-weddings-brookhall-cottages-lisburn-county-down-wedding-photographer--12_500.webp,,,,,,,,,,,
Brookhall cottages,couple portraits,mkb-weddings-brookhall-cottages-lisburn-county-down-wedding-photographer--13_500.webp,,,,,,,,,,,
Brookhall cottages,couple portraits,mkb-weddings-brookhall-cottages-lisburn-county-down-wedding-photographer--14_500.webp,,,,,,,,,,,
Brookhall cottages,couple portraits,mkb-weddings-brookhall-cottages-lisburn-county-down-wedding-photographer--1_500.webp,,,,,,,,,,,
Brookhall cottages,couple portraits,mkb-weddings-brookhall-cottages-lisburn-county-down-wedding-photographer--26_500.webp,creative-flash,,,,,,,,,,
Brookhall cottages,couple portraits,mkb-weddings-brookhall-cottages-lisburn-county-down-wedding-photographer--27_500.webp,creative-flash,,,,,,,,,,
Brookhall cottages,couple portraits,mkb-weddings-brookhall-cottages-lisburn-county-down-wedding-photographer--28_500.webp,creative-flash,,,,,,,,,,
Brookhall cottages,couple portraits,mkb-weddings-brookhall-cottages-lisburn-county-down-wedding-photographer--29_500.webp,creative-flash,,,,,,,,,,
Brookhall cottages,couple portraits,mkb-weddings-brookhall-cottages-lisburn-county-down-wedding-photographer--2_500.webp,creative-flash,,,,,,,,,,
Brookhall cottages,couple portraits,mkb-weddings-brookhall-cottages-lisburn-county-down-wedding-photographer--30_500.webp,creative-flash,,,,,,,,,,
Brookhall cottages,couple portraits,mkb-weddings-brookhall-cottages-lisburn-county-down-wedding-photographer--31_500.webp,creative-flash,,,,,,,,,,
Brookhall cottages,couple portraits,mkb-weddings-brookhall-cottages-lisburn-county-down-wedding-photographer--32_500.webp,creative-flash,,,,,,,,,,
Brookhall cottages,couple portraits,mkb-weddings-brookhall-cottages-lisburn-county-down-wedding-photographer--33_500.webp,creative-flash,,,,,,,,,,
Brookhall cottages,couple portraits,mkb-weddings-brookhall-cottages-lisburn-county-down-wedding-photographer--3_500.webp,,,,,,,,,,,
Brookhall cottages,couple portraits,mkb-weddings-brookhall-cottages-lisburn-county-down-wedding-photographer--4_500.webp,,,,,,,,,,,
Brookhall cottages,couple portraits,mkb-weddings-brookhall-cottages-lisburn-county-down-wedding-photographer--5_500.webp,,,,,,,,,,,
Brookhall cottages,couple portraits,mkb-weddings-brookhall-cottages-lisburn-county-down-wedding-photographer--6_500.webp,,,,,,,,,,,
Brookhall cottages,couple portraits,mkb-weddings-brookhall-cottages-lisburn-county-down-wedding-photographer--7_500.webp,,,,,,,,,,,
Brookhall cottages,couple portraits,mkb-weddings-brookhall-cottages-lisburn-county-down-wedding-photographer--8_500.webp,,,,,,,,,,,
Brookhall cottages,details and decor,mkb-weddings-brookhall-cottages-lisburn-county-down-wedding-photographer--23_500.webp,,,,,,,,,,,
Brookhall cottages,family and bridal party,mkb-weddings-brookhall-cottages-lisburn-county-down-wedding-photographer--25_500.webp,,,,,,,,,,,
Brookhall cottages,family and bridal party,mkb-weddings-brookhall-cottages-lisburn-county-down-wedding-photographer--34_500.webp,,,,,,,,,,,
Brookhall cottages,family and bridal party,mkb-weddings-brookhall-cottages-lisburn-county-down-wedding-photographer--35_500.webp,,,,,,,,,,,
Brookhall cottages,getting ready,mkb-weddings-brookhall-cottages-lisburn-county-down-wedding-photographer--10_500.webp,,,,,,,,,,,
Brookhall cottages,getting ready,mkb-weddings-brookhall-cottages-lisburn-county-down-wedding-photographer--11_500.webp,,,,,,,,,,,
Brookhall cottages,getting ready,mkb-weddings-brookhall-cottages-lisburn-county-down-wedding-photographer--9_500.webp,,,,,,,,,,,
Brookhall cottages,reception and party,mkb-weddings-brookhall-cottages-lisburn-county-down-wedding-photographer--24_500.webp,,,,,,,,,,,
Brookhall cottages,reception and party,mkb-weddings-brookhall-cottages-lisburn-county-down-wedding-photographer--36_500.webp,,,,,,,,,,,
Brookhall cottages,reception and party,mkb-weddings-brookhall-cottages-lisburn-county-down-wedding-photographer--37_500.webp,,,,,,,,,,,
Castle Leslie,family and bridal party,MKB_weddings_Ireland_Northen_ireland_Wedding_Photography_castle-leslie_Wedding_Photography-378_500.webp,,,,,,,,,,,
Castle Leslie,getting ready,MKB_weddings_Ireland_Northen_ireland_Wedding_Photography_castle-leslie_Wedding_Photography-100_500.webp,,,,,,,,,,,
Castle Leslie,getting ready,MKB_weddings_Ireland_Northen_ireland_Wedding_Photography_castle-leslie_Wedding_Photography-117_500.webp,,,,,,,,,,,
Castle Leslie,getting ready,MKB_weddings_Ireland_Northen_ireland_Wedding_Photography_castle-leslie_Wedding_Photography-140_500.webp,,,,,,,,,,,
Cavan Crystal,ceremony,mkb-weddings-mkb-photography-northern-ireland-wedding-photography-cavan-crystal-hotel-wedding-photography--3_500.webp,,,,,,,,,,,
Cavan Crystal,ceremony,mkb-weddings-mkb-photography-northern-ireland-wedding-photography-cavan-crystal-hotel-wedding-photography--4_500.webp,,,,,,,,,,,
Cavan Crystal,couple portraits,mkb-weddings-mkb-photography-northern-ireland-wedding-photography-cavan-crystal-hotel-wedding-photography--7_500.webp,creative-flash,,,,,,,,,,
Cavan Crystal,couple portraits,mkb-weddings-mkb-photography-northern-ireland-wedding-photography-cavan-crystal-hotel-wedding-photography--5_500.webp,,,,,,,,,,,
Cavan Crystal,couple portraits,mkb-weddings-cavan-crystal-hotel-wedding-photographer-408_500.webp,,,,,,,,,,,
Cavan Crystal,couple portraits,mkb-weddings-cavan-crystal-hotel-wedding-photographer-411_500.webp,,,,,,,,,,,
Cavan Crystal,couple portraits,mkb-weddings-cavan-crystal-hotel-wedding-photographer-413_500.webp,,,,,,,,,,,
Cavan Crystal,couple portraits,mkb-weddings-cavan-crystal-hotel-wedding-photographer-417_500.webp,,,,,,,,,,,
Cavan Crystal,couple portraits,mkb-weddings-cavan-crystal-hotel-wedding-photographer-421_500.webp,,,,,,,,,,,
Cavan Crystal,couple portraits,mkb-weddings-cavan-crystal-hotel-wedding-photographer-428_500.webp,,,,,,,,,,,
Cavan Crystal,couple portraits,mkb-weddings-cavan-crystal-hotel-wedding-photographer-430_500.webp,,,,,,,,,,,
Cavan Crystal,couple portraits,mkb-weddings-cavan-crystal-hotel-wedding-photographer-431_500.webp,,,,,,,,,,,
Cavan Crystal,couple portraits,mkb-weddings-cavan-crystal-hotel-wedding-photographer-432_500.webp,,,,,,,,,,,
Cavan Crystal,couple portraits,mkb-weddings-cavan-crystal-hotel-wedding-photographer-437_500.webp,,,,,,,,,,,
Cavan Crystal,couple portraits,mkb-weddings-cavan-crystal-hotel-wedding-photographer-442_500.webp,,,,,,,,,,,
Cavan Crystal,couple portraits,mkb-weddings-cavan-crystal-hotel-wedding-photographer-443_500.webp,,,,,,,,,,,
Cavan Crystal,family and bridal party,mkb-weddings-cavan-crystal-hotel-wedding-photographer-475_500.webp,,,,,,,,,,,
Cavan Crystal,getting ready,mkb-weddings-mkb-photography-northern-ireland-wedding-photography-cavan-crystal-hotel-wedding-photography--1_500.webp,,,,,,,,,,,
Clandeboye lodge,ceremony,MKB_Photography_Ireland_Northen_irelandl_Wedding_Photography_Clandeboye_lodge_Wedding_Photography_Stephanie_and_Callum-169_500.webp,,,,,,,,,,,
Clandeboye lodge,ceremony,MKB_Photography_Ireland_Northen_irelandl_Wedding_Photography_Clandeboye_lodge_Wedding_Photography_Stephanie_and_Callum-283_500.webp,,,,,,,,,,,
Clandeboye lodge,ceremony,mkb-weddings-irish-wedding-photographer-clandeboye-lodge-bangor-photography-207_500.webp,,,,,,,,,,,
Clandeboye lodge,ceremony,mkb-weddings-irish-wedding-photographer-clandeboye-lodge-bangor-photography-277_500.webp,,,,,,,,,,,
Clandeboye lodge,ceremony,mkb-weddings-irish-wedding-photographer-clandeboye-lodge-bangor-photography-286_500.webp,,,,,,,,,,,
Clandeboye lodge,couple portraits,MKB_Photography_Ireland_Northen_irelandl_Wedding_Photography_Clandeboye_lodge_Wedding_Photography_Stephanie_and_Callum-383_500.webp,,,,,,,,,,,
Clandeboye lodge,couple portraits,MKB_Photography_Ireland_Northen_irelandl_Wedding_Photography_Clandeboye_lodge_Wedding_Photography_Stephanie_and_Callum-307_500.webp,,,,,,,,,,,
Clandeboye lodge,couple portraits,MKB_Photography_Ireland_Northen_irelandl_Wedding_Photography_Clandeboye_lodge_Wedding_Photography_Stephanie_and_Callum-326_500.webp,,,,,,,,,,,
Clandeboye lodge,couple portraits,MKB_Photography_Ireland_Northen_irelandl_Wedding_Photography_Clandeboye_lodge_Wedding_Photography_Stephanie_and_Callum-364_500.webp,,,,,,,,,,,
Clandeboye lodge,couple portraits,MKB_Photography_Ireland_Northen_irelandl_Wedding_Photography_Clandeboye_lodge_Wedding_Photography_Stephanie_and_Callum-372_500.webp,,,,,,,,,,,
Clandeboye lodge,couple portraits,MKB_Photography_Ireland_Northen_irelandl_Wedding_Photography_Clandeboye_lodge_Wedding_Photography_Stephanie_and_Callum-404_500.webp,,,,,,,,,,,
Clandeboye lodge,couple portraits,mkb-weddings-irish-wedding-photographer-clandeboye-lodge-bangor-photography-103_500.webp,,,,,,,,,,,
Clandeboye lodge,couple portraits,mkb-weddings-irish-wedding-photographer-clandeboye-lodge-bangor-photography-108_500.webp,creative-flash,,,,,,,,,,
Clandeboye lodge,couple portraits,mkb-weddings-irish-wedding-photographer-clandeboye-lodge-bangor-photography-400_500.webp,,,,,,,,,,,
Clandeboye lodge,getting ready,MKB_Photography_Ireland_Northen_irelandl_Wedding_Photography_Clandeboye_lodge_Wedding_Photography_Stephanie_and_Callum-108_500.webp,,,,,,,,,,,
Clandeboye lodge,getting ready,MKB_Photography_Ireland_Northen_irelandl_Wedding_Photography_Clandeboye_lodge_Wedding_Photography_Stephanie_and_Callum-117_500.webp,,,,,,,,,,,
Clandeboye lodge,getting ready,MKB_Photography_Ireland_Northen_irelandl_Wedding_Photography_Clandeboye_lodge_Wedding_Photography_Stephanie_and_Callum-145_500.webp,,,,,,,,,,,
Clandeboye lodge,getting ready,MKB_Photography_Ireland_Northen_irelandl_Wedding_Photography_Clandeboye_lodge_Wedding_Photography_Stephanie_and_Callum-168_500.webp,,,,,,,,,,,
Clandeboye lodge,getting ready,mkb-weddings-irish-wedding-photographer-clandeboye-lodge-bangor-photography-113_500.webp,,,,,,,,,,,
Clandeboye lodge,getting ready,mkb-weddings-irish-wedding-photographer-clandeboye-lodge-bangor-photography-124_500.webp,,,,,,,,,,,
Clandeboye lodge,getting ready,mkb-weddings-irish-wedding-photographer-clandeboye-lodge-bangor-photography-161_500.webp,,,,,,,,,,,
Clandeboye lodge,reception and party,MKB_Photography_Ireland_Northen_irelandl_Wedding_Photography_Clandeboye_lodge_Wedding_Photography_Stephanie_and_Callum-353_500.webp,,,,,,,,,,,
Clandeboye lodge,reception and party,MKB_Photography_Ireland_Northen_irelandl_Wedding_Photography_Clandeboye_lodge_Wedding_Photography_Stephanie_and_Callum-487_500.webp,,,,,,,,,,,
Clandeboye lodge,reception and party,mkb-weddings-irish-wedding-photographer-clandeboye-lodge-bangor-photography-159_500.webp,,,,,,,,,,,
Corick house,ceremony,mkb-weddings-mkb-photography-northern-ireland-wedding-photography-corick-house-hotel-wedding-photography-269_500.webp,,,,,,,,,,,
Corick house,couple portraits,MKB-weddings-mkb-photography-northern-ireland-wedding-photographer-corrick-house-wedding-photography13_500.webp,creative-flash,,,,,,,,,,
Corick house,couple portraits,MKB-weddings-mkb-photography-northern-ireland-wedding-photographer-corrick-house-wedding-photography10_500.webp,,,,,,,,,,,
Corick house,couple portraits,MKB-weddings-mkb-photography-northern-ireland-wedding-photographer-corrick-house-wedding-photography11_500.webp,,,,,,,,,,,
Corick house,couple portraits,MKB-weddings-mkb-photography-northern-ireland-wedding-photographer-corrick-house-wedding-photography12_500.webp,,,,,,,,,,,
Corick house,couple portraits,MKB-weddings-mkb-photography-northern-ireland-wedding-photographer-corrick-house-wedding-photography14_500.webp,creative-flash,,,,,,,,,,
Corick house,couple portraits,MKB-weddings-mkb-photography-northern-ireland-wedding-photographer-corrick-house-wedding-photography15_500.webp,,,,,,,,,,,
Corick house,couple portraits,MKB-weddings-mkb-photography-northern-ireland-wedding-photographer-corrick-house-wedding-photography16_500.webp,,,,,,,,,,,
Corick house,couple portraits,MKB-weddings-mkb-photography-northern-ireland-wedding-photographer-corrick-house-wedding-photography17_500.webp,,,,,,,,,,,
Corick house,couple portraits,MKB-weddings-mkb-photography-northern-ireland-wedding-photographer-corrick-house-wedding-photography18_500.webp,,,,,,,,,,,
Corick house,couple portraits,MKB-weddings-mkb-photography-northern-ireland-wedding-photographer-corrick-house-wedding-photography8_500.webp,,,,,,,,,,,
Corick house,couple portraits,MKB-weddings-mkb-photography-northern-ireland-wedding-photographer-corrick-house-wedding-photography9_500.webp,,,,,,,,,,,
Corick house,couple portraits,mkb-weddings-mkb-photography-northern-ireland-wedding-photography-corick-house-hotel-wedding-photography-407_500.webp,,,,,,,,,,,
Corick house,couple portraits,mkb-weddings-mkb-photography-northern-ireland-wedding-photography-corick-house-hotel-wedding-photography-409_500.webp,,,,,,,,,,,
Corick house,couple portraits,mkb-weddings-mkb-photography-northern-ireland-wedding-photography-corick-house-hotel-wedding-photography-595_500.webp,,,,,,,,,,,
Corick house,couple portraits,mkb-weddings-mkb-photography-northern-ireland-wedding-photography-corick-house-hotel-wedding-photography-600_500.webp,,,,,,,,,,,
Corick house,couple portraits,mkb-weddings-mkb-photography-northern-ireland-wedding-photography-corick-house-hotel-wedding-photography-605_500.webp,,,,,,,,,,,
Corick house,couple portraits,Rachel&Carl-Corick-house-hotel-and-spa-192_500.webp,,,,,,,,,,,
Corick house,couple portraits,Rachel&Carl-Corick-house-hotel-and-spa-222_500.webp,,,,,,,,,,,
Corick house,family and bridal party,MKB-weddings-mkb-photography-northern-ireland-wedding-photographer-corrick-house-wedding-photography6_500.webp,,,,,,,,,,,
Corick house,getting ready,MKB-weddings-mkb-photography-northern-ireland-wedding-photographer-corrick-house-wedding-photography1_500.webp,,,,,,,,,,,
Corick house,getting ready,MKB-weddings-mkb-photography-northern-ireland-wedding-photographer-corrick-house-wedding-photography19_500.webp,,,,,,,,,,,
Corick house,getting ready,MKB-weddings-mkb-photography-northern-ireland-wedding-photographer-corrick-house-wedding-photography20_500.webp,,,,,,,,,,,
Corick house,getting ready,MKB-weddings-mkb-photography-northern-ireland-wedding-photographer-corrick-house-wedding-photography21_500.webp,,,,,,,,,,,
Corick house,reception and party,MKB-weddings-mkb-photography-northern-ireland-wedding-photographer-corrick-house-wedding-photography2_500.webp,,,,,,,,,,,
Corick house,reception and party,MKB-weddings-mkb-photography-northern-ireland-wedding-photographer-corrick-house-wedding-photography3_500.webp,,,,,,,,,,,
Corick house,reception and party,MKB-weddings-mkb-photography-northern-ireland-wedding-photographer-corrick-house-wedding-photography4_500.webp,,,,,,,,,,,
Corick house,reception and party,MKB-weddings-mkb-photography-northern-ireland-wedding-photographer-corrick-house-wedding-photography5_500.webp,,,,,,,,,,,
Corick house,reception and party,mkb-weddings-mkb-photography-northern-ireland-wedding-photography-corick-house-hotel-wedding-photography-499_500.webp,,,,,,,,,,,
Corick house,reception and party,mkb-weddings-mkb-photography-northern-ireland-wedding-photography-corick-house-hotel-wedding-photography-649_500.webp,,,,,,,,,,,
Crover House,ceremony,MKB_Photography-Northern-ireland-wedding-photography-northern-ireland-wedding-photographer-crover-house-hotel-cavan-wedding-photography-Full res-132_500.webp,,,,,,,,,,,
Crover House,ceremony,MKB_Photography-Northern-ireland-wedding-photography-northern-ireland-wedding-photographer-crover-house-hotel-cavan-wedding-photography-Full res-174_500.webp,,,,,,,,,,,
Crover House,couple portraits,mkb-weddings-irish-wedding-photographer-crover-house-cavan-wedding-photography-9_500.webp,,,,,,,,,,,
Crover House,couple portraits,MKB_Photography-Northern-ireland-wedding-photography-northern-ireland-wedding-photographer-crover-house-hotel-cavan-wedding-photography-Full res-288_500.webp,,,,,,,,,,,
Crover House,couple portraits,MKB_Photography-Northern-ireland-wedding-photography-northern-ireland-wedding-photographer-crover-house-hotel-cavan-wedding-photography-Full res-291_500.webp,,,,,,,,,,,
Crover House,couple portraits,MKB_Photography-Northern-ireland-wedding-photography-northern-ireland-wedding-photographer-crover-house-hotel-cavan-wedding-photography-Full res-306_500.webp,,,,,,,,,,,
Crover House,details and decor,MKB_Photography-Northern-ireland-wedding-photography-northern-ireland-wedding-photographer-crover-house-hotel-cavan-wedding-photography-Full res-16_500.webp,,,,,,,,,,,
Crover House,details and decor,MKB_Photography-Northern-ireland-wedding-photography-northern-ireland-wedding-photographer-crover-house-hotel-cavan-wedding-photography-Full res-327_500.webp,,,,,,,,,,,
Crover House,details and decor,MKB_Photography-Northern-ireland-wedding-photography-northern-ireland-wedding-photographer-crover-house-hotel-cavan-wedding-photography-Full res-329_500.webp,,,,,,,,,,,
Crover House,family and bridal party,MKB_Photography-Northern-ireland-wedding-photography-northern-ireland-wedding-photographer-crover-house-hotel-cavan-wedding-photography-Full res-77_500.webp,,,,,,,,,,,
Crover House,family and bridal party,MKB_Photography-Northern-ireland-wedding-photography-northern-ireland-wedding-photographer-crover-house-hotel-cavan-wedding-photography-Full res-93_500.webp,,,,,,,,,,,
Crover House,getting ready,mkb-weddings-irish-wedding-photographer-crover-house-cavan-wedding-photography 2_500.webp,,,,,,,,,,,
Crover House,getting ready,MKB_Photography-Northern-ireland-wedding-photography-northern-ireland-wedding-photographer-crover-house-hotel-cavan-wedding-photography-Full res-14_500.webp,,,,,,,,,,,
Crover House,getting ready,MKB_Photography-Northern-ireland-wedding-photography-northern-ireland-wedding-photographer-crover-house-hotel-cavan-wedding-photography-Full res-31_500.webp,,,,,,,,,,,
Crover House,getting ready,MKB_Photography-Northern-ireland-wedding-photography-northern-ireland-wedding-photographer-crover-house-hotel-cavan-wedding-photography-Full res-48_500.webp,,,,,,,,,,,
Crover House,getting ready,MKB_Photography-Northern-ireland-wedding-photography-northern-ireland-wedding-photographer-crover-house-hotel-cavan-wedding-photography-Full res-52_500.webp,,,,,,,,,,,
Crover House,getting ready,MKB_Photography-Northern-ireland-wedding-photography-northern-ireland-wedding-photographer-crover-house-hotel-cavan-wedding-photography-Full res-7_500.webp,,,,,,,,,,,
Crover House,reception and party,MKB_Photography-Northern-ireland-wedding-photography-northern-ireland-wedding-photographer-crover-house-hotel-cavan-wedding-photography-Full res-362_500.webp,,,,,,,,,,,
Darver castle,ceremony,MKB_weddings_Ireland_Northen_ireland_Wedding-wedding-photographer_darver-castle_Wedding_Photography-137_500.webp,,,,,,,,,,,
Darver castle,ceremony,MKB_weddings_Ireland_Northen_ireland_Wedding-wedding-photographer_darver-castle_Wedding_Photography-160_500.webp,,,,,,,,,,,
Darver castle,ceremony,MKB_weddings_Ireland_Northen_ireland_Wedding-wedding-photographer_darver-castle_Wedding_Photography-173_500.webp,,,,,,,,,,,
Darver castle,ceremony,MKB_weddings_Ireland_Northen_ireland_Wedding-wedding-photographer_darver-castle_Wedding_Photography-179_500.webp,,,,,,,,,,,
Darver castle,ceremony,mkb-weddings-northern-ireland-wedding-photographer-ni-wedding-photography-darver-castle-wedding-photography-255_500.webp,,,,,,,,,,,
Darver castle,couple portraits,MKB-photography-Northern-Ireland-wedding-photographer-Irish-Wedding-photography-Darver-castle-wedding-photography-Full res-586_500.webp,creative-flash,,,,,,,,,,
Darver castle,couple portraits,MKB_weddings_Ireland_Northen_ireland_Wedding-wedding-photographer_darver-castle_Wedding_Photography-324_500.webp,,,,,,,,,,,
Darver castle,couple portraits,MKB_weddings_Ireland_Northen_ireland_Wedding-wedding-photographer_darver-castle_Wedding_Photography-336_500.webp,,,,,,,,,,,
Darver castle,couple portraits,MKB_weddings_Ireland_Northen_ireland_Wedding-wedding-photographer_darver-castle_Wedding_Photography-462_500.webp,creative-flash,,,,,,,,,,
Darver castle,couple portraits,mkb-weddings-northern-ireland-wedding-photographer-ni-wedding-photography-darver-castle-wedding-photography-104_500.webp,,,,,,,,,,,
Darver castle,couple portraits,mkb-weddings-northern-ireland-wedding-photographer-ni-wedding-photography-darver-castle-wedding-photography-121_500.webp,,,,,,,,,,,
Darver castle,couple portraits,mkb-weddings-northern-ireland-wedding-photographer-ni-wedding-photography-darver-castle-wedding-photography-125_500.webp,,,,,,,,,,,
Darver castle,couple portraits,mkb-weddings-northern-ireland-wedding-photographer-ni-wedding-photography-darver-castle-wedding-photography-131_500.webp,,,,,,,,,,,
Darver castle,couple portraits,mkb-weddings-northern-ireland-wedding-photographer-ni-wedding-photography-darver-castle-wedding-photography-139-1_500.webp,,,,,,,,,,,
Darver castle,couple portraits,mkb-weddings-northern-ireland-wedding-photographer-ni-wedding-photography-darver-castle-wedding-photography-142_500.webp,,,,,,,,,,,
Darver castle,couple portraits,mkb-weddings-northern-ireland-wedding-photographer-ni-wedding-photography-darver-castle-wedding-photography-154_500.webp,,,,,,,,,,,
Darver castle,couple portraits,mkb-weddings-northern-ireland-wedding-photographer-ni-wedding-photography-darver-castle-wedding-photography-162_500.webp,,,,,,,,,,,
Darver castle,couple portraits,mkb-weddings-northern-ireland-wedding-photographer-ni-wedding-photography-darver-castle-wedding-photography-178_500.webp,,,,,,,,,,,
Darver castle,couple portraits,mkb-weddings-northern-ireland-wedding-photographer-ni-wedding-photography-darver-castle-wedding-photography-443_500.webp,,,,,,,,,,,
Darver castle,details and decor,mkb-weddings-northern-ireland-wedding-photographer-ni-wedding-photography-darver-castle-wedding-photography-128_500.webp,,,,,,,,,,,
Darver castle,family and bridal party,MKB_weddings_Ireland_Northen_ireland_Wedding-wedding-photographer_darver-castle_Wedding_Photography-316_500.webp,,,,,,,,,,,
Darver castle,family and bridal party,mkb-weddings-northern-ireland-wedding-photographer-ni-wedding-photography-darver-castle-wedding-photography-147_500.webp,,,,,,,,,,,
Darver castle,family and bridal party,mkb-weddings-northern-ireland-wedding-photographer-ni-wedding-photography-darver-castle-wedding-photography-234_500.webp,,,,,,,,,,,
Darver castle,getting ready,MKB_weddings_Ireland_Northen_ireland_Wedding-wedding-photographer_darver-castle_Wedding_Photography-2_500.webp,,,,,,,,,,,
Darver castle,getting ready,MKB_weddings_Ireland_Northen_ireland_Wedding-wedding-photographer_darver-castle_Wedding_Photography-20_500.webp,,,,,,,,,,,
Darver castle,getting ready,MKB_weddings_Ireland_Northen_ireland_Wedding-wedding-photographer_darver-castle_Wedding_Photography-26_500.webp,,,,,,,,,,,
Darver castle,getting ready,MKB_weddings_Ireland_Northen_ireland_Wedding-wedding-photographer_darver-castle_Wedding_Photography-58_500.webp,,,,,,,,,,,
Darver castle,getting ready,MKB_weddings_Ireland_Northen_ireland_Wedding-wedding-photographer_darver-castle_Wedding_Photography-80_500.webp,,,,,,,,,,,
Darver castle,getting ready,mkb-weddings-northern-ireland-wedding-photographer-ni-wedding-photography-darver-castle-wedding-photography-100_500.webp,,,,,,,,,,,
Darver castle,getting ready,mkb-weddings-northern-ireland-wedding-photographer-ni-wedding-photography-darver-castle-wedding-photography-123_500.webp,,,,,,,,,,,
Darver castle,getting ready,mkb-weddings-northern-ireland-wedding-photographer-ni-wedding-photography-darver-castle-wedding-photography-139_500.webp,,,,,,,,,,,
Darver castle,reception and party,MKB_weddings_Ireland_Northen_ireland_Wedding-wedding-photographer_darver-castle_Wedding_Photography-484_500.webp,,,,,,,,,,,
Darver castle,reception and party,mkb-weddings-northern-ireland-wedding-photographer-ni-wedding-photography-darver-castle-wedding-photography-189_500.webp,,,,,,,,,,,
Darver castle,reception and party,mkb-weddings-northern-ireland-wedding-photographer-ni-wedding-photography-darver-castle-wedding-photography-310_500.webp,,,,,,,,,,,
Darver castle,reception and party,mkb-weddings-northern-ireland-wedding-photographer-ni-wedding-photography-darver-castle-wedding-photography-315_500.webp,,,,,,,,,,,
Dunadry,ceremony,mkb-weddings-mkb-photography-northern-ireland-wedding-photographer-dunadry-hotel-belfast-photography-222_500.webp,,,,,,,,,,,
Dunadry,ceremony,mkb-weddings-mkb-photography-northern-ireland-wedding-photographer-dunadry-hotel-belfast-photography-299_500.webp,,,,,,,,,,,
Dunadry,couple portraits,mkb-weddings-mkb-photography-northern-ireland-wedding-photographer-dunadry-hotel-belfast-photography-373_500.webp,,,,,,,,,,,
Dunadry,couple portraits,mkb-weddings-mkb-photography-northern-ireland-wedding-photographer-dunadry-hotel-belfast-photography-367_500.webp,,,,,,,,,,,
Dunadry,couple portraits,mkb-weddings-mkb-photography-northern-ireland-wedding-photographer-dunadry-hotel-belfast-photography-374_500.webp,,,,,,,,,,,
Dunadry,couple portraits,mkb-weddings-mkb-photography-northern-ireland-wedding-photographer-dunadry-hotel-belfast-photography-388_500.webp,creative-flash,,,,,,,,,,
Dunadry,couple portraits,mkb-weddings-mkb-photography-northern-ireland-wedding-photographer-dunadry-hotel-belfast-photography-392_500.webp,,,,,,,,,,,
Dunadry,couple portraits,mkb-weddings-mkb-photography-northern-ireland-wedding-photographer-dunadry-hotel-belfast-photography-488_500.webp,,,,,,,,,,,
Dunadry,details and decor,mkb-weddings-mkb-photography-northern-ireland-wedding-photographer-dunadry-hotel-belfast-photography-465_500.webp,,,,,,,,,,,
Dunadry,family and bridal party,mkb-weddings-mkb-photography-northern-ireland-wedding-photographer-dunadry-hotel-belfast-photography-421_500.webp,,,,,,,,,,,
Dunadry,family and bridal party,mkb-weddings-mkb-photography-northern-ireland-wedding-photographer-dunadry-hotel-belfast-photography-451_500.webp,,,,,,,,,,,
Dunadry,getting ready,mkb-weddings-mkb-photography-northern-ireland-wedding-photographer-dunadry-hotel-belfast-photography-103_500.webp,,,,,,,,,,,
Dunadry,getting ready,mkb-weddings-mkb-photography-northern-ireland-wedding-photographer-dunadry-hotel-belfast-photography-105_500.webp,,,,,,,,,,,
Dunadry,getting ready,mkb-weddings-mkb-photography-northern-ireland-wedding-photographer-dunadry-hotel-belfast-photography-115_500.webp,,,,,,,,,,,
Dunadry,getting ready,mkb-weddings-mkb-photography-northern-ireland-wedding-photographer-dunadry-hotel-belfast-photography-127_500.webp,,,,,,,,,,,
Dunadry,getting ready,mkb-weddings-mkb-photography-northern-ireland-wedding-photographer-dunadry-hotel-belfast-photography-130_500.webp,,,,,,,,,,,
Dunadry,getting ready,mkb-weddings-mkb-photography-northern-ireland-wedding-photographer-dunadry-hotel-belfast-photography-140_500.webp,,,,,,,,,,,
Dunadry,getting ready,mkb-weddings-mkb-photography-northern-ireland-wedding-photographer-dunadry-hotel-belfast-photography-166_500.webp,,,,,,,,,,,
Dunadry,getting ready,mkb-weddings-mkb-photography-northern-ireland-wedding-photographer-dunadry-hotel-belfast-photography-170_500.webp,,,,,,,,,,,
Dunadry,getting ready,mkb-weddings-mkb-photography-northern-ireland-wedding-photographer-dunadry-hotel-belfast-photography-183_500.webp,,,,,,,,,,,
Dunadry,getting ready,mkb-weddings-mkb-photography-northern-ireland-wedding-photographer-dunadry-hotel-belfast-photography-196_500.webp,,,,,,,,,,,
Dunadry,reception and party,mkb-weddings-mkb-photography-northern-ireland-wedding-photographer-dunadry-hotel-belfast-photography-530_500.webp,,,,,,,,,,,
Dunadry,reception and party,mkb-weddings-mkb-photography-northern-ireland-wedding-photographer-dunadry-hotel-belfast-photography-538_500.webp,,,,,,,,,,,
Edenmore,ceremony,mkb-weddings-mkb-photography-northern-ireland-wedding-photography-edenmore-house-moira-wedding-photography--245_500.webp,,,,,,,,,,,
Edenmore,ceremony,mkb-weddings-mkb-photography-northern-ireland-wedding-photography-edenmore-house-moira-wedding-photography--287_500.webp,,,,,,,,,,,
Edenmore,ceremony,mkb-weddings-mkb-photography-northern-ireland-wedding-photography-edenmore-house-moira-wedding-photography--333_500.webp,,,,,,,,,,,
Edenmore,ceremony,mkb-weddings-mkb-photography-northern-ireland-wedding-photography-edenmore-house-moira-wedding-photography--341_500.webp,,,,,,,,,,,
Edenmore,ceremony,mkb-weddings-mkb-photography-northern-ireland-wedding-photography-edenmore-house-moira-wedding-photography--357_500.webp,,,,,,,,,,,
Edenmore,couple portraits,MKB-weddings-mkb-photography-northern-ireland-wedding-photographer-edenmore-house-moira-wedding-photography2_500.webp,,,,,,,,,,,
Edenmore,couple portraits,MKB-weddings-mkb-photography-northern-ireland-wedding-photographer-edenmore-house-moira-wedding-photography3_500.webp,,,,,,,,,,,
Edenmore,couple portraits,MKB-weddings-mkb-photography-northern-ireland-wedding-photographer-edenmore-house-moira-wedding-photography4_500.webp,,,,,,,,,,,
Edenmore,couple portraits,mkb-weddings-mkb-photography-northern-ireland-wedding-photography-edenmore-house-moira-wedding-photography--406_500.webp,,,,,,,,,,,
Edenmore,couple portraits,mkb-weddings-mkb-photography-northern-ireland-wedding-photography-edenmore-house-moira-wedding-photography--410_500.webp,,,,,,,,,,,
Edenmore,couple portraits,mkb-weddings-mkb-photography-northern-ireland-wedding-photography-edenmore-house-moira-wedding-photography--417_500.webp,,,,,,,,,,,
Edenmore,couple portraits,mkb-weddings-mkb-photography-northern-ireland-wedding-photography-edenmore-house-moira-wedding-photography--437_500.webp,,,,,,,,,,,
Edenmore,couple portraits,mkb-weddings-mkb-photography-northern-ireland-wedding-photography-edenmore-house-moira-wedding-photography--444_500.webp,,,,,,,,,,,
Edenmore,couple portraits,mkb-weddings-mkb-photography-northern-ireland-wedding-photography-edenmore-house-moira-wedding-photography--449_500.webp,,,,,,,,,,,
Edenmore,couple portraits,mkb-weddings-mkb-photography-northern-ireland-wedding-photography-edenmore-house-moira-wedding-photography--453_500.webp,,,,,,,,,,,
Edenmore,couple portraits,mkb-weddings-mkb-photography-northern-ireland-wedding-photography-edenmore-house-moira-wedding-photography--621_500.webp,creative-flash,,,,,,,,,,
Edenmore,couple portraits,mkb-weddings-mkb-photography-northern-ireland-wedding-photography-edenmore-house-moira-wedding-photography--625_500.webp,creative-flash,,,,,,,,,,
Edenmore,couple portraits,mkb-weddings-mkb-photography-northern-ireland-wedding-photography-edenmore-house-moira-wedding-photography--627_500.webp,creative-flash,,,,,,,,,,
Edenmore,details and decor,mkb-weddings-mkb-photography-northern-ireland-wedding-photography-edenmore-house-moira-wedding-photography--103_500.webp,,,,,,,,,,,
Edenmore,details and decor,mkb-weddings-mkb-photography-northern-ireland-wedding-photography-edenmore-house-moira-wedding-photography--107_500.webp,,,,,,,,,,,
Edenmore,details and decor,mkb-weddings-mkb-photography-northern-ireland-wedding-photography-edenmore-house-moira-wedding-photography--483_500.webp,,,,,,,,,,,
Edenmore,details and decor,mkb-weddings-mkb-photography-northern-ireland-wedding-photography-edenmore-house-moira-wedding-photography--490_500.webp,,,,,,,,,,,
Edenmore,details and decor,mkb-weddings-mkb-photography-northern-ireland-wedding-photography-edenmore-house-moira-wedding-photography--493_500.webp,,,,,,,,,,,
Edenmore,family and bridal party,mkb-weddings-mkb-photography-northern-ireland-wedding-photography-edenmore-house-moira-wedding-photography--386_500.webp,,,,,,,,,,,
Edenmore,family and bridal party,mkb-weddings-mkb-photography-northern-ireland-wedding-photography-edenmore-house-moira-wedding-photography--394_500.webp,,,,,,,,,,,
Edenmore,family and bridal party,mkb-weddings-mkb-photography-northern-ireland-wedding-photography-edenmore-house-moira-wedding-photography--396_500.webp,,,,,,,,,,,
Edenmore,family and bridal party,mkb-weddings-mkb-photography-northern-ireland-wedding-photography-edenmore-house-moira-wedding-photography--514_500.webp,,,,,,,,,,,
Edenmore,getting ready,MKB-weddings-mkb-photography-northern-ireland-wedding-photographer-edenmore-house-moira-wedding-photography1_500.webp,,,,,,,,,,,
Edenmore,getting ready,mkb-weddings-mkb-photography-northern-ireland-wedding-photography-edenmore-house-moira-wedding-photography--108_500.webp,,,,,,,,,,,
Edenmore,getting ready,mkb-weddings-mkb-photography-northern-ireland-wedding-photography-edenmore-house-moira-wedding-photography--121_500.webp,,,,,,,,,,,
Edenmore,getting ready,mkb-weddings-mkb-photography-northern-ireland-wedding-photography-edenmore-house-moira-wedding-photography--146_500.webp,,,,,,,,,,,
Edenmore,getting ready,mkb-weddings-mkb-photography-northern-ireland-wedding-photography-edenmore-house-moira-wedding-photography--162_500.webp,,,,,,,,,,,
Edenmore,getting ready,mkb-weddings-mkb-photography-northern-ireland-wedding-photography-edenmore-house-moira-wedding-photography--183_500.webp,,,,,,,,,,,
Edenmore,getting ready,mkb-weddings-mkb-photography-northern-ireland-wedding-photography-edenmore-house-moira-wedding-photography--198_500.webp,,,,,,,,,,,
Edenmore,reception and party,mkb-weddings-mkb-photography-northern-ireland-wedding-photography-edenmore-house-moira-wedding-photography--497_500.webp,,,,,,,,,,,
Edenmore,reception and party,mkb-weddings-mkb-photography-northern-ireland-wedding-photography-edenmore-house-moira-wedding-photography--538_500.webp,,,,,,,,,,,
Edenmore,reception and party,mkb-weddings-mkb-photography-northern-ireland-wedding-photography-edenmore-house-moira-wedding-photography--549_500.webp,,,,,,,,,,,
Edenmore,reception and party,mkb-weddings-mkb-photography-northern-ireland-wedding-photography-edenmore-house-moira-wedding-photography--566_500.webp,,,,,,,,,,,
Edenmore,reception and party,mkb-weddings-mkb-photography-northern-ireland-wedding-photography-edenmore-house-moira-wedding-photography--597_500.webp,,,,,,,,,,,
Edenmore,reception and party,mkb-weddings-mkb-photography-northern-ireland-wedding-photography-edenmore-house-moira-wedding-photography--645_500.webp,,,,,,,,,,,
Edenmore,reception and party,mkb-weddings-mkb-photography-northern-ireland-wedding-photography-edenmore-house-moira-wedding-photography--648_500.webp,,,,,,,,,,,
Edenmore,reception and party,mkb-weddings-mkb-photography-northern-ireland-wedding-photography-edenmore-house-moira-wedding-photography--659_500.webp,,,,,,,,,,,
Edenmore,reception and party,mkb-weddings-mkb-photography-northern-ireland-wedding-photography-edenmore-house-moira-wedding-photography--678_500.webp,,,,,,,,,,,
Edenmore,reception and party,mkb-weddings-mkb-photography-northern-ireland-wedding-photography-edenmore-house-moira-wedding-photography--691_500.webp,,,,,,,,,,,
Farnham,ceremony,"mkb-weddings-mkb-photography-irish-wedding-photographer-farnha,m-estate-wedding-photography-156_500.webp",,,,,,,,,,,
Farnham,ceremony,"mkb-weddings-mkb-photography-irish-wedding-photographer-farnha,m-estate-wedding-photography-148_500.webp",,,,,,,,,,,
Farnham,ceremony,"mkb-weddings-mkb-photography-irish-wedding-photographer-farnha,m-estate-wedding-photography-152_500.webp",,,,,,,,,,,
Farnham,ceremony,"mkb-weddings-mkb-photography-irish-wedding-photographer-farnha,m-estate-wedding-photography-160_500.webp",,,,,,,,,,,
Farnham,ceremony,"mkb-weddings-mkb-photography-irish-wedding-photographer-farnha,m-estate-wedding-photography-167_500.webp",,,,,,,,,,,
Farnham,ceremony,"mkb-weddings-mkb-photography-irish-wedding-photographer-farnha,m-estate-wedding-photography-173_500.webp",,,,,,,,,,,
Farnham,ceremony,"mkb-weddings-mkb-photography-irish-wedding-photographer-farnha,m-estate-wedding-photography-177_500.webp",,,,,,,,,,,
Farnham,ceremony,"mkb-weddings-mkb-photography-irish-wedding-photographer-farnha,m-estate-wedding-photography-188_500.webp",,,,,,,,,,,
Farnham,ceremony,"mkb-weddings-mkb-photography-irish-wedding-photographer-farnha,m-estate-wedding-photography-193_500.webp",,,,,,,,,,,
Farnham,ceremony,"mkb-weddings-mkb-photography-irish-wedding-photographer-farnha,m-estate-wedding-photography-194_500.webp",,,,,,,,,,,
Farnham,ceremony,"mkb-weddings-mkb-photography-irish-wedding-photographer-farnha,m-estate-wedding-photography-204_500.webp",,,,,,,,,,,
Farnham,ceremony,"mkb-weddings-mkb-photography-irish-wedding-photographer-farnha,m-estate-wedding-photography-209_500.webp",,,,,,,,,,,
Farnham,ceremony,"mkb-weddings-mkb-photography-irish-wedding-photographer-farnha,m-estate-wedding-photography-212_500.webp",,,,,,,,,,,
Farnham,couple portraits,mkb-weddings-mkb-photography-irish-wedding-photographer-farnham-estate-wedding-photography-263_500.webp,,,,,,,,,,,
Farnham,couple portraits,"mkb-weddings-mkb-photography-irish-wedding-photographer-farnha,m-estate-wedding-photography-243_500.webp",,,,,,,,,,,
Farnham,couple portraits,"mkb-weddings-mkb-photography-irish-wedding-photographer-farnha,m-estate-wedding-photography-244_500.webp",,,,,,,,,,,
Farnham,couple portraits,"mkb-weddings-mkb-photography-irish-wedding-photographer-farnha,m-estate-wedding-photography-248_500.webp",,,,,,,,,,,
Farnham,couple portraits,"mkb-weddings-mkb-photography-irish-wedding-photographer-farnha,m-estate-wedding-photography-251_500.webp",,,,,,,,,,,
Farnham,couple portraits,"mkb-weddings-mkb-photography-irish-wedding-photographer-farnha,m-estate-wedding-photography-253_500.webp",,,,,,,,,,,
Farnham,couple portraits,mkb-weddings-mkb-photography-irish-wedding-photographer-farnham-estate-wedding-photography-254_500.webp,,,,,,,,,,,
Farnham,couple portraits,mkb-weddings-mkb-photography-irish-wedding-photographer-farnham-estate-wedding-photography-255_500.webp,,,,,,,,,,,
Farnham,couple portraits,mkb-weddings-mkb-photography-irish-wedding-photographer-farnham-estate-wedding-photography-257_500.webp,,,,,,,,,,,
Farnham,couple portraits,mkb-weddings-mkb-photography-irish-wedding-photographer-farnham-estate-wedding-photography-261_500.webp,,,,,,,,,,,
Farnham,couple portraits,mkb-weddings-mkb-photography-irish-wedding-photographer-farnham-estate-wedding-photography-265_500.webp,,,,,,,,,,,
Farnham,couple portraits,mkb-weddings-mkb-photography-irish-wedding-photographer-farnham-estate-wedding-photography-267_500.webp,,,,,,,,,,,
Farnham,couple portraits,mkb-weddings-mkb-photography-irish-wedding-photographer-farnham-estate-wedding-photography-269_500.webp,,,,,,,,,,,
Farnham,couple portraits,mkb-weddings-mkb-photography-irish-wedding-photographer-farnham-estate-wedding-photography-271_500.webp,,,,,,,,,,,
Farnham,couple portraits,mkb-weddings-mkb-photography-irish-wedding-photographer-farnham-estate-wedding-photography-272_500.webp,,,,,,,,,,,
Farnham,couple portraits,mkb-weddings-mkb-photography-irish-wedding-photographer-farnham-estate-wedding-photography-320_500.webp,,,,,,,,,,,
Farnham,couple portraits,mkb-weddings-mkb-photography-irish-wedding-photographer-farnham-estate-wedding-photography-321_500.webp,,,,,,,,,,,
Farnham,couple portraits,mkb-weddings-mkb-photography-irish-wedding-photographer-farnham-estate-wedding-photography-322_500.webp,,,,,,,,,,,
Farnham,couple portraits,mkb-weddings-mkb-photography-irish-wedding-photographer-farnham-estate-wedding-photography-454_500.webp,creative-flash,,,,,,,,,,
Farnham,couple portraits,mkb-weddings-mkb-photography-irish-wedding-photographer-farnham-estate-wedding-photography-455_500.webp,creative-flash,,,,,,,,,,
Farnham,details and decor,"mkb-weddings-mkb-photography-irish-wedding-photographer-farnha,m-estate-wedding-photography-12_500.webp",,,,,,,,,,,
Farnham,details and decor,"mkb-weddings-mkb-photography-irish-wedding-photographer-farnha,m-estate-wedding-photography-16_500.webp",,,,,,,,,,,
Farnham,details and decor,"mkb-weddings-mkb-photography-irish-wedding-photographer-farnha,m-estate-wedding-photography-8_500.webp",,,,,,,,,,,
Farnham,details and decor,"mkb-weddings-mkb-photography-irish-wedding-photographer-farnha,m-estate-wedding-photography-9_500.webp",,,,,,,,,,,
Farnham,details and decor,mkb-weddings-mkb-photography-irish-wedding-photographer-farnham-estate-wedding-photography-275_500.webp,,,,,,,,,,,
Farnham,details and decor,mkb-weddings-mkb-photography-irish-wedding-photographer-farnham-estate-wedding-photography-276_500.webp,,,,,,,,,,,
Farnham,family and bridal party,"mkb-weddings-mkb-photography-irish-wedding-photographer-farnha,m-estate-wedding-photography-218_500.webp",,,,,,,,,,,
Farnham,family and bridal party,"mkb-weddings-mkb-photography-irish-wedding-photographer-farnha,m-estate-wedding-photography-231_500.webp",,,,,,,,,,,
Farnham,family and bridal party,"mkb-weddings-mkb-photography-irish-wedding-photographer-farnha,m-estate-wedding-photography-240_500.webp",,,,,,,,,,,
Farnham,family and bridal party,mkb-weddings-mkb-photography-irish-wedding-photographer-farnham-estate-wedding-photography-295_500.webp,,,,,,,,,,,
Farnham,getting ready,"mkb-weddings-mkb-photography-irish-wedding-photographer-farnha,m-estate-wedding-photography-101_500.webp",,,,,,,,,,,
Farnham,getting ready,"mkb-weddings-mkb-photography-irish-wedding-photographer-farnha,m-estate-wedding-photography-103_500.webp",,,,,,,,,,,
Farnham,getting ready,"mkb-weddings-mkb-photography-irish-wedding-photographer-farnha,m-estate-wedding-photography-116_500.webp",,,,,,,,,,,
Farnham,getting ready,"mkb-weddings-mkb-photography-irish-wedding-photographer-farnha,m-estate-wedding-photography-29_500.webp",,,,,,,,,,,
Farnham,getting ready,"mkb-weddings-mkb-photography-irish-wedding-photographer-farnha,m-estate-wedding-photography-35_500.webp",,,,,,,,,,,
Farnham,getting ready,"mkb-weddings-mkb-photography-irish-wedding-photographer-farnha,m-estate-wedding-photography-49_500.webp",,,,,,,,,,,
Farnham,getting ready,"mkb-weddings-mkb-photography-irish-wedding-photographer-farnha,m-estate-wedding-photography-50_500.webp",,,,,,,,,,,
Farnham,getting ready,"mkb-weddings-mkb-photography-irish-wedding-photographer-farnha,m-estate-wedding-photography-52_500.webp",,,,,,,,,,,
Farnham,getting ready,"mkb-weddings-mkb-photography-irish-wedding-photographer-farnha,m-estate-wedding-photography-60_500.webp",,,,,,,,,,,
Farnham,getting ready,"mkb-weddings-mkb-photography-irish-wedding-photographer-farnha,m-estate-wedding-photography-62_500.webp",,,,,,,,,,,
Farnham,getting ready,"mkb-weddings-mkb-photography-irish-wedding-photographer-farnha,m-estate-wedding-photography-67_500.webp",,,,,,,,,,,
Farnham,getting ready,"mkb-weddings-mkb-photography-irish-wedding-photographer-farnha,m-estate-wedding-photography-72_500.webp",,,,,,,,,,,
Farnham,getting ready,"mkb-weddings-mkb-photography-irish-wedding-photographer-farnha,m-estate-wedding-photography-80_500.webp",,,,,,,,,,,
Farnham,getting ready,"mkb-weddings-mkb-photography-irish-wedding-photographer-farnha,m-estate-wedding-photography-81_500.webp",,,,,,,,,,,
Farnham,getting ready,"mkb-weddings-mkb-photography-irish-wedding-photographer-farnha,m-estate-wedding-photography-91_500.webp",,,,,,,,,,,
Farnham,getting ready,"mkb-weddings-mkb-photography-irish-wedding-photographer-farnha,m-estate-wedding-photography-95_500.webp",,,,,,,,,,,
Farnham,reception and party,mkb-weddings-mkb-photography-irish-wedding-photographer-farnham-estate-wedding-photography-307_500.webp,,,,,,,,,,,
Farnham,reception and party,mkb-weddings-mkb-photography-irish-wedding-photographer-farnham-estate-wedding-photography-332_500.webp,,,,,,,,,,,
Farnham,reception and party,mkb-weddings-mkb-photography-irish-wedding-photographer-farnham-estate-wedding-photography-333_500.webp,,,,,,,,,,,
Farnham,reception and party,mkb-weddings-mkb-photography-irish-wedding-photographer-farnham-estate-wedding-photography-354_500.webp,,,,,,,,,,,
Farnham,reception and party,mkb-weddings-mkb-photography-irish-wedding-photographer-farnham-estate-wedding-photography-360_500.webp,,,,,,,,,,,
Farnham,reception and party,mkb-weddings-mkb-photography-irish-wedding-photographer-farnham-estate-wedding-photography-365_500.webp,,,,,,,,,,,
Farnham,reception and party,mkb-weddings-mkb-photography-irish-wedding-photographer-farnham-estate-wedding-photography-378_500.webp,,,,,,,,,,,
Farnham,reception and party,mkb-weddings-mkb-photography-irish-wedding-photographer-farnham-estate-wedding-photography-380_500.webp,,,,,,,,,,,
Farnham,reception and party,mkb-weddings-mkb-photography-irish-wedding-photographer-farnham-estate-wedding-photography-389_500.webp,,,,,,,,,,,
Farnham,reception and party,mkb-weddings-mkb-photography-irish-wedding-photographer-farnham-estate-wedding-photography-396_500.webp,,,,,,,,,,,
Farnham,reception and party,mkb-weddings-mkb-photography-irish-wedding-photographer-farnham-estate-wedding-photography-401_500.webp,,,,,,,,,,,
Farnham,reception and party,mkb-weddings-mkb-photography-irish-wedding-photographer-farnham-estate-wedding-photography-407_500.webp,,,,,,,,,,,
Farnham,reception and party,mkb-weddings-mkb-photography-irish-wedding-photographer-farnham-estate-wedding-photography-413_500.webp,,,,,,,,,,,
Farnham,reception and party,mkb-weddings-mkb-photography-irish-wedding-photographer-farnham-estate-wedding-photography-420_500.webp,,,,,,,,,,,
Farnham,reception and party,mkb-weddings-mkb-photography-irish-wedding-photographer-farnham-estate-wedding-photography-439_500.webp,,,,,,,,,,,
Farnham,reception and party,mkb-weddings-mkb-photography-irish-wedding-photographer-farnham-estate-wedding-photography-443_500.webp,,,,,,,,,,,
Farnham,reception and party,mkb-weddings-mkb-photography-irish-wedding-photographer-farnham-estate-wedding-photography-447_500.webp,,,,,,,,,,,
Farnham,reception and party,mkb-weddings-mkb-photography-irish-wedding-photographer-farnham-estate-wedding-photography-451_500.webp,,,,,,,,,,,
Farnham,reception and party,mkb-weddings-mkb-photography-irish-wedding-photographer-farnham-estate-wedding-photography-452_500.webp,,,,,,,,,,,
Farnham,reception and party,mkb-weddings-mkb-photography-irish-wedding-photographer-farnham-estate-wedding-photography-479_500.webp,,,,,,,,,,,
Farnham,reception and party,mkb-weddings-mkb-photography-irish-wedding-photographer-farnham-estate-wedding-photography-482_500.webp,,,,,,,,,,,
Farnham,reception and party,mkb-weddings-mkb-photography-irish-wedding-photographer-farnham-estate-wedding-photography-489_500.webp,,,,,,,,,,,
Farnham,reception and party,mkb-weddings-mkb-photography-irish-wedding-photographer-farnham-estate-wedding-photography-498_500.webp,,,,,,,,,,,
Field of dreams,couple portraits,mkb-weddings-mkb-photography-northern-ireland-wedding-photography-field-of-dreams-bangor-wedding-photography--388_500.webp,creative-flash,,,,,,,,,,
Field of dreams,couple portraits,mkb-weddings-mkb-photography-northern-ireland-wedding-photography-field-of-dreams-bangor-wedding-photography--393_500.webp,creative-flash,,,,,,,,,,
Field of dreams,couple portraits,mkb-weddings-mkb-photography-northern-ireland-wedding-photography-field-of-dreams-bangor-wedding-photography--515_500.webp,,,,,,,,,,,
Field of dreams,getting ready,mkb-weddings-mkb-photography-northern-ireland-wedding-photography-field-of-dreams-bangor-wedding-photography--76_500.webp,,,,,,,,,,,
Field of dreams,reception and party,mkb-weddings-mkb-photography-northern-ireland-wedding-photography-field-of-dreams-bangor-wedding-photography--482_500.webp,,,,,,,,,,,
Four Seasons monaghan,ceremony,mkb-weddings-mkb-photography-northern-ireland-wedding-photography-four-seasons-hotel-monaghan-wedding-photography-114_500.webp,,,,,,,,,,,
Four Seasons monaghan,couple portraits,MKB_weddings-mkb-Photography-Northern-ireland-wedding-photography-northern-ireland-wedding-photographer-four-seasons-hotel-monaghan-wedding-photography-1-2-196_500.webp,,,,,,,,,,,
Four Seasons monaghan,couple portraits,MKB_weddings-mkb-Photography-Northern-ireland-wedding-photography-northern-ireland-wedding-photographer-four-seasons-hotel-monaghan-wedding-photography-1-2-217_500.webp,,,,,,,,,,,
Four Seasons monaghan,couple portraits,mkb-weddings-mkb-photography-northern-ireland-wedding-photography-four-seasons-hotel-monaghan-wedding-photography-1_500.webp,,,,,,,,,,,
Four Seasons monaghan,couple portraits,mkb-weddings-mkb-photography-northern-ireland-wedding-photography-four-seasons-hotel-monaghan-wedding-photography-355_500.webp,,,,,,,,,,,
Four Seasons monaghan,couple portraits,mkb-weddings-mkb-photography-northern-ireland-wedding-photography-four-seasons-hotel-monaghan-wedding-photography-360_500.webp,,,,,,,,,,,
Four Seasons monaghan,couple portraits,mkb-weddings-mkb-photography-northern-ireland-wedding-photography-four-seasons-hotel-monaghan-wedding-photography-371_500.webp,,,,,,,,,,,
Four Seasons monaghan,couple portraits,mkb-weddings-mkb-photography-northern-ireland-wedding-photography-four-seasons-hotel-monaghan-wedding-photography-94_500.webp,,,,,,,,,,,
Four Seasons monaghan,family and bridal party,mkb-weddings-mkb-photography-northern-ireland-wedding-photography-four-seasons-hotel-monaghan-wedding-photography-334_500.webp,,,,,,,,,,,
Four Seasons monaghan,getting ready,MKB_weddings-mkb-Photography-Northern-ireland-wedding-photography-northern-ireland-wedding-photographer-four-seasons-hotel-monaghan-wedding-photography-1-2-447_500.webp,,,,,,,,,,,
Four Seasons monaghan,getting ready,MKB_weddings-mkb-Photography-Northern-ireland-wedding-photography-northern-ireland-wedding-photographer-four-seasons-hotel-monaghan-wedding-photography-1-2-464_500.webp,,,,,,,,,,,
Four Seasons monaghan,getting ready,mkb-weddings-mkb-photography-northern-ireland-wedding-photography-four-seasons-hotel-monaghan-wedding-photography-33_500.webp,,,,,,,,,,,
Four Seasons monaghan,getting ready,mkb-weddings-mkb-photography-northern-ireland-wedding-photography-four-seasons-hotel-monaghan-wedding-photography-42_500.webp,,,,,,,,,,,
Four Seasons monaghan,getting ready,mkb-weddings-mkb-photography-northern-ireland-wedding-photography-four-seasons-hotel-monaghan-wedding-photography-49_500.webp,,,,,,,,,,,
Four Seasons monaghan,getting ready,mkb-weddings-mkb-photography-northern-ireland-wedding-photography-four-seasons-hotel-monaghan-wedding-photography-64_500.webp,,,,,,,,,,,
Four Seasons monaghan,getting ready,mkb-weddings-mkb-photography-northern-ireland-wedding-photography-four-seasons-hotel-monaghan-wedding-photography-77_500.webp,,,,,,,,,,,
Four Seasons monaghan,getting ready,mkb-weddings-mkb-photography-northern-ireland-wedding-photography-four-seasons-hotel-monaghan-wedding-photography-86_500.webp,,,,,,,,,,,
Four Seasons monaghan,reception and party,mkb-weddings-mkb-photography-northern-ireland-wedding-photography-four-seasons-hotel-monaghan-wedding-photography-132_500.webp,,,,,,,,,,,
Four Seasons monaghan,reception and party,mkb-weddings-mkb-photography-northern-ireland-wedding-photography-four-seasons-hotel-monaghan-wedding-photography-418_500.webp,,,,,,,,,,,
Galgorm,couple portraits,MKB-weddings-mkb-photography_Northern_Ireland_Wedding_Photography_Galgorm_Manor_wedding_photography_Galgorm_resort_wedding_photographer-Full-res-256_500.webp,,,,,,,,,,,
Galgorm,couple portraits,MKB-photography-Northern-Ireland-wedding-photographer-Galgorm-resort-Wedding-photography-Glagorm-resort-wedding-photography-full res-303_500.webp,,,,,,,,,,,
Galgorm,couple portraits,MKB-photography-Northern-Ireland-wedding-photographer-Galgorm-resort-Wedding-photography-Glagorm-resort-wedding-photography-full res-310_500.webp,,,,,,,,,,,
Galgorm,couple portraits,MKB-photography-Northern-Ireland-wedding-photographer-Galgorm-resort-Wedding-photography-Glagorm-resort-wedding-photography-full res-318_500.webp,,,,,,,,,,,
Galgorm,couple portraits,MKB-photography-Northern-Ireland-wedding-photographer-Galgorm-resort-Wedding-photography-Glagorm-resort-wedding-photography-full res-326_500.webp,,,,,,,,,,,
Galgorm,couple portraits,MKB-weddings-mkb-photography_Northern_Ireland_Wedding_Photography_Galgorm_Manor_wedding_photography_Galgorm_resort_wedding_photographer-Full-res-252_500.webp,,,,,,,,,,,
Galgorm,couple portraits,MKB-weddings-mkb-photography_Northern_Ireland_Wedding_Photography_Galgorm_Manor_wedding_photography_Galgorm_resort_wedding_photographer-Full-res-254_500.webp,,,,,,,,,,,
Galgorm,couple portraits,mkb-weddings-northern-ireland-wedding-photographer-galgorm-resort-ballymena-wedding-photography-12_500.webp,creative-flash,,,,,,,,,,
Galgorm,couple portraits,mkb-weddings-northern-ireland-wedding-photographer-galgorm-resort-ballymena-wedding-photography-37_500.webp,creative-flash,,,,,,,,,,
Galgorm,couple portraits,MKB-photography-Northern-Ireland-wedding-photographer-Galgorm-resort-Wedding-photography-Glagorm-resort-wedding-photography-full res-307_500.webp,,,,,,,,,,,
Galgorm,couple portraits,MKB-photography-Northern-Ireland-wedding-photographer-Galgorm-resort-Wedding-photography-Glagorm-resort-wedding-photography-full res-330_500.webp,,,,,,,,,,,
Galgorm,family and bridal party,MKB-photography-Northern-Ireland-wedding-photographer-Galgorm-resort-Wedding-photography-Glagorm-resort-wedding-photography-full res-377_500.webp,,,,,,,,,,,
Galgorm,family and bridal party,MKB-photography-Northern-Ireland-wedding-photographer-Galgorm-resort-Wedding-photography-Glagorm-resort-wedding-photography-full res-381_500.webp,,,,,,,,,,,
Galgorm,family and bridal party,MKB-photography-Northern-Ireland-wedding-photographer-Galgorm-resort-Wedding-photography-Glagorm-resort-wedding-photography-full res-509_500.webp,,,,,,,,,,,
Galgorm,getting ready,MKB-photography-Northern-Ireland-wedding-photographer-Galgorm-resort-Wedding-photography-Glagorm-resort-wedding-photography-full res-32_500.webp,,,,,,,,,,,
Galgorm,getting ready,MKB-photography-Northern-Ireland-wedding-photographer-Galgorm-resort-Wedding-photography-Glagorm-resort-wedding-photography-full res-67_500.webp,,,,,,,,,,,
Galgorm,getting ready,MKB-weddings-mkb-photography_Northern_Ireland_Wedding_Photography_Galgorm_Manor_wedding_photography_Galgorm_resort_wedding_photographer-Full-res-48_500.webp,,,,,,,,,,,
Galgorm,getting ready,MKB-weddings-mkb-photography_Northern_Ireland_Wedding_Photography_Galgorm_Manor_wedding_photography_Galgorm_resort_wedding_photographer-Full-res-51_500.webp,,,,,,,,,,,
Galgorm,getting ready,mkb-weddings-northern-ireland-wedding-photographer-ivory-pavillion-galgorm-wedding-photography-2_500.webp,,,,,,,,,,,
Galgorm,reception and party,MKB-photography-Northern-Ireland-wedding-photographer-Galgorm-resort-Wedding-photography-Glagorm-resort-wedding-photography-full res-448_500.webp,,,,,,,,,,,
Ghan House,couple portraits,mkb-weddings-northern-ireland-wedding-photographer-ghan-house-carlingford-wedding-photography-3_500.webp,,,,,,,,,,,
Ghan House,couple portraits,mkb-weddings-northern-ireland-wedding-photographer-ghan-house-carlingford-wedding-photography-4_500.webp,creative-flash,,,,,,,,,,
Glenavon,couple portraits,MKB-weddings-MKB-photography-Northern-Ireland-wedding-photographer-Northern-ireland-Wedding-photography_Glenavon_hotel_cookstown_Wedding_photography_cookstown_wedding_photographer-473_500.webp,,,,,,,,,,,
Glenavon,couple portraits,MKB-weddings-MKB-photography-Northern-Ireland-wedding-photographer-Northern-ireland-Wedding-photography_Glenavon_hotel_cookstown_Wedding_photography_cookstown_wedding_photographer-484_500.webp,,,,,,,,,,,
Glenavon,couple portraits,MKB-weddings-MKB-photography-Northern-Ireland-wedding-photographer-Northern-ireland-Wedding-photography_Glenavon_hotel_cookstown_Wedding_photography_cookstown_wedding_photographer-488_500.webp,,,,,,,,,,,
Glenavon,couple portraits,MKB-weddings-MKB-photography-Northern-Ireland-wedding-photographer-Northern-ireland-Wedding-photography_Glenavon_hotel_cookstown_Wedding_photography_cookstown_wedding_photographer-492_500.webp,,,,,,,,,,,
Glenavon,couple portraits,MKB-weddings-MKB-photography-Northern-Ireland-wedding-photographer-Northern-ireland-Wedding-photography_Glenavon_hotel_cookstown_Wedding_photography_cookstown_wedding_photographer-510_500.webp,,,,,,,,,,,
Glenavon,getting ready,MKB-weddings-MKB-photography-Northern-Ireland-wedding-photographer-Northern-ireland-Wedding-photography_Glenavon_hotel_cookstown_Wedding_photography_cookstown_wedding_photographer-109_500.webp,,,,,,,,,,,
Glenavon,getting ready,MKB-weddings-MKB-photography-Northern-Ireland-wedding-photographer-Northern-ireland-Wedding-photography_Glenavon_hotel_cookstown_Wedding_photography_cookstown_wedding_photographer-138_500.webp,,,,,,,,,,,
Glenavon,getting ready,MKB-weddings-MKB-photography-Northern-Ireland-wedding-photographer-Northern-ireland-Wedding-photography_Glenavon_hotel_cookstown_Wedding_photography_cookstown_wedding_photographer-149_500.webp,,,,,,,,,,,
Glenavon,getting ready,MKB-weddings-MKB-photography-Northern-Ireland-wedding-photographer-Northern-ireland-Wedding-photography_Glenavon_hotel_cookstown_Wedding_photography_cookstown_wedding_photographer-162_500.webp,,,,,,,,,,,
Glenavon,getting ready,MKB-weddings-MKB-photography-Northern-Ireland-wedding-photographer-Northern-ireland-Wedding-photography_Glenavon_hotel_cookstown_Wedding_photography_cookstown_wedding_photographer-181_500.webp,,,,,,,,,,,
Glenavon,reception and party,MKB-weddings-MKB-photography-Northern-Ireland-wedding-photographer-Northern-ireland-Wedding-photography_Glenavon_hotel_cookstown_Wedding_photography_cookstown_wedding_photographer-455_500.webp,,,,,,,,,,,
Glenavon,reception and party,MKB-weddings-MKB-photography-Northern-Ireland-wedding-photographer-Northern-ireland-Wedding-photography_Glenavon_hotel_cookstown_Wedding_photography_cookstown_wedding_photographer-463_500.webp,,,,,,,,,,,
Glenavon,reception and party,MKB-weddings-MKB-photography-Northern-Ireland-wedding-photographer-Northern-ireland-Wedding-photography_Glenavon_hotel_cookstown_Wedding_photography_cookstown_wedding_photographer-466_500.webp,,,,,,,,,,,
Greenvale Hotel,ceremony,MKB-weddings-mkb-photography-NI-wedding-photographer-greenvale-cookstown-wedding-photography-213_500.webp,,,,,,,,,,,
Greenvale Hotel,ceremony,MKB-weddings-mkb-photography-NI-wedding-photographer-greenvale-cookstown-wedding-photography-233_500.webp,,,,,,,,,,,
Greenvale Hotel,couple portraits,MKB_weddings_MKB_photography_Ireland_Northen_ireland_Wedding_photographer_greenvale_hotel_cookstown_Wedding_Photography-302_500.webp,,,,,,,,,,,
Greenvale Hotel,couple portraits,MKB_weddings_MKB_photography_Ireland_Northen_ireland_Wedding_photographer_greenvale_hotel_cookstown_Wedding_Photography-335_500.webp,,,,,,,,,,,
Greenvale Hotel,couple portraits,MKB_weddings_MKB_photography_Ireland_Northen_ireland_Wedding_photographer_greenvale_hotel_cookstown_Wedding_Photography-347_500.webp,,,,,,,,,,,
Greenvale Hotel,couple portraits,MKB_weddings_MKB_photography_Ireland_Northen_ireland_Wedding_photographer_greenvale_hotel_cookstown_Wedding_Photography-349_500.webp,creative-flash,,,,,,,,,,
Greenvale Hotel,couple portraits,MKB-weddings-mkb-photography-NI-wedding-photographer-greenvale-cookstown-wedding-photography-446_500.webp,,,,,,,,,,,
Greenvale Hotel,couple portraits,MKB-weddings-mkb-photography-NI-wedding-photographer-greenvale-cookstown-wedding-photography-456_500.webp,,,,,,,,,,,
Greenvale Hotel,couple portraits,MKB-weddings-mkb-photography-NI-wedding-photographer-greenvale-cookstown-wedding-photography-477_500.webp,,,,,,,,,,,
Greenvale Hotel,couple portraits,mkb-weddings-northern-ireland-wedding-photographer-greenvale-hotel-cookstown-wedding-photography_500.webp,,,,,,,,,,,
Greenvale Hotel,details and decor,mkb-weddings-northern-ireland-wedding-photographer-lissan-house-cookstown-wedding-photography-3_500.webp,,,,,,,,,,,
Greenvale Hotel,family and bridal party,MKB-weddings-mkb-photography-NI-wedding-photographer-greenvale-cookstown-wedding-photography-100_500.webp,,,,,,,,,,,
Greenvale Hotel,family and bridal party,MKB-weddings-mkb-photography-NI-wedding-photographer-greenvale-cookstown-wedding-photography-102_500.webp,,,,,,,,,,,
Greenvale Hotel,family and bridal party,MKB-weddings-mkb-photography-NI-wedding-photographer-greenvale-cookstown-wedding-photography-434_500.webp,,,,,,,,,,,
Greenvale Hotel,family and bridal party,MKB-weddings-mkb-photography-NI-wedding-photographer-greenvale-cookstown-wedding-photography-435_500.webp,,,,,,,,,,,
Greenvale Hotel,family and bridal party,mkb-weddings-northern-ireland-wedding-photographer-greenvale-hotel-cookstown-wedding-photography-12_500.webp,,,,,,,,,,,
Greenvale Hotel,getting ready,MKB-weddings-mkb-photography-NI-wedding-photographer-greenvale-cookstown-wedding-photography-151_500.webp,,,,,,,,,,,
Harveys point,ceremony,mkb-weddings-mkb-photography-donegal-wedding-photography-harveys-point-hotel-donegal-wedding-photography-148_500.webp,,,,,,,,,,,
Harveys point,ceremony,mkb-weddings-mkb-photography-donegal-wedding-photography-harveys-point-hotel-donegal-wedding-photography-184_500.webp,,,,,,,,,,,
Harveys point,ceremony,mkb-weddings-mkb-photography-donegal-wedding-photography-harveys-point-hotel-donegal-wedding-photography-212_500.webp,,,,,,,,,,,
Harveys point,ceremony,mkb-weddings-mkb-photography-donegal-wedding-photography-harveys-point-hotel-donegal-wedding-photography-239_500.webp,,,,,,,,,,,
Harveys point,ceremony,mkb-weddings-mkb-photography-donegal-wedding-photography-harveys-point-hotel-donegal-wedding-photography-250_500.webp,,,,,,,,,,,
Harveys point,ceremony,mkb-weddings-mkb-photography-donegal-wedding-photography-harveys-point-hotel-donegal-wedding-photography-281_500.webp,,,,,,,,,,,
Harveys point,ceremony,mkb-weddings-mkb-photography-donegal-wedding-photography-harveys-point-hotel-donegal-wedding-photography-303_500.webp,,,,,,,,,,,
Harveys point,ceremony,mkb-weddings-mkb-photography-donegal-wedding-photography-harveys-point-hotel-donegal-wedding-photography-338_500.webp,,,,,,,,,,,
Harveys point,ceremony,mkb-weddings-mkb-photography-donegal-wedding-photography-harveys-point-hotel-donegal-wedding-photography-493_500.webp,,,,,,,,,,,
Harveys point,couple portraits,mkb-weddings-mkb-photography-donegal-wedding-photography-harveys-point-hotel-donegal-wedding-photography-448_500.webp,,,,,,,,,,,
Harveys point,couple portraits,mkb-weddings-mkb-photography-donegal-wedding-photography-harveys-point-hotel-donegal-wedding-photography-503_500.webp,,,,,,,,,,,
Harveys point,couple portraits,mkb-weddings-mkb-photography-donegal-wedding-photography-harveys-point-hotel-donegal-wedding-photography-508_500.webp,,,,,,,,,,,
Harveys point,couple portraits,mkb-weddings-mkb-photography-donegal-wedding-photography-harveys-point-hotel-donegal-wedding-photography-510_500.webp,,,,,,,,,,,
Harveys point,couple portraits,mkb-weddings-mkb-photography-donegal-wedding-photography-harveys-point-hotel-donegal-wedding-photography-517_500.webp,,,,,,,,,,,
Harveys point,couple portraits,mkb-weddings-mkb-photography-donegal-wedding-photography-harveys-point-hotel-donegal-wedding-photography-524_500.webp,,,,,,,,,,,
Harveys point,couple portraits,mkb-weddings-mkb-photography-donegal-wedding-photography-harveys-point-hotel-donegal-wedding-photography-658_500.webp,creative-flash,,,,,,,,,,
Harveys point,couple portraits,mkb-weddings-mkb-photography-donegal-wedding-photography-harveys-point-hotel-donegal-wedding-photography-663_500.webp,creative-flash,,,,,,,,,,
Harveys point,couple portraits,mkb-weddings-mkb-photography-donegal-wedding-photography-harveys-point-hotel-donegal-wedding-photography-664_500.webp,creative-flash,,,,,,,,,,
Harveys point,couple portraits,mkb-weddings-mkb-photography-donegal-wedding-photography-harveys-point-hotel-donegal-wedding-photography-667_500.webp,,,,,,,,,,,
Harveys point,details and decor,mkb-weddings-mkb-photography-donegal-wedding-photography-harveys-point-hotel-donegal-wedding-photography-477_500.webp,,,,,,,,,,,
Harveys point,family and bridal party,mkb-weddings-mkb-photography-donegal-wedding-photography-harveys-point-hotel-donegal-wedding-photography-137_500.webp,,,,,,,,,,,
Harveys point,getting ready,mkb-weddings-mkb-photography-donegal-wedding-photography-harveys-point-hotel-donegal-wedding-photography-100_500.webp,,,,,,,,,,,
Harveys point,getting ready,mkb-weddings-mkb-photography-donegal-wedding-photography-harveys-point-hotel-donegal-wedding-photography-121_500.webp,,,,,,,,,,,
Harveys point,getting ready,mkb-weddings-mkb-photography-donegal-wedding-photography-harveys-point-hotel-donegal-wedding-photography-124_500.webp,,,,,,,,,,,
Harveys point,getting ready,mkb-weddings-mkb-photography-donegal-wedding-photography-harveys-point-hotel-donegal-wedding-photography-4_500.webp,,,,,,,,,,,
Harveys point,getting ready,mkb-weddings-mkb-photography-donegal-wedding-photography-harveys-point-hotel-donegal-wedding-photography-59_500.webp,,,,,,,,,,,
Harveys point,getting ready,mkb-weddings-mkb-photography-donegal-wedding-photography-harveys-point-hotel-donegal-wedding-photography-61_500.webp,,,,,,,,,,,
Harveys point,getting ready,mkb-weddings-mkb-photography-donegal-wedding-photography-harveys-point-hotel-donegal-wedding-photography-8_500.webp,,,,,,,,,,,
Harveys point,getting ready,mkb-weddings-mkb-photography-donegal-wedding-photography-harveys-point-hotel-donegal-wedding-photography-95_500.webp,,,,,,,,,,,
Harveys point,reception and party,mkb-weddings-mkb-photography-donegal-wedding-photography-harveys-point-hotel-donegal-wedding-photography-532_500.webp,,,,,,,,,,,
Harveys point,reception and party,mkb-weddings-mkb-photography-donegal-wedding-photography-harveys-point-hotel-donegal-wedding-photography-582_500.webp,,,,,,,,,,,
Harveys point,reception and party,mkb-weddings-mkb-photography-donegal-wedding-photography-harveys-point-hotel-donegal-wedding-photography-585_500.webp,,,,,,,,,,,
Harveys point,reception and party,mkb-weddings-mkb-photography-donegal-wedding-photography-harveys-point-hotel-donegal-wedding-photography-688_500.webp,,,,,,,,,,,
Harveys point,reception and party,mkb-weddings-mkb-photography-donegal-wedding-photography-harveys-point-hotel-donegal-wedding-photography-702_500.webp,,,,,,,,,,,
Harveys point,reception and party,mkb-weddings-mkb-photography-donegal-wedding-photography-harveys-point-hotel-donegal-wedding-photography-726_500.webp,,,,,,,,,,,
Harveys point,reception and party,mkb-weddings-mkb-photography-donegal-wedding-photography-harveys-point-hotel-donegal-wedding-photography-730_500.webp,,,,,,,,,,,
Hillgrove Hotel,ceremony,mkb-weddings-mkb-photography-irish-wedding-photographer-hillgrove-hotel-monaghan-wedding-photography-16_500.webp,,,,,,,,,,,
Hillgrove Hotel,ceremony,mkb-weddings-mkb-photography-irish-wedding-photographer-hillgrove-hotel-monaghan-wedding-photography-161_500.webp,,,,,,,,,,,
Hillgrove Hotel,couple portraits,mkb-weddings-mkb-photography-irish-wedding-photographer-hillgrove-hotel-monaghan-wedding-photography-101_500.webp,,,,,,,,,,,
Hillgrove Hotel,couple portraits,mkb-weddings-mkb-photography-irish-wedding-photographer-hillgrove-hotel-monaghan-wedding-photography-107_500.webp,,,,,,,,,,,
Hillgrove Hotel,couple portraits,mkb-weddings-mkb-photography-irish-wedding-photographer-hillgrove-hotel-monaghan-wedding-photography-112_500.webp,,,,,,,,,,,
Hillgrove Hotel,couple portraits,mkb-weddings-mkb-photography-irish-wedding-photographer-hillgrove-hotel-monaghan-wedding-photography-150_500.webp,,,,,,,,,,,
Hillgrove Hotel,couple portraits,mkb-weddings-mkb-photography-irish-wedding-photographer-hillgrove-hotel-monaghan-wedding-photography-45_500.webp,,,,,,,,,,,
Hillgrove Hotel,couple portraits,mkb-weddings-mkb-photography-irish-wedding-photographer-hillgrove-hotel-monaghan-wedding-photography-47_500.webp,,,,,,,,,,,
Hillgrove Hotel,couple portraits,mkb-weddings-mkb-photography-irish-wedding-photographer-hillgrove-hotel-monaghan-wedding-photography-59_500.webp,,,,,,,,,,,
Hillgrove Hotel,couple portraits,mkb-weddings-mkb-photography-irish-wedding-photographer-hillgrove-hotel-monaghan-wedding-photography-96_500.webp,,,,,,,,,,,
Hillgrove Hotel,family and bridal party,mkb-weddings-mkb-photography-irish-wedding-photographer-hillgrove-hotel-monaghan-wedding-photography-66_500.webp,,,,,,,,,,,
Hillgrove Hotel,family and bridal party,mkb-weddings-mkb-photography-irish-wedding-photographer-hillgrove-hotel-monaghan-wedding-photography-72_500.webp,,,,,,,,,,,
Hillgrove Hotel,getting ready,mkb-weddings-mkb-photography-irish-wedding-photographer-hillgrove-hotel-monaghan-wedding-photography-110_500.webp,,,,,,,,,,,
Hillgrove Hotel,getting ready,mkb-weddings-mkb-photography-irish-wedding-photographer-hillgrove-hotel-monaghan-wedding-photography-113_500.webp,,,,,,,,,,,
Hillgrove Hotel,getting ready,mkb-weddings-mkb-photography-irish-wedding-photographer-hillgrove-hotel-monaghan-wedding-photography-116_500.webp,,,,,,,,,,,
Hillgrove Hotel,getting ready,mkb-weddings-mkb-photography-irish-wedding-photographer-hillgrove-hotel-monaghan-wedding-photography-34_500.webp,,,,,,,,,,,
Hillgrove Hotel,getting ready,mkb-weddings-mkb-photography-irish-wedding-photographer-hillgrove-hotel-monaghan-wedding-photography-38_500.webp,,,,,,,,,,,
Hillgrove Hotel,getting ready,mkb-weddings-mkb-photography-irish-wedding-photographer-hillgrove-hotel-monaghan-wedding-photography-77_500.webp,,,,,,,,,,,
Hillgrove Hotel,getting ready,mkb-weddings-mkb-photography-irish-wedding-photographer-hillgrove-hotel-monaghan-wedding-photography-83_500.webp,,,,,,,,,,,
Hillgrove Hotel,getting ready,mkb-weddings-mkb-photography-irish-wedding-photographer-hillgrove-hotel-monaghan-wedding-photography-92_500.webp,,,,,,,,,,,
Hillgrove Hotel,getting ready,mkb-weddings-mkb-photography-irish-wedding-photographer-hillgrove-hotel-monaghan-wedding-photography-94_500.webp,,,,,,,,,,,
Hillsborough Castle,ceremony,MKB_weddings_Ireland_Northen_ireland_Wedding_Photography_Hillsborough-castle-_Wedding_Photography-134_500.webp,,,,,,,,,,,
Hillsborough Castle,ceremony,MKB_weddings_Ireland_Northen_ireland_Wedding_Photography_Hillsborough-castle-_Wedding_Photography-178_500.webp,,,,,,,,,,,
Hillsborough Castle,couple portraits,MKB_weddings_Ireland_Northen_ireland_Wedding_Photography_Hillsborough-castle-_Wedding_Photography-100-2_500.webp,,,,,,,,,,,
Hillsborough Castle,couple portraits,MKB_weddings_Ireland_Northen_ireland_Wedding_Photography_Hillsborough-castle-_Wedding_Photography-121_500.webp,,,,,,,,,,,
Hillsborough Castle,couple portraits,MKB_weddings_Ireland_Northen_ireland_Wedding_Photography_Hillsborough-castle-_Wedding_Photography-255_500.webp,,,,,,,,,,,
Hillsborough Castle,couple portraits,MKB_weddings_Ireland_Northen_ireland_Wedding_Photography_Hillsborough-castle-_Wedding_Photography-266_500.webp,,,,,,,,,,,
Hillsborough Castle,couple portraits,MKB_weddings_Ireland_Northen_ireland_Wedding_Photography_Hillsborough-castle-_Wedding_Photography-273_500.webp,,,,,,,,,,,
Hillsborough Castle,couple portraits,MKB_weddings_Ireland_Northen_ireland_Wedding_Photography_Hillsborough-castle-_Wedding_Photography-281_500.webp,,,,,,,,,,,
Hillsborough Castle,couple portraits,MKB_weddings_Ireland_Northen_ireland_Wedding_Photography_Hillsborough-castle-_Wedding_Photography-288_500.webp,,,,,,,,,,,
Hillsborough Castle,couple portraits,MKB_weddings_Ireland_Northen_ireland_Wedding_Photography_Hillsborough-castle-_Wedding_Photography-293_500.webp,creative-flash,,,,,,,,,,
Hillsborough Castle,family and bridal party,MKB_weddings_Ireland_Northen_ireland_Wedding_Photography_Hillsborough-castle-_Wedding_Photography-100_500.webp,,,,,,,,,,,
Ivory Pavillion,couple portraits,MKB_weddings_Ireland_Northen_ireland_Wedding_Photography_Ivory_pavillion-ballymena_Wedding_Photography_Helen_and_Karl-400_500.webp,,,,,,,,,,,
Killeavy castle,ceremony,MKB_weddings_Ireland_Northen_ireland_Wedding_Photography_killeavy-castle_Wedding_Photography-272_500.webp,,,,,,,,,,,
Killeavy castle,ceremony,MKB_weddings_Ireland_Northen_ireland_Wedding_Photography_killeavy-castle_Wedding_Photography-274_500.webp,,,,,,,,,,,
Killeavy castle,ceremony,MKB_weddings_Ireland_Northen_ireland_Wedding_Photography_killeavy-castle_Wedding_Photography-281_500.webp,,,,,,,,,,,
Killeavy castle,ceremony,MKB_weddings_Ireland_Northen_ireland_Wedding_Photography_killeavy-castle_Wedding_Photography-289_500.webp,,,,,,,,,,,
Killeavy castle,ceremony,MKB_weddings_mkb_Photography-Northern-ireland-wedding-photography-northern-ireland-wedding-photographer-killeavy-castle-wedding-photography-195_500.webp,,,,,,,,,,,
Killeavy castle,ceremony,mkb-weddings-northern-ireland-wedding-photographer-killeavy-castle-newry-wedding-photography-121_500.webp,,,,,,,,,,,
Killeavy castle,ceremony,mkb-weddings-northern-ireland-wedding-photographer-killeavy-castle-newry-wedding-photography-135_500.webp,,,,,,,,,,,
Killeavy castle,couple portraits,mkb-weddings-northern-ireland-wedding-photographer-killeavy-castle-newry-wedding-photography-116_500.webp,creative-flash,,,,Y,4,Y,10,Y,,
Killeavy castle,couple portraits,MKB_weddings_Ireland_Northen_ireland_Wedding_killeavy-castle-hotel-spa-Wedding_Photography-354_500.webp,,,,,,,,,,,
Killeavy castle,couple portraits,MKB_weddings_Ireland_Northen_ireland_Wedding_killeavy-castle-hotel-spa-Wedding_Photography-378_500.webp,,,,,,,,,,,
Killeavy castle,couple portraits,MKB_weddings_Ireland_Northen_ireland_Wedding_killeavy-castle-hotel-spa-Wedding_Photography-394_500.webp,,,,,,,,,,,
Killeavy castle,couple portraits,MKB_weddings_Ireland_Northen_ireland_Wedding_killeavy-castle-hotel-spa-Wedding_Photography-408_500.webp,,,,,,,,,,,
Killeavy castle,couple portraits,MKB_weddings_Ireland_Northen_ireland_Wedding_killeavy-castle-hotel-spa-Wedding_Photography-442_500.webp,,,,,,,,,,,
Killeavy castle,couple portraits,MKB_weddings_Ireland_Northen_ireland_Wedding_Photography_killeavy-castle_Wedding_Photography-400_500.webp,,,,,,,,,,,
Killeavy castle,couple portraits,MKB_weddings_Ireland_Northen_ireland_Wedding_Photography_killeavy-castle_Wedding_Photography-462_500.webp,,,,,Y,5,Y,4,,,
Killeavy castle,couple portraits,MKB_weddings_Ireland_Northen_ireland_Wedding_Photography_killeavy-castle_Wedding_Photography-472_500.webp,,,,,,,,,,,
Killeavy castle,couple portraits,MKB_weddings_Ireland_Northen_ireland_Wedding_Photography_killeavy-castle_Wedding_Photography-482_500.webp,creative-flash,,,,,,,,,,
Killeavy castle,couple portraits,MKB_weddings_Ireland_Northen_ireland_Wedding_Photography_killeavy-castle_Wedding_Photography-591_500.webp,,,,,,,,,,,
Killeavy castle,couple portraits,MKB_weddings_mkb_Photography-Northern-ireland-wedding-photography-northern-ireland-wedding-photographer-killeavy-castle-wedding-photography-100_500.webp,creative-flash,,,,Y,1,Y,1,Y,1,
Killeavy castle,couple portraits,MKB_weddings_mkb_Photography-Northern-ireland-wedding-photography-northern-ireland-wedding-photographer-killeavy-castle-wedding-photography-200_500.webp,,,,,,,,,,,
Killeavy castle,couple portraits,MKB_weddings_mkb_Photography-Northern-ireland-wedding-photography-northern-ireland-wedding-photographer-killeavy-castle-wedding-photography-202_500.webp,creative-flash,,,,,,,,,,
Killeavy castle,couple portraits,MKB_weddings_mkb_Photography-Northern-ireland-wedding-photography-northern-ireland-wedding-photographer-killeavy-castle-wedding-photography-206_500.webp,,,,,,,,,,,
Killeavy castle,couple portraits,MKB_weddings_mkb_Photography-Northern-ireland-wedding-photography-northern-ireland-wedding-photographer-killeavy-castle-wedding-photography-212_500.webp,,,,,,,,,,,
Killeavy castle,couple portraits,MKB_weddings_mkb_Photography-Northern-ireland-wedding-photography-northern-ireland-wedding-photographer-killeavy-castle-wedding-photography-254_500.webp,,,,,,,,,,,
Killeavy castle,couple portraits,MKB-weddings-mkb-photography-northern-ireland-wedding-photographer-killeavy-castle-newry-wedding-photography5_500.webp,,,,,,,,,,,
Killeavy castle,couple portraits,MKB-weddings-mkb-photography-northern-ireland-wedding-photographer-killeavy-castle-newry-wedding-photography6_500.webp,,,,,Y,3,Y,2,,,
Killeavy castle,couple portraits,MKB-weddings-mkb-photography-northern-ireland-wedding-photographer-killeavy-castle-newry-wedding-photography7_500.webp,,,,,,,,,,,
Killeavy castle,couple portraits,MKB-weddings-mkb-photography-northern-ireland-wedding-photographer-killeavy-castle-newry-wedding-photography8_500.webp,,,,,,,,,,,
Killeavy castle,couple portraits,MKB-weddings-mkb-photography-northern-ireland-wedding-photographer-killeavy-castle-newry-wedding-photography9_500.webp,,,,,,,,,,,
Killeavy castle,couple portraits,mkb-weddings-northern-ireland-wedding-photographer-killeavy-castle-newry-wedding-photography-113_500.webp,creative-flash,,,,,,,,,,
Killeavy castle,couple portraits,mkb-weddings-northern-ireland-wedding-photographer-killeavy-castle-newry-wedding-photography-118_500.webp,,,,,,,,,,,
Killeavy castle,couple portraits,mkb-weddings-northern-ireland-wedding-photographer-killeavy-castle-newry-wedding-photography-139_500.webp,,,,,,,,,,,
Killeavy castle,couple portraits,mkb-weddings-northern-ireland-wedding-photographer-killeavy-castle-newry-wedding-photography-143_500.webp,,,,,,,,,,,
Killeavy castle,couple portraits,mkb-weddings-northern-ireland-wedding-photographer-killeavy-castle-newry-wedding-photography-154_500.webp,,,,,,,,,,,
Killeavy castle,couple portraits,mkb-weddings-northern-ireland-wedding-photographer-killeavy-castle-newry-wedding-photography-157_500.webp,creative-flash,,,,,,,,,,
Killeavy castle,couple portraits,mkb-weddings-northern-ireland-wedding-photographer-killeavy-castle-newry-wedding-photography-168_500.webp,,,,,,,,,,,
Killeavy castle,couple portraits,mkb-weddings-northern-ireland-wedding-photographer-killeavy-castle-newry-wedding-photography-183_500.webp,,,,,,,,,,,
Killeavy castle,couple portraits,mkb-weddings-northern-ireland-wedding-photographer-killeavy-castle-newry-wedding-photography-258_500.webp,,,,,,,,,,,
Killeavy castle,couple portraits,mkb-weddings-northern-ireland-wedding-photographer-killeavy-castle-newry-wedding-photography-110_500.webp,,,,,,,,,,,
Killeavy castle,couple portraits,mkb-weddings-northern-ireland-wedding-photographer-killeavy-castle-newry-wedding-photography-114_500.webp,,,,,,,,,,,
Killeavy castle,couple portraits,mkb-weddings-northern-ireland-wedding-photographer-killeavy-castle-newry-wedding-photography-138_500.webp,,,,,,,,,,,
Killeavy castle,couple portraits,mkb-weddings-northern-ireland-wedding-photographer-killeavy-castle-newry-wedding-photography-144-2_500.webp,,,,,,,,,,,
Killeavy castle,couple portraits,mkb-weddings-northern-ireland-wedding-photographer-killeavy-castle-newry-wedding-photography-159_500.webp,,,,,,,,,,,
Killeavy castle,couple portraits,mkb-weddings-northern-ireland-wedding-photographer-killeavy-castle-newry-wedding-photography-160_500.webp,,,,,Y,2,Y,11,,,
Killeavy castle,couple portraits,mkb-weddings-northern-ireland-wedding-photographer-killeavy-castle-newry-wedding-photography-171_500.webp,,,,,,,,,,,
Killeavy castle,details and decor,MKB_weddings_mkb_Photography-Northern-ireland-wedding-photography-northern-ireland-wedding-photographer-killeavy-castle-wedding-photography-219_500.webp,,,,,,,,,,,
Killeavy castle,details and decor,MKB_weddings_mkb_Photography-Northern-ireland-wedding-photography-northern-ireland-wedding-photographer-killeavy-castle-wedding-photography-225_500.webp,,,,,,,,,,,
Killeavy castle,details and decor,mkb-weddings-northern-ireland-wedding-photographer-killeavy-castle-newry-wedding-photography-144_500.webp,,,,,,,,,,,
Killeavy castle,details and decor,mkb-weddings-northern-ireland-wedding-photographer-killeavy-castle-newry-wedding-photography-150_500.webp,,,,,,,,,,,
Killeavy castle,details and decor,mkb-weddings-northern-ireland-wedding-photographer-killeavy-castle-newry-wedding-photography-151_500.webp,,,,,,,,,,,
Killeavy castle,details and decor,mkb-weddings-northern-ireland-wedding-photographer-killeavy-castle-newry-wedding-photography-155_500.webp,,,,,,,,,,,
Killeavy castle,family and bridal party,MKB_weddings_Ireland_Northen_ireland_Wedding_killeavy-castle-hotel-spa-Wedding_Photography-450_500.webp,,,,,,,,,,,
Killeavy castle,family and bridal party,MKB_weddings_Ireland_Northen_ireland_Wedding_Photography_killeavy-castle_Wedding_Photography-531_500.webp,,,,,,,,,,,
Killeavy castle,family and bridal party,mkb-weddings-northern-ireland-wedding-photographer-killeavy-castle-newry-wedding-photography-133_500.webp,,,,,,,,,,,
Killeavy castle,family and bridal party,mkb-weddings-northern-ireland-wedding-photographer-killeavy-castle-newry-wedding-photography-128_500.webp,,,,,,,,,,,
Killeavy castle,family and bridal party,mkb-weddings-northern-ireland-wedding-photographer-killeavy-castle-newry-wedding-photography-136_500.webp,,,,,,,,,,,
Killeavy castle,family and bridal party,mkb-weddings-northern-ireland-wedding-photographer-killeavy-castle-newry-wedding-photography-252_500.webp,,,,,,,,,,,
Killeavy castle,getting ready,MKB_weddings_Ireland_Northen_ireland_Wedding_killeavy-castle-hotel-spa-Wedding_Photography-140_500.webp,,,,,,,,,,,
Killeavy castle,getting ready,MKB_weddings_Ireland_Northen_ireland_Wedding_Photography_killeavy-castle_Wedding_Photography-190_500.webp,,,,,,,,,,,
Killeavy castle,getting ready,MKB_weddings_mkb_Photography-Northern-ireland-wedding-photography-northern-ireland-wedding-photographer-killeavy-castle-wedding-photography-120_500.webp,,,,,,,,,,,
Killeavy castle,getting ready,MKB_weddings_mkb_Photography-Northern-ireland-wedding-photography-northern-ireland-wedding-photographer-killeavy-castle-wedding-photography-141_500.webp,,,,,,,,,,,
Killeavy castle,getting ready,MKB_weddings_mkb_Photography-Northern-ireland-wedding-photography-northern-ireland-wedding-photographer-killeavy-castle-wedding-photography-146_500.webp,,,,,,,,,,,
Killeavy castle,getting ready,MKB_weddings_mkb_Photography-Northern-ireland-wedding-photography-northern-ireland-wedding-photographer-killeavy-castle-wedding-photography-147_500.webp,,,,,,,,,,,
Killeavy castle,getting ready,MKB_weddings_mkb_Photography-Northern-ireland-wedding-photography-northern-ireland-wedding-photographer-killeavy-castle-wedding-photography-154_500.webp,,,,,,,,,,,
Killeavy castle,getting ready,MKB_weddings_mkb_Photography-Northern-ireland-wedding-photography-northern-ireland-wedding-photographer-killeavy-castle-wedding-photography-164_500.webp,,,,,,,,,,,
Killeavy castle,getting ready,MKB-weddings-mkb-photography-northern-ireland-wedding-photographer-killeavy-castle-newry-wedding-photography10_500.webp,,,,,,,,,,,
Killeavy castle,getting ready,MKB-weddings-mkb-photography-northern-ireland-wedding-photographer-killeavy-castle-newry-wedding-photography11_500.webp,,,,,,,,,,,
Killeavy castle,getting ready,mkb-weddings-northern-ireland-wedding-photographer-killeavy-castle-newry-wedding-photography-126_500.webp,,,,,,,,,,,
Killeavy castle,getting ready,mkb-weddings-northern-ireland-wedding-photographer-killeavy-castle-newry-wedding-photography-240_500.webp,,,,,,,,,,,
Killeavy castle,reception and party,MKB_weddings_Ireland_Northen_ireland_Wedding_killeavy-castle-hotel-spa-Wedding_Photography-477_500.webp,,,,,,,,,,,
Killeavy castle,reception and party,MKB_weddings_Ireland_Northen_ireland_Wedding_killeavy-castle-hotel-spa-Wedding_Photography-542_500.webp,,,,,,,,,,,
Killeavy castle,reception and party,MKB_weddings_Ireland_Northen_ireland_Wedding_Photography_killeavy-castle_Wedding_Photography-100_500.webp,,,,,,,,,,,
Killeavy castle,reception and party,MKB_weddings_Ireland_Northen_ireland_Wedding_Photography_killeavy-castle_Wedding_Photography-609_500.webp,,,,,,,,,,,
Killeavy castle,reception and party,MKB_weddings_Ireland_Northen_ireland_Wedding_Photography_killeavy-castle_Wedding_Photography-618_500.webp,,,,,Y,6,Y,2,,,
Killeavy castle,reception and party,MKB_weddings_Ireland_Northen_ireland_Wedding_Photography_killeavy-castle_Wedding_Photography-669_500.webp,,,,,,,,,,,
Killeavy castle,reception and party,MKB_weddings_mkb_Photography-Northern-ireland-wedding-photography-northern-ireland-wedding-photographer-killeavy-castle-wedding-photography-125_500.webp,,,,,,,,,,,
Killeavy castle,reception and party,MKB_weddings_mkb_Photography-Northern-ireland-wedding-photography-northern-ireland-wedding-photographer-killeavy-castle-wedding-photography-132_500.webp,,,,,,,,,,,
Killeavy castle,reception and party,MKB_weddings_mkb_Photography-Northern-ireland-wedding-photography-northern-ireland-wedding-photographer-killeavy-castle-wedding-photography-150_500.webp,,,,,,,,,,,
Killeavy castle,reception and party,MKB-weddings-mkb-photography-northern-ireland-wedding-photographer-killeavy-castle-newry-wedding-photography1_500.webp,,,,,,,,,,,
Killeavy castle,reception and party,MKB-weddings-mkb-photography-northern-ireland-wedding-photographer-killeavy-castle-newry-wedding-photography2_500.webp,,,,,,,,,,,
Killeavy castle,reception and party,MKB-weddings-mkb-photography-northern-ireland-wedding-photographer-killeavy-castle-newry-wedding-photography3_500.webp,,,,,,,,,,,
Killeavy castle,reception and party,MKB-weddings-mkb-photography-northern-ireland-wedding-photographer-killeavy-castle-newry-wedding-photography4_500.webp,,,,,,,,,,,
Killeavy castle,reception and party,mkb-weddings-northern-ireland-wedding-photographer-killeavy-castle-newry-wedding-photography-190_500.webp,,,,,,,,,,,
Killeavy castle,reception and party,mkb-weddings-northern-ireland-wedding-photographer-killeavy-castle-newry-wedding-photography-276_500.webp,,,,,,,,,,,
Killeavy castle,reception and party,mkb-weddings-northern-ireland-wedding-photographer-killeavy-castle-newry-wedding-photography-294_500.webp,,,,,,,,,,,
Killeavy castle,reception and party,mkb-weddings-northern-ireland-wedding-photographer-killeavy-castle-newry-wedding-photography-366_500.webp,,,,,,,,,,,
Killeavy castle,reception and party,mkb-weddings-northern-ireland-wedding-photographer-killeavy-castle-newry-wedding-photography-303_500.webp,,,,,,,,,,,
Kilmore house,couple portraits,mkb-weddings-northern-ireland-wedding-photographer-kilmore-house-cookstown-wedding-photography-10_500.webp,creative-flash,,,,,,,,,,
Kilmore house,couple portraits,mkb-weddings-northern-ireland-wedding-photographer-kilmore-house-glenarif-wedding-photography-1_500.webp,,,,,,,,,,,
Kilmore house,couple portraits,mkb-weddings-northern-ireland-wedding-photographer-kilmore-house-glenarif-wedding-photography-2_500.webp,,,,,,,,,,,
La mon hotel,couple portraits,mkb-weddings-mkb-photography-northern-ireland-wedding-photography-la-mon-hotel-belfast-wedding-photography--347_500.webp,,,,,,,,,,,
La mon hotel,couple portraits,mkb-weddings-mkb-photography-northern-ireland-wedding-photography-la-mon-hotel-belfast-wedding-photography--390_500.webp,,,,,,,,,,,
La mon hotel,couple portraits,mkb-weddings-mkb-photography-northern-ireland-wedding-photography-la-mon-hotel-belfast-wedding-photography--392_500.webp,,,,,,,,,,,
La mon hotel,couple portraits,mkb-weddings-mkb-photography-northern-ireland-wedding-photography-la-mon-hotel-belfast-wedding-photography--394_500.webp,creative-flash,,,,,,,,,,
La mon hotel,couple portraits,mkb-weddings-mkb-photography-northern-ireland-wedding-photography-la-mon-hotel-belfast-wedding-photography--397_500.webp,,,,,,,,,,,
La mon hotel,couple portraits,mkb-weddings-mkb-photography-northern-ireland-wedding-photography-la-mon-hotel-belfast-wedding-photography--404_500.webp,,,,,,,,,,,
La mon hotel,couple portraits,mkb-weddings-mkb-photography-northern-ireland-wedding-photography-la-mon-hotel-belfast-wedding-photography--408_500.webp,,,,,,,,,,,
La mon hotel,couple portraits,mkb-weddings-mkb-photography-northern-ireland-wedding-photography-la-mon-hotel-belfast-wedding-photography--410_500.webp,,,,,,,,,,,
La mon hotel,couple portraits,mkb-weddings-mkb-photography-northern-ireland-wedding-photography-la-mon-hotel-belfast-wedding-photography--412_500.webp,,,,,,,,,,,
La mon hotel,couple portraits,MKB-weddings-Northern-ireland-wedding-photography-northern-ireland-wedding-photographer-la-mon-hotel-belfast-wedding-photography-115_500.webp,,,,,,,,,,,
La mon hotel,couple portraits,MKB-weddings-Northern-ireland-wedding-photography-northern-ireland-wedding-photographer-la-mon-hotel-belfast-wedding-photography-195_500.webp,,,,,,,,,,,
La mon hotel,getting ready,mkb-weddings-mkb-photography-northern-ireland-wedding-photography-la-mon-hotel-belfast-wedding-photography--100_500.webp,,,,,,,,,,,
La mon hotel,getting ready,mkb-weddings-mkb-photography-northern-ireland-wedding-photography-la-mon-hotel-belfast-wedding-photography--101_500.webp,,,,,,,,,,,
La mon hotel,getting ready,mkb-weddings-mkb-photography-northern-ireland-wedding-photography-la-mon-hotel-belfast-wedding-photography--102_500.webp,,,,,,,,,,,
La mon hotel,getting ready,mkb-weddings-mkb-photography-northern-ireland-wedding-photography-la-mon-hotel-belfast-wedding-photography--119_500.webp,,,,,,,,,,,
La mon hotel,getting ready,mkb-weddings-mkb-photography-northern-ireland-wedding-photography-la-mon-hotel-belfast-wedding-photography--127_500.webp,,,,,,,,,,,
La mon hotel,getting ready,mkb-weddings-mkb-photography-northern-ireland-wedding-photography-la-mon-hotel-belfast-wedding-photography--130_500.webp,,,,,,,,,,,
La mon hotel,getting ready,mkb-weddings-mkb-photography-northern-ireland-wedding-photography-la-mon-hotel-belfast-wedding-photography--141_500.webp,,,,,,,,,,,
La mon hotel,getting ready,mkb-weddings-mkb-photography-northern-ireland-wedding-photography-la-mon-hotel-belfast-wedding-photography--157_500.webp,,,,,,,,,,,
La mon hotel,getting ready,mkb-weddings-mkb-photography-northern-ireland-wedding-photography-la-mon-hotel-belfast-wedding-photography--167_500.webp,,,,,,,,,,,
La mon hotel,getting ready,MKB-weddings-Northern-ireland-wedding-photography-northern-ireland-wedding-photographer-la-mon-hotel-belfast-wedding-photography-111_500.webp,,,,,,,,,,,
La mon hotel,getting ready,MKB-weddings-Northern-ireland-wedding-photography-northern-ireland-wedding-photographer-la-mon-hotel-belfast-wedding-photography-121_500.webp,,,,,,,,,,,
La mon hotel,getting ready,MKB-weddings-Northern-ireland-wedding-photography-northern-ireland-wedding-photographer-la-mon-hotel-belfast-wedding-photography-135_500.webp,,,,,,,,,,,
La mon hotel,reception and party,MKB-weddings-Northern-ireland-wedding-photography-northern-ireland-wedding-photographer-la-mon-hotel-belfast-wedding-photography-243_500.webp,,,,,,,,,,,
La mon hotel,reception and party,MKB-weddings-Northern-ireland-wedding-photography-northern-ireland-wedding-photographer-la-mon-hotel-belfast-wedding-photography-280_500.webp,,,,,,,,,,,
La mon hotel,reception and party,MKB-weddings-Northern-ireland-wedding-photography-northern-ireland-wedding-photographer-la-mon-hotel-belfast-wedding-photography-294_500.webp,,,,,,,,,,,
Landsdowne Hotel,ceremony,mkb-weddings-landsdowne-hotel-belfast-wedding-photographer-107_500.webp,,,,,,,,,,,
Landsdowne Hotel,ceremony,mkb-weddings-landsdowne-hotel-belfast-wedding-photographer-109_500.webp,,,,,,,,,,,
Landsdowne Hotel,ceremony,mkb-weddings-landsdowne-hotel-belfast-wedding-photographer-133_500.webp,,,,,,,,,,,
Landsdowne Hotel,ceremony,mkb-weddings-landsdowne-hotel-belfast-wedding-photographer-137_500.webp,,,,,,,,,,,
Landsdowne Hotel,ceremony,mkb-weddings-landsdowne-hotel-belfast-wedding-photographer-158_500.webp,,,,,,,,,,,
Landsdowne Hotel,ceremony,mkb-weddings-landsdowne-hotel-belfast-wedding-photographer-164_500.webp,,,,,,,,,,,
Landsdowne Hotel,ceremony,mkb-weddings-landsdowne-hotel-belfast-wedding-photographer-169_500.webp,,,,,,,,,,,
Landsdowne Hotel,couple portraits,mkb-weddings-landsdowne-hotel-belfast-wedding-photographer-213_500.webp,,,,,,,,,,,
Landsdowne Hotel,couple portraits,mkb-weddings-landsdowne-hotel-belfast-wedding-photographer-218_500.webp,,,,,,,,,,,
Landsdowne Hotel,couple portraits,mkb-weddings-landsdowne-hotel-belfast-wedding-photographer-220_500.webp,,,,,,,,,,,
Landsdowne Hotel,couple portraits,mkb-weddings-landsdowne-hotel-belfast-wedding-photographer-221_500.webp,creative-flash,,,,,,,,,,
Landsdowne Hotel,couple portraits,mkb-weddings-landsdowne-hotel-belfast-wedding-photographer-222_500.webp,,,,,,,,,,,
Landsdowne Hotel,couple portraits,mkb-weddings-landsdowne-hotel-belfast-wedding-photographer-225_500.webp,,,,,,,,,,,
Landsdowne Hotel,couple portraits,mkb-weddings-landsdowne-hotel-belfast-wedding-photographer-226_500.webp,creative-flash,,,,,,,,,,
Landsdowne Hotel,couple portraits,mkb-weddings-landsdowne-hotel-belfast-wedding-photographer-228_500.webp,creative-flash,,,,,,,,,,
Landsdowne Hotel,couple portraits,mkb-weddings-landsdowne-hotel-belfast-wedding-photographer-231_500.webp,,,,,,,,,,,
Landsdowne Hotel,couple portraits,mkb-weddings-landsdowne-hotel-belfast-wedding-photographer-232_500.webp,,,,,,,,,,,
Landsdowne Hotel,couple portraits,mkb-weddings-landsdowne-hotel-belfast-wedding-photographer-233_500.webp,creative-flash,,,,,,,,,,
Landsdowne Hotel,couple portraits,mkb-weddings-landsdowne-hotel-belfast-wedding-photographer-234_500.webp,creative-flash,,,,,,,,,,
Landsdowne Hotel,couple portraits,mkb-weddings-landsdowne-hotel-belfast-wedding-photographer-235_500.webp,creative-flash,,,,,,,,,,
Landsdowne Hotel,details and decor,mkb-weddings-landsdowne-hotel-belfast-wedding-photographer-12_500.webp,,,,,,,,,,,
Landsdowne Hotel,details and decor,mkb-weddings-landsdowne-hotel-belfast-wedding-photographer-18_500.webp,,,,,,,,,,,
Landsdowne Hotel,details and decor,mkb-weddings-landsdowne-hotel-belfast-wedding-photographer-254_500.webp,,,,,,,,,,,
Landsdowne Hotel,details and decor,mkb-weddings-landsdowne-hotel-belfast-wedding-photographer-255_500.webp,,,,,,,,,,,
Landsdowne Hotel,details and decor,mkb-weddings-landsdowne-hotel-belfast-wedding-photographer-257_500.webp,,,,,,,,,,,
Landsdowne Hotel,details and decor,mkb-weddings-landsdowne-hotel-belfast-wedding-photographer-70_500.webp,,,,,,,,,,,
Landsdowne Hotel,details and decor,mkb-weddings-landsdowne-hotel-belfast-wedding-photographer-91_500.webp,,,,,,,,,,,
Landsdowne Hotel,details and decor,mkb-weddings-landsdowne-hotel-belfast-wedding-photographer-94_500.webp,,,,,,,,,,,
Landsdowne Hotel,details and decor,mkb-weddings-landsdowne-hotel-belfast-wedding-photographer-96_500.webp,,,,,,,,,,,
Landsdowne Hotel,details and decor,mkb-weddings-landsdowne-hotel-belfast-wedding-photographer-97_500.webp,,,,,,,,,,,
Landsdowne Hotel,family and bridal party,mkb-weddings-landsdowne-hotel-belfast-wedding-photographer-198_500.webp,,,,,,,,,,,
Landsdowne Hotel,family and bridal party,mkb-weddings-landsdowne-hotel-belfast-wedding-photographer-207_500.webp,,,,,,,,,,,
Landsdowne Hotel,family and bridal party,mkb-weddings-landsdowne-hotel-belfast-wedding-photographer-72_500.webp,,,,,,,,,,,
Landsdowne Hotel,family and bridal party,mkb-weddings-landsdowne-hotel-belfast-wedding-photographer-76_500.webp,,,,,,,,,,,
Landsdowne Hotel,getting ready,mkb-weddings-landsdowne-hotel-belfast-wedding-photographer-20_500.webp,,,,,,,,,,,
Landsdowne Hotel,getting ready,mkb-weddings-landsdowne-hotel-belfast-wedding-photographer-34_500.webp,,,,,,,,,,,
Landsdowne Hotel,getting ready,mkb-weddings-landsdowne-hotel-belfast-wedding-photographer-44_500.webp,,,,,,,,,,,
Landsdowne Hotel,getting ready,mkb-weddings-landsdowne-hotel-belfast-wedding-photographer-4_500.webp,,,,,,,,,,,
Landsdowne Hotel,getting ready,mkb-weddings-landsdowne-hotel-belfast-wedding-photographer-64_500.webp,,,,,,,,,,,
Landsdowne Hotel,getting ready,mkb-weddings-landsdowne-hotel-belfast-wedding-photographer-65_500.webp,,,,,,,,,,,
Landsdowne Hotel,reception and party,mkb-weddings-landsdowne-hotel-belfast-wedding-photographer-266_500.webp,,,,,,,,,,,
Landsdowne Hotel,reception and party,mkb-weddings-landsdowne-hotel-belfast-wedding-photographer-330_500.webp,,,,,,,,,,,
Landsdowne Hotel,reception and party,mkb-weddings-landsdowne-hotel-belfast-wedding-photographer-338_500.webp,,,,,,,,,,,
Landsdowne Hotel,reception and party,mkb-weddings-landsdowne-hotel-belfast-wedding-photographer-370_500.webp,,,,,,,,,,,
Larchfields,couple portraits,MKB_weddings_MKB_Photography_Ireland_Northen_ireland_Wedding_Photographer_Larchfield_estate_Wedding_Photography-361_500.webp,,,,,,,,,,,
Larchfields,couple portraits,MKB_weddings_MKB_Photography_Ireland_Northen_ireland_Wedding_Photographer_Larchfield_estate_Wedding_Photography-367_500.webp,,,,,,,,,,,
Larchfields,couple portraits,MKB_weddings_MKB_Photography_Ireland_Northen_ireland_Wedding_Photographer_Larchfield_estate_Wedding_Photography-376_500.webp,,,,,,,,,,,
Larchfields,couple portraits,MKB_weddings_MKB_Photography_Ireland_Northen_ireland_Wedding_Photographer_Larchfield_estate_Wedding_Photography-385_500.webp,creative-flash,,,,,,,,,,
Larchfields,couple portraits,MKB_weddings_MKB_Photography_Ireland_Northen_ireland_Wedding_Photographer_Larchfield_estate_Wedding_Photography-421_500.webp,creative-flash,,,,,,,,,,
Larchfields,couple portraits,MKB_weddings_MKB_Photography_Ireland_Northen_ireland_Wedding_Photographer_Larchfield_estate_Wedding_Photography-422_500.webp,,,,,,,,,,,
Larchfields,couple portraits,MKB_weddings_MKB_Photography_Ireland_Northen_ireland_Wedding_Photographer_Larchfield_estate_Wedding_Photography-425_500.webp,,,,,,,,,,,
Larchfields,couple portraits,mkb-weddings-northern-ireland-wedding-photographer-larchfields-estate-lisburn-wedding-photography-32_500.webp,,,,,,,,,,,
Larchfields,couple portraits,mkb-weddings-northern-ireland-wedding-photographer-larchfields-estate-lisburn-wedding-photography-33_500.webp,,,,,,,,,,,
Larchfields,couple portraits,mkb-weddings-northern-ireland-wedding-photographer-larchfields-estate-lisburn-wedding-photography-34_500.webp,,,,,,,,,,,
Larchfields,couple portraits,mkb-weddings-northern-ireland-wedding-photographer-larchfields-estate-lisburn-wedding-photography-35_500.webp,,,,,,,,,,,
Larchfields,couple portraits,mkb-weddings-northern-ireland-wedding-photographer-larchfields-estate-lisburn-wedding-photography-36_500.webp,,,,,,,,,,,
Larchfields,couple portraits,mkb-weddings-northern-ireland-wedding-photographer-larchfields-estate-lisburn-wedding-photography-37_500.webp,,,,,,,,,,,
Larchfields,couple portraits,mkb-weddings-northern-ireland-wedding-photographer-larchfields-estate-lisburn-wedding-photography-38_500.webp,,,,,,,,,,,
Larchfields,couple portraits,mkb-weddings-northern-ireland-wedding-photographer-larchfields-estate-lisburn-wedding-photography-39_500.webp,,,,,,,,,,,
Larchfields,couple portraits,mkb-weddings-northern-ireland-wedding-photographer-larchfields-estate-lisburn-wedding-photography-40_500.webp,,,,,,,,,,,
Larchfields,couple portraits,mkb-weddings-northern-ireland-wedding-photographer-larchfields-estate-lisburn-wedding-photography-41_500.webp,,,,,,,,,,,
Larchfields,couple portraits,mkb-weddings-northern-ireland-wedding-photographer-larchfields-estate-lisburn-wedding-photography-42_500.webp,creative-flash,,,,,,,,,,
Larchfields,family and bridal party,MKB_weddings_MKB_Photography_Ireland_Northen_ireland_Wedding_Photographer_Larchfield_estate_Wedding_Photography-217_500.webp,,,,,,,,,,,
Larchfields,family and bridal party,MKB_weddings_MKB_Photography_Ireland_Northen_ireland_Wedding_Photographer_Larchfield_estate_Wedding_Photography-401_500.webp,,,,,,,,,,,
Larchfields,getting ready,MKB_weddings_MKB_Photography_Ireland_Northen_ireland_Wedding_Photographer_Larchfield_estate_Wedding_Photography-139_500.webp,,,,,,,,,,,
Larchfields,getting ready,MKB_weddings_MKB_Photography_Ireland_Northen_ireland_Wedding_Photographer_Larchfield_estate_Wedding_Photography-170_500.webp,,,,,,,,,,,
Larchfields,getting ready,MKB_weddings_MKB_Photography_Ireland_Northen_ireland_Wedding_Photographer_Larchfield_estate_Wedding_Photography-184_500.webp,,,,,,,,,,,
Larchfields,getting ready,MKB_weddings_MKB_Photography_Ireland_Northen_ireland_Wedding_Photographer_Larchfield_estate_Wedding_Photography-197_500.webp,,,,,,,,,,,
Larchfields,getting ready,MKB_weddings_MKB_Photography_Ireland_Northen_ireland_Wedding_Photographer_Larchfield_estate_Wedding_Photography-203_500.webp,,,,,,,,,,,
Larchfields,getting ready,mkb-weddings-northern-ireland-wedding-photographer-larchfields-estate-lisburn-wedding-photography-30_500.webp,,,,,,,,,,,
Larchfields,getting ready,mkb-weddings-northern-ireland-wedding-photographer-larchfields-estate-lisburn-wedding-photography-31_500.webp,,,,,,,,,,,
Leighinmohr house hotel,ceremony,mkb-weddings-mkb-Photography-northern-ireland-wedding-photographer-LEIGHINMOHR-hotel-ballymena-wedding-photography-12_500.webp,,,,,,,,,,,
Leighinmohr house hotel,ceremony,mkb-weddings-mkb-photography-northern-ireland-wedding-photography-leighinmohr-house-hotel-ballymena-wedding-photography--259_500.webp,,,,,,,,,,,
Leighinmohr house hotel,couple portraits,mkb-weddings-northern-ireland-wedding-photographer-leighinmohr-hotel-ballymena-wedding-photography-19_500.webp,,,,,,,,,,,
Leighinmohr house hotel,couple portraits,MKB-weddings-mkb-photography_Northern_Ireland_Wedding_Photography_Leighinmohr_House_Hotel_Wedding_Photography-Full Res-361_500.webp,creative-flash,,,,,,,,,,
Leighinmohr house hotel,couple portraits,mkb-weddings-mkb-Photography-northern-ireland-wedding-photographer-LEIGHINMOHR-hotel-ballymena-wedding-photography-2_500.webp,,,,,,,,,,,
Leighinmohr house hotel,couple portraits,mkb-weddings-mkb-Photography-northern-ireland-wedding-photographer-LEIGHINMOHR-hotel-ballymena-wedding-photography-3_500.webp,,,,,,,,,,,
Leighinmohr house hotel,couple portraits,mkb-weddings-mkb-Photography-northern-ireland-wedding-photographer-LEIGHINMOHR-hotel-ballymena-wedding-photography-5_500.webp,creative-flash,,,,,,,,,,
Leighinmohr house hotel,couple portraits,mkb-weddings-mkb-photography-northern-ireland-wedding-photography-leighinmohr-house-hotel-ballymena-wedding-photography--301_500.webp,,,,,,,,,,,
Leighinmohr house hotel,couple portraits,mkb-weddings-mkb-photography-northern-ireland-wedding-photography-leighinmohr-house-hotel-ballymena-wedding-photography--315_500.webp,,,,,,,,,,,
Leighinmohr house hotel,couple portraits,mkb-weddings-mkb-photography-northern-ireland-wedding-photography-leighinmohr-house-hotel-ballymena-wedding-photography--327_500.webp,,,,,Y,2,Y,7,,,
Leighinmohr house hotel,couple portraits,mkb-weddings-mkb-photography-northern-ireland-wedding-photography-leighinmohr-house-hotel-ballymena-wedding-photography--347_500.webp,,,,,,,,,,,
Leighinmohr house hotel,couple portraits,mkb-weddings-mkb-photography-northern-ireland-wedding-photography-leighinmohr-house-hotel-ballymena-wedding-photography--355_500.webp,,,,,,,,,,,
Leighinmohr house hotel,couple portraits,mkb-weddings-northern-ireland-wedding-photographer-leighinmohr-hotel-ballymena-wedding-photography-12_500.webp,,,,,,,,,,,
Leighinmohr house hotel,couple portraits,mkb-weddings-northern-ireland-wedding-photographer-leighinmohr-hotel-ballymena-wedding-photography-14_500.webp,,,,,,,,,,,
Leighinmohr house hotel,couple portraits,mkb-weddings-northern-ireland-wedding-photographer-leighinmohr-hotel-ballymena-wedding-photography-18_500.webp,,,,,Y,3,Y,15,,,
Leighinmohr house hotel,couple portraits,mkb-weddings-northern-ireland-wedding-photographer-leighinmohr-hotel-ballymena-wedding-photography-21_500.webp,,,,,Y,1,Y,13,,,
Leighinmohr house hotel,couple portraits,mkb-weddings-northern-ireland-wedding-photographer-leighinmohr-hotel-ballymena-wedding-photography-30_500.webp,creative-flash,,,,,,,,,,
Leighinmohr house hotel,couple portraits,mkb-weddings-northern-ireland-wedding-photographer-leighinmohr-house-ballymena-wedding-photography-1_500.webp,,,,,,,,,,,
Leighinmohr house hotel,details and decor,mkb-weddings-mkb-Photography-northern-ireland-wedding-photographer-LEIGHINMOHR-hotel-ballymena-wedding-photography-8_500.webp,,,,,,,,,,,
Leighinmohr house hotel,details and decor,mkb-weddings-mkb-Photography-northern-ireland-wedding-photographer-LEIGHINMOHR-hotel-ballymena-wedding-photography-9_500.webp,,,,,,,,,,,
Leighinmohr house hotel,details and decor,mkb-weddings-northern-ireland-wedding-photographer-creative-wedding-photography-10_500.webp,,,,,,,,,,,
Leighinmohr house hotel,family and bridal party,mkb-weddings-mkb-Photography-northern-ireland-wedding-photographer-LEIGHINMOHR-hotel-ballymena-wedding-photography-376_500.webp,,,,,,,,,,,
Leighinmohr house hotel,getting ready,mkb-weddings-mkb-Photography-northern-ireland-wedding-photographer-LEIGHINMOHR-hotel-ballymena-wedding-photography-10_500.webp,,,,,,,,,,,
Leighinmohr house hotel,getting ready,mkb-weddings-mkb-Photography-northern-ireland-wedding-photographer-LEIGHINMOHR-hotel-ballymena-wedding-photography-11_500.webp,,,,,,,,,,,
Leighinmohr house hotel,getting ready,mkb-weddings-mkb-Photography-northern-ireland-wedding-photographer-LEIGHINMOHR-hotel-ballymena-wedding-photography-7_500.webp,,,,,,,,,,,
Leighinmohr house hotel,getting ready,mkb-weddings-northern-ireland-wedding-photographer-leighinmohr-house-hotel-photography-60_500.webp,,,,,,,,,,,
Leighinmohr house hotel,getting ready,mkb-weddings-northern-ireland-wedding-photographer-leighinmohr-house-hotel-photography-61_500.webp,,,,,,,,,,,
Leighinmohr house hotel,reception and party,mkb-weddings-mkb-Photography-northern-ireland-wedding-photographer-LEIGHINMOHR-hotel-ballymena-wedding-photography-4_500.webp,,,,,,,,,,,
Leighinmohr house hotel,reception and party,mkb-weddings-mkb-Photography-northern-ireland-wedding-photographer-LEIGHINMOHR-hotel-ballymena-wedding-photography-6_500.webp,,,,,Y,4,,,,,
Lough Erne resort,ceremony,mkb-weddings-mkb-photography-northern-ireland-wedding-photography-lough-erne-resort-eniskillen-wedding-photography-150_500.webp,,,,,,,,,,,
Lough Erne resort,ceremony,mkb-weddings-mkb-photography-northern-ireland-wedding-photography-lough-erne-resort-eniskillen-wedding-photography-167_500.webp,,,,,,,,,,,
Lough Erne resort,couple portraits,MKB-weddings-mkb-photography_Northern_Ireland_wedding_photographer_Lough_Erne_Resort_Eniskillen_Wedding_photography-Full res-204_500.webp,,,,,,,,,,,
Lough Erne resort,couple portraits,mkb-weddings-mkb-photography-northern-ireland-wedding-photography-lough-erne-resort-eniskillen-wedding-photography-258_500.webp,creative-flash,,,,,,,,,,
Lough Erne resort,couple portraits,mkb-weddings-mkb-photography-northern-ireland-wedding-photography-lough-erne-resort-eniskillen-wedding-photography-267_500.webp,,,,,,,,,,,
Lough Erne resort,couple portraits,mkb-weddings-mkb-photography-northern-ireland-wedding-photography-lough-erne-resort-eniskillen-wedding-photography-276_500.webp,,,,,,,,,,,
Lough Erne resort,couple portraits,mkb-weddings-mkb-photography-northern-ireland-wedding-photography-lough-erne-resort-eniskillen-wedding-photography-277_500.webp,,,,,,,,,,,
Lough Erne resort,couple portraits,mkb-weddings-mkb-photography-northern-ireland-wedding-photography-lough-erne-resort-eniskillen-wedding-photography-280_500.webp,,,,,,,,,,,
Lough Erne resort,couple portraits,mkb-weddings-mkb-photography-northern-ireland-wedding-photography-lough-erne-resort-eniskillen-wedding-photography-285_500.webp,creative-flash,,,,,,,,,,
Lough Erne resort,family and bridal party,mkb-weddings-mkb-photography-northern-ireland-wedding-photography-lough-erne-resort-eniskillen-wedding-photography-121_500.webp,,,,,,,,,,,
Lough Erne resort,family and bridal party,mkb-weddings-mkb-photography-northern-ireland-wedding-photography-lough-erne-resort-eniskillen-wedding-photography-251_500.webp,,,,,,,,,,,
Lough Erne resort,getting ready,mkb-weddings-mkb-photography-northern-ireland-wedding-photography-lough-erne-resort-eniskillen-wedding-photography-107_500.webp,,,,,,,,,,,
Lough Erne resort,getting ready,mkb-weddings-mkb-photography-northern-ireland-wedding-photography-lough-erne-resort-eniskillen-wedding-photography-111_500.webp,,,,,,,,,,,
Lough Erne resort,getting ready,mkb-weddings-mkb-photography-northern-ireland-wedding-photography-lough-erne-resort-eniskillen-wedding-photography-118_500.webp,,,,,,,,,,,
Lough Erne resort,getting ready,mkb-weddings-mkb-photography-northern-ireland-wedding-photography-lough-erne-resort-eniskillen-wedding-photography-37_500.webp,,,,,,,,,,,
Lough Erne resort,getting ready,mkb-weddings-mkb-photography-northern-ireland-wedding-photography-lough-erne-resort-eniskillen-wedding-photography-39_500.webp,,,,,,,,,,,
Lough Erne resort,getting ready,mkb-weddings-mkb-photography-northern-ireland-wedding-photography-lough-erne-resort-eniskillen-wedding-photography-41_500.webp,,,,,,,,,,,
Lough Erne resort,getting ready,mkb-weddings-mkb-photography-northern-ireland-wedding-photography-lough-erne-resort-eniskillen-wedding-photography-48_500.webp,,,,,,,,,,,
Lough Erne resort,getting ready,mkb-weddings-mkb-photography-northern-ireland-wedding-photography-lough-erne-resort-eniskillen-wedding-photography-80_500.webp,,,,,,,,,,,
Lough Erne resort,getting ready,mkb-weddings-mkb-photography-northern-ireland-wedding-photography-lough-erne-resort-eniskillen-wedding-photography-97_500.webp,,,,,,,,,,,
Lough Erne resort,reception and party,mkb-weddings-mkb-photography-northern-ireland-wedding-photography-lough-erne-resort-eniskillen-wedding-photography-386_500.webp,,,,,,,,,,,
Lough Erne resort,reception and party,mkb-weddings-mkb-photography-northern-ireland-wedding-photography-lough-erne-resort-eniskillen-wedding-photography-460_500.webp,,,,,,,,,,,
Lough Erne resort,reception and party,mkb-weddings-mkb-photography-northern-ireland-wedding-photography-lough-erne-resort-eniskillen-wedding-photography-462_500.webp,,,,,,,,,,,
Lough Erne resort,reception and party,mkb-weddings-mkb-photography-northern-ireland-wedding-photography-lough-erne-resort-eniskillen-wedding-photography-483_500.webp,,,,,,,,,,,
Lough Erne resort,reception and party,mkb-weddings-mkb-photography-northern-ireland-wedding-photography-lough-erne-resort-eniskillen-wedding-photography-530_500.webp,,,,,,,,,,,
Lough Erne resort,reception and party,mkb-weddings-mkb-photography-northern-ireland-wedding-photography-lough-erne-resort-eniskillen-wedding-photography-532_500.webp,,,,,,,,,,,
Lusty beg island,ceremony,mkb-weddings-mkb-photography-northern-ireland-wedding-photographer-lusty-beg-island-eniskillen-wedding-photography-291_500.webp,,,,,,,,,,,
Lusty beg island,couple portraits,MKB-weddings-mkb-photography_Northern_Ireland_Wedding_Photography_Lusty_Beg_Wedding_Photography_Hayley&Brian-For_print-449_500.webp,creative-flash,,,,,,,,,,
Lusty beg island,couple portraits,mkb-weddings-mkb-photography-northern-ireland-wedding-photographer-lusty-beg-island-eniskillen-wedding-photography-189_500.webp,,,,,,,,,,,
Lusty beg island,couple portraits,mkb-weddings-mkb-photography-northern-ireland-wedding-photographer-lusty-beg-island-eniskillen-wedding-photography-214_500.webp,,,,,,,,,,,
Lusty beg island,couple portraits,mkb-weddings-mkb-photography-northern-ireland-wedding-photographer-lusty-beg-island-eniskillen-wedding-photography-222_500.webp,creative-flash,,,,,,,,,,
Lusty beg island,couple portraits,mkb-weddings-mkb-photography-northern-ireland-wedding-photographer-lusty-beg-island-eniskillen-wedding-photography-228_500.webp,,,,,,,,,,,
Lusty beg island,couple portraits,mkb-weddings-mkb-photography-northern-ireland-wedding-photographer-lusty-beg-island-eniskillen-wedding-photography-231_500.webp,,,,,,,,,,,
Lusty beg island,couple portraits,mkb-weddings-mkb-photography-northern-ireland-wedding-photographer-lusty-beg-island-eniskillen-wedding-photography-234_500.webp,,,,,,,,,,,
Lusty beg island,couple portraits,mkb-weddings-northern-ireland-wedding-photographer-lusty-beg-island-wedding-photography-10_500.webp,,,,,,,,,,,
Lusty beg island,getting ready,mkb-weddings-mkb-photography-northern-ireland-wedding-photographer-lusty-beg-island-eniskillen-wedding-photography-174_500.webp,,,,,,,,,,,
Lusty beg island,getting ready,mkb-weddings-mkb-photography-northern-ireland-wedding-photographer-lusty-beg-island-eniskillen-wedding-photography-196_500.webp,,,,,,,,,,,
Lusty beg island,reception and party,mkb-weddings-mkb-photography-northern-ireland-wedding-photographer-lusty-beg-island-eniskillen-wedding-photography-319_500.webp,,,,,,,,,,,
Manor House,couple portraits,MKB_Photography-Northern-ireland-wedding-photography-northern-ireland-wedding-photographer-manor-house-hotel-wedding-photography-379_500.webp,,,,,,,,,,,
Manor House,couple portraits,mkb-weddings-northern-ireland-wedding-photographer-manor-house-hotel-enniskillen-wedding-photography-5_500.webp,,,,,,,,,,,
Manor House,getting ready,MKB_Photography-Northern-ireland-wedding-photography-northern-ireland-wedding-photographer-manor-house-hotel-wedding-photography-120_500.webp,,,,,,,,,,,
Manor House,getting ready,MKB_Photography-Northern-ireland-wedding-photography-northern-ireland-wedding-photographer-manor-house-hotel-wedding-photography-130_500.webp,,,,,,,,,,,
Manor House,reception and party,MKB_Photography-Northern-ireland-wedding-photography-northern-ireland-wedding-photographer-manor-house-hotel-wedding-photography-632_500.webp,,,,,,,,,,,
Merchant,ceremony,mkb-weddings-mkb-Photography-northern-ireland-wedding-photographer-merchant-hotel-belfast-wedding-photography-159_500.webp,,,,,,,,,,,
Merchant,couple portraits,mkb-weddings-mkb-Photography-northern-ireland-wedding-photographer-merchant-hotel-belfast-wedding-photography-376_500.webp,,,,,,,,,,,
Merchant,couple portraits,MKB_Photography-Northern-ireland-wedding-photography-northern-ireland-wedding-photographer-merchant-hotel-belfast-wedding-photography-281_500.webp,,,,,,,,,,,
Merchant,couple portraits,mkb-weddings-mkb-Photography-northern-ireland-wedding-photographer-merchant-hotel-belfast-wedding-photography-155_500.webp,,,,,,,,,,,
Merchant,couple portraits,mkb-weddings-mkb-Photography-northern-ireland-wedding-photographer-merchant-hotel-belfast-wedding-photography-156_500.webp,,,,,,,,,,,
Merchant,couple portraits,mkb-weddings-mkb-Photography-northern-ireland-wedding-photographer-merchant-hotel-belfast-wedding-photography-358_500.webp,creative-flash,,,,,,,,,,
Merchant,couple portraits,mkb-weddings-mkb-Photography-northern-ireland-wedding-photographer-merchant-hotel-belfast-wedding-photography-366_500.webp,,,,,,,,,,,
Merchant,couple portraits,mkb-weddings-mkb-Photography-northern-ireland-wedding-photographer-merchant-hotel-belfast-wedding-photography-371_500.webp,,,,,,,,,,,
Merchant,couple portraits,mkb-weddings-mkb-Photography-northern-ireland-wedding-photographer-merchant-hotel-belfast-wedding-photography-383_500.webp,,,,,,,,,,,
Merchant,couple portraits,mkb-weddings-belfast-city-hall-merchant-hotel-wedding-photography-10_500.webp,,,,,,,,,,,
Merchant,couple portraits,mkb-weddings-belfast-city-hall-merchant-hotel-wedding-photography-25_500.webp,,,,,,,,,,,
Merchant,couple portraits,mkb-weddings-belfast-city-hall-merchant-hotel-wedding-photography-261_500.webp,,,,,,,,,,,
Merchant,couple portraits,mkb-weddings-belfast-city-hall-merchant-hotel-wedding-photography-269_500.webp,,,,,,,,,,,
Merchant,couple portraits,mkb-weddings-belfast-city-hall-merchant-hotel-wedding-photography-27-1_500.webp,,,,,,,,,,,
Merchant,couple portraits,mkb-weddings-belfast-city-hall-merchant-hotel-wedding-photography-27_500.webp,,,,,,,,,,,
Merchant,couple portraits,mkb-weddings-belfast-city-hall-merchant-hotel-wedding-photography-29_500.webp,,,,,,,,,,,
Merchant,family and bridal party,mkb-weddings-mkb-Photography-northern-ireland-wedding-photographer-merchant-hotel-belfast-wedding-photography-337_500.webp,,,,,,,,,,,
Merchant,getting ready,mkb-weddings-mkb-Photography-northern-ireland-wedding-photographer-merchant-hotel-belfast-wedding-photography-114_500.webp,,,,,,,,,,,
Merchant,getting ready,mkb-weddings-mkb-Photography-northern-ireland-wedding-photographer-merchant-hotel-belfast-wedding-photography-160_500.webp,,,,,,,,,,,
Merchant,getting ready,mkb-weddings-mkb-Photography-northern-ireland-wedding-photographer-merchant-hotel-belfast-wedding-photography-163_500.webp,,,,,,,,,,,
Merchant,reception and party,mkb-weddings-mkb-Photography-northern-ireland-wedding-photographer-merchant-hotel-belfast-wedding-photography-176_500.webp,,,,,,,,,,,
Millbrook lodge,ceremony,MKB_weddings-mkb-Photography-Northern-ireland-wedding-photography-northern-ireland-wedding-photographer-millbrook-lodge-ballynahinch-wedding-photography-227_500.webp,,,,,,,,,,,
Millbrook lodge,ceremony,MKB_weddings-mkb-Photography-Northern-ireland-wedding-photography-northern-ireland-wedding-photographer-millbrook-lodge-ballynahinch-wedding-photography-242_500.webp,,,,,,,,,,,
Millbrook lodge,ceremony,MKB_weddings-mkb-Photography-Northern-ireland-wedding-photography-northern-ireland-wedding-photographer-millbrook-lodge-Ballynahinch-wedding-photography-246_500.webp,,,,,,,,,,,
Millbrook lodge,ceremony,MKB_weddings-mkb-Photography-Northern-ireland-wedding-photography-northern-ireland-wedding-photographer-millbrook-lodge-ballynahinch-wedding-photography-283_500.webp,,,,,,,,,,,
Millbrook lodge,ceremony,MKB-weddings-mkb-photography-northern-ireland-wedding-photographer-millbrook-lodge-ballynahinch-wedding-photography6_500.webp,,,,,,,,,,,
Millbrook lodge,ceremony,MKB-weddings-mkb-photography-northern-ireland-wedding-photographer-millbrook-lodge-ballynahinch-wedding-photography7_500.webp,,,,,,,,,,,
Millbrook lodge,ceremony,MKB-photography-Northern-Ireland-wedding-photographer-Millbrook-lodge-hotel-ballynahinch-Wedding-photography-millbrook-lodge-hotel-wedding-photography-FULL RES-180_500.webp,,,,,,,,,,,
Millbrook lodge,ceremony,MKB-photography-Northern-Ireland-wedding-photographer-Millbrook-lodge-hotel-ballynahinch-Wedding-photography-millbrook-lodge-hotel-wedding-photography-FULL RES-190_500.webp,,,,,,,,,,,
Millbrook lodge,ceremony,MKB-photography-Northern-Ireland-wedding-photographer-Millbrook-lodge-hotel-ballynahinch-Wedding-photography-millbrook-lodge-hotel-wedding-photography-FULL RES-227_500.webp,,,,,,,,,,,
Millbrook lodge,couple portraits,MKB-weddings-mkb-photography-northern-ireland-wedding-photographer-millbrook-lodge-ballynahinch-wedding-photography3_500.webp,creative-flash,,,,Y,3,Y,6,,,
Millbrook lodge,couple portraits,MKB_weddings-mkb-Photography-Northern-ireland-wedding-photography-northern-ireland-wedding-photographer-millbrook-lodge-ballynahinch-wedding-photography-325_500.webp,,,,,,,,,,,
Millbrook lodge,couple portraits,MKB-weddings-mkb-photography-northern-ireland-wedding-photographer-millbrook-lodge-ballynahinch-wedding-photography1_500.webp,creative-flash,,,,,,,,,,
Millbrook lodge,couple portraits,MKB-weddings-mkb-photography-northern-ireland-wedding-photographer-millbrook-lodge-ballynahinch-wedding-photography2_500.webp,,,,,,,,,,,
Millbrook lodge,couple portraits,MKB-weddings-mkb-photography-northern-ireland-wedding-photographer-millbrook-lodge-ballynahinch-wedding-photography4_500.webp,,,,,,,,,,,
Millbrook lodge,couple portraits,MKB-weddings-mkb-photography-northern-ireland-wedding-photographer-millbrook-lodge-ballynahinch-wedding-photography5_500.webp,,,,,,,,,,,
Millbrook lodge,couple portraits,MKB-photography-Northern-Ireland-wedding-photographer-Millbrook-lodge-hotel-ballynahinch-Wedding-photography-millbrook-lodge-hotel-wedding-photography-FULL RES-374_500.webp,,,,,,,,,,,
Millbrook lodge,couple portraits,MKB-photography-Northern-Ireland-wedding-photographer-Millbrook-lodge-hotel-ballynahinch-Wedding-photography-millbrook-lodge-hotel-wedding-photography-FULL RES-386_500.webp,,,,,,,,,,,
Millbrook lodge,couple portraits,MKB-photography-Northern-Ireland-wedding-photographer-Millbrook-lodge-hotel-ballynahinch-Wedding-photography-millbrook-lodge-hotel-wedding-photography-FULL RES-393_500.webp,,,,,,,,,,,
Millbrook lodge,family and bridal party,MKB-photography-Northern-Ireland-wedding-photographer-Millbrook-lodge-hotel-ballynahinch-Wedding-photography-millbrook-lodge-hotel-wedding-photography-FULL RES-356_500.webp,,,,,,,,,,,
Millbrook lodge,family and bridal party,MKB-photography-Northern-Ireland-wedding-photographer-Millbrook-lodge-hotel-ballynahinch-Wedding-photography-millbrook-lodge-hotel-wedding-photography-FULL RES-410_500.webp,,,,,,,,,,,
Millbrook lodge,getting ready,MKB-weddings-mkb-photography-northern-ireland-wedding-photographer-millbrook-lodge-ballynahinch-wedding-photography10_500.webp,,,,,,,,,,,
Millbrook lodge,getting ready,MKB-weddings-mkb-photography-northern-ireland-wedding-photographer-millbrook-lodge-ballynahinch-wedding-photography8_500.webp,,,,,,,,,,,
Millbrook lodge,getting ready,MKB-weddings-mkb-photography-northern-ireland-wedding-photographer-millbrook-lodge-ballynahinch-wedding-photography9_500.webp,,,,,,,,,,,
Millbrook lodge,reception and party,MKB-photography-Northern-Ireland-wedding-photographer-Millbrook-lodge-hotel-ballynahinch-Wedding-photography-millbrook-lodge-hotel-wedding-photography-FULL RES-505_500.webp,,,,,,,,,,,
Millhouse Slane,getting ready,mkb-weddings-irish-wedding-photographer-millhouse-slane-wedding-photography-11_500.webp,,,,,,,,,,,
Millhouse Slane,getting ready,MKB-photography-Northern-Ireland-wedding-photographer-Slane-Wedding-photography-Millhouse-Slane-wedding-photography-11_500.webp,,,,,,,,,,,
Millhouse Slane,getting ready,MKB-photography-Northern-Ireland-wedding-photographer-Slane-Wedding-photography-Millhouse-Slane-wedding-photography-26_500.webp,,,,,,,,,,,
Millhouse Slane,reception and party,MKB-photography-Northern-Ireland-wedding-photographer-Slane-Wedding-photography-Millhouse-Slane-wedding-photography-81_500.webp,,,,,,,,,,,
Old Rectory,ceremony,MKB_Photography-Northern-ireland-wedding-photography-northern-ireland-wedding-photographer-the-old-rectory-killyman-wedding-photography-full-res-130_500.webp,,,,,,,,,,,
Old Rectory,ceremony,MKB_Photography-Northern-ireland-wedding-photography-northern-ireland-wedding-photographer-the-old-rectory-killyman-wedding-photography-full-res-141_500.webp,,,,,,,,,,,
Old Rectory,couple portraits,mkb-weddings-northern-ireland-wedding-photographer-old-rectory-killyman-wedding-photography-1_500.webp,,,,,,,,,,,
Old Rectory,couple portraits,mkb-weddings-northern-ireland-wedding-photographer-old-rectory-killyman-wedding-photography-4_500.webp,,,,,,,,,,,
Old Rectory,couple portraits,MKB_Photography-Northern-ireland-wedding-photography-northern-ireland-wedding-photographer-the-old-rectory-killyman-wedding-photography-full-res-267_500.webp,,,,,,,,,,,
Old Rectory,couple portraits,MKB_Photography-Northern-ireland-wedding-photography-northern-ireland-wedding-photographer-the-old-rectory-killyman-wedding-photography-full-res-283_500.webp,,,,,,,,,,,
Old Rectory,couple portraits,MKB_Photography-Northern-ireland-wedding-photography-northern-ireland-wedding-photographer-the-old-rectory-killyman-wedding-photography-full-res-288_500.webp,,,,,,,,,,,
Old Rectory,couple portraits,MKB_Photography-Northern-ireland-wedding-photography-northern-ireland-wedding-photographer-the-old-rectory-killyman-wedding-photography-full-res-299_500.webp,,,,,,,,,,,
Old Rectory,couple portraits,MKB_Photography-Northern-ireland-wedding-photography-northern-ireland-wedding-photographer-the-old-rectory-killyman-wedding-photography-full-res-313_500.webp,,,,,,,,,,,
Old Rectory,family and bridal party,MKB_Photography-Northern-ireland-wedding-photography-northern-ireland-wedding-photographer-the-old-rectory-killyman-wedding-photography-full-res-261_500.webp,,,,,,,,,,,
Old Rectory,family and bridal party,MKB_Photography-Northern-ireland-wedding-photography-northern-ireland-wedding-photographer-the-old-rectory-killyman-wedding-photography-full-res-97_500.webp,,,,,,,,,,,
Old Rectory,getting ready,MKB_Photography-Northern-ireland-wedding-photography-northern-ireland-wedding-photographer-the-old-rectory-killyman-wedding-photography-full-res-76_500.webp,,,,,,,,,,,
Old Rectory,reception and party,MKB_Photography-Northern-ireland-wedding-photography-northern-ireland-wedding-photographer-the-old-rectory-killyman-wedding-photography-full-res-336_500.webp,,,,,,,,,,,
Orange tree house,ceremony,MKB_Photography-Northern-ireland-wedding-photography-northern-ireland-wedding-photographer-orange-tree-house-greyabbey-wedding-photography-164_500.webp,,,,,Y,7,Y,1,,,
Orange tree house,ceremony,MKB_Photography-Northern-ireland-wedding-photography-northern-ireland-wedding-photographer-orange-tree-house-greyabbey-wedding-photography-223_500.webp,,,,,,,,,,,
Orange tree house,ceremony,MKB_Photography-Northern-ireland-wedding-photography-northern-ireland-wedding-photographer-orange-tree-house-greyabbey-wedding-photography-full-res-144_500.webp,,,,,,,,,,,
Orange tree house,ceremony,MKB_Photography-Northern-ireland-wedding-photography-northern-ireland-wedding-photographer-orange-tree-house-greyabbey-wedding-photography-full-res-167_500.webp,,,,,,,,,,,
Orange tree house,ceremony,MKB-weddings-mkb-photography-northern-ireland-wedding-photographer-orange-tree-house-greyabbey-wedding-photography-311_500.webp,,,,,,,,,,,
Orange tree house,ceremony,MKB-weddings-mkb-photography-northern-ireland-wedding-photographer-orange-tree-house-greyabbey-wedding-photography-347_500.webp,,,,,,,,,,,
Orange tree house,ceremony,mkb-weddings-mkb-photography-northern-ireland-wedding-photography-orange-tree-house-greyabbey-wedding-photography-110_500.webp,,,,,,,,,,,
Orange tree house,ceremony,mkb-weddings-mkb-photography-northern-ireland-wedding-photography-orange-tree-house-greyabbey-wedding-photography-134_500.webp,,,,,,,,,,,
Orange tree house,ceremony,mkb-weddings-mkb-photography-northern-ireland-wedding-photography-orange-tree-house-greyabbey-wedding-photography-140_500.webp,,,,,,,,,,,
Orange tree house,ceremony,mkb-weddings-mkb-photography-northern-ireland-wedding-photography-orange-tree-house-greyabbey-wedding-photography-183_500.webp,,,,,,,,,,,
Orange tree house,ceremony,mkb-weddings-mkb-photography-northern-ireland-wedding-photography-orange-tree-house-greyabbey-wedding-photography-374_500.webp,,,,,,,,,,,
Orange tree house,ceremony,mkb-weddings-orange-tree-house-wedding-photographer-70_500.webp,,,,,,,,,,,
Orange tree house,ceremony,mkb-weddings-orange-tree-house-wedding-photographer-84_500.webp,,orange-tree-house,12,FALSE,,,,,,,
Orange tree house,ceremony,mkb-weddings-orange-tree-house-wedding-photographer-111_500.webp,,orange-tree-house,13,FALSE,,,,,,,
Orange tree house,ceremony,mkb-weddings-orange-tree-house-wedding-photographer-116_500.webp,,orange-tree-house,14,FALSE,,,,,,,
Orange tree house,ceremony,mkb-weddings-orange-tree-house-wedding-photographer-127_500.webp,,orange-tree-house,15,FALSE,,,,,,,
Orange tree house,ceremony,mkb-weddings-orange-tree-house-wedding-photographer-149_500.webp,,orange-tree-house,16,FALSE,,,,,,,
Orange tree house,ceremony,mkb-weddings-orange-tree-house-wedding-photographer-152_500.webp,,orange-tree-house,17,FALSE,,,,,,,
Orange tree house,couple portraits,MKB_Photography-Northern-ireland-wedding-photography-northern-ireland-wedding-photographer-orange-tree-house-greyabbey-wedding-photography-493_500.webp,,,,,Y,4,Y,12,,,
Orange tree house,couple portraits,MKB_Photography-Northern-ireland-wedding-photography-northern-ireland-wedding-photographer-orange-tree-house-greyabbey-wedding-photography-351_500.webp,,,,,,,,,,,
Orange tree house,couple portraits,MKB_Photography-Northern-ireland-wedding-photography-northern-ireland-wedding-photographer-orange-tree-house-greyabbey-wedding-photography-353_500.webp,,,,,,,,,,,
Orange tree house,couple portraits,MKB_Photography-Northern-ireland-wedding-photography-northern-ireland-wedding-photographer-orange-tree-house-greyabbey-wedding-photography-357_500.webp,,,,,,,,,,,
Orange tree house,couple portraits,MKB_Photography-Northern-ireland-wedding-photography-northern-ireland-wedding-photographer-orange-tree-house-greyabbey-wedding-photography-358_500.webp,,,,,,,,,,,
Orange tree house,couple portraits,MKB_Photography-Northern-ireland-wedding-photography-northern-ireland-wedding-photographer-orange-tree-house-greyabbey-wedding-photography-411_500.webp,,,,,,,,,,,
Orange tree house,couple portraits,MKB_Photography-Northern-ireland-wedding-photography-northern-ireland-wedding-photographer-orange-tree-house-greyabbey-wedding-photography-494_500.webp,,,,,Y,1,Y,1,,,
Orange tree house,couple portraits,MKB_Photography-Northern-ireland-wedding-photography-northern-ireland-wedding-photographer-orange-tree-house-greyabbey-wedding-photography-497_500.webp,,,,,,,,,,,
Orange tree house,couple portraits,MKB_Photography-Northern-ireland-wedding-photography-northern-ireland-wedding-photographer-orange-tree-house-greyabbey-wedding-photography-503_500.webp,creative-flash,,,,,,,,,,
Orange tree house,couple portraits,MKB_Photography-Northern-ireland-wedding-photography-northern-ireland-wedding-photographer-orange-tree-house-greyabbey-wedding-photography-full-res-279_500.webp,,,,,,,,,,,
Orange tree house,couple portraits,MKB_Photography-Northern-ireland-wedding-photography-northern-ireland-wedding-photographer-orange-tree-house-greyabbey-wedding-photography-full-res-294_500.webp,,,,,,,,,,,
Orange tree house,couple portraits,MKB_Photography-Northern-ireland-wedding-photography-northern-ireland-wedding-photographer-orange-tree-house-greyabbey-wedding-photography-full-res-343_500.webp,,,,,,,,,,,
Orange tree house,couple portraits,MKB_Photography-Northern-ireland-wedding-photography-northern-ireland-wedding-photographer-orange-tree-house-greyabbey-wedding-photography-full-res-388_500.webp,creative-flash,,,,,,,,,,
Orange tree house,couple portraits,MKB_Photography-Northern-ireland-wedding-photography-northern-ireland-wedding-photographer-orange-tree-house-greyabbey-wedding-photography-full-res-393_500.webp,,,,,,,,,,,
Orange tree house,couple portraits,MKB_Photography-Northern-ireland-wedding-photography-northern-ireland-wedding-photographer-orange-tree-house-greyabbey-wedding-photography-full-res-422_500.webp,creative-flash,,,,,,,,,,
Orange tree house,couple portraits,MKB-weddings-mkb-photography-northern-ireland-wedding-photographer-orange-tree-house-greyabbey-wedding-photography-167_500.webp,,,,,,,,,,,
Orange tree house,couple portraits,MKB-weddings-mkb-photography-northern-ireland-wedding-photographer-orange-tree-house-greyabbey-wedding-photography-175_500.webp,creative-flash,,,,,,,,,,
Orange tree house,couple portraits,MKB-weddings-mkb-photography-northern-ireland-wedding-photographer-orange-tree-house-greyabbey-wedding-photography-176_500.webp,creative-flash,,,,,,,,,,
Orange tree house,couple portraits,MKB-weddings-mkb-photography-northern-ireland-wedding-photographer-orange-tree-house-greyabbey-wedding-photography-183_500.webp,,,,,,,,,,,
Orange tree house,couple portraits,MKB-weddings-mkb-photography-northern-ireland-wedding-photographer-orange-tree-house-greyabbey-wedding-photography-185_500.webp,creative-flash,,,,,,,,,,
Orange tree house,couple portraits,MKB-weddings-mkb-photography-northern-ireland-wedding-photographer-orange-tree-house-greyabbey-wedding-photography-186_500.webp,creative-flash,,,,,,,,,,
Orange tree house,couple portraits,MKB-weddings-mkb-photography-northern-ireland-wedding-photographer-orange-tree-house-greyabbey-wedding-photography-204_500.webp,,,,,,,,,,,
Orange tree house,couple portraits,MKB-weddings-mkb-photography-northern-ireland-wedding-photographer-orange-tree-house-greyabbey-wedding-photography-214_500.webp,,,,,,,,,,,
Orange tree house,couple portraits,MKB-weddings-mkb-photography-northern-ireland-wedding-photographer-orange-tree-house-greyabbey-wedding-photography-397_500.webp,,,,,Y,3,,,,,
Orange tree house,couple portraits,MKB-weddings-mkb-photography-northern-ireland-wedding-photographer-orange-tree-house-greyabbey-wedding-photography-414_500.webp,creative-flash,,,,,,,,,,
Orange tree house,couple portraits,MKB-weddings-mkb-photography-northern-ireland-wedding-photographer-orange-tree-house-greyabbey-wedding-photography2_500.webp,creative-flash,,,,,,,,,,
Orange tree house,couple portraits,MKB-weddings-mkb-photography-northern-ireland-wedding-photographer-orange-tree-house-greyabbey-wedding-photography3_500.webp,,,,,,,,,,,
Orange tree house,couple portraits,mkb-weddings-mkb-photography-northern-ireland-wedding-photography-orange-tree-house-greyabbey-wedding-photography-100-1_500.webp,,,,,,,,,,,
Orange tree house,couple portraits,mkb-weddings-mkb-photography-northern-ireland-wedding-photography-orange-tree-house-greyabbey-wedding-photography-191_500.webp,,,,,,,,,,,
Orange tree house,couple portraits,mkb-weddings-mkb-photography-northern-ireland-wedding-photography-orange-tree-house-greyabbey-wedding-photography-260_500.webp,,,,,,,,,,,
Orange tree house,couple portraits,mkb-weddings-mkb-photography-northern-ireland-wedding-photography-orange-tree-house-greyabbey-wedding-photography-261_500.webp,,,,,,,,,,,
Orange tree house,couple portraits,mkb-weddings-mkb-photography-northern-ireland-wedding-photography-orange-tree-house-greyabbey-wedding-photography-273_500.webp,,,,,Y,6,Y,5,,,
Orange tree house,couple portraits,mkb-weddings-mkb-photography-northern-ireland-wedding-photography-orange-tree-house-greyabbey-wedding-photography-278_500.webp,,,,,,,,,,,
Orange tree house,couple portraits,mkb-weddings-mkb-photography-northern-ireland-wedding-photography-orange-tree-house-greyabbey-wedding-photography-286_500.webp,,,,,Y,2,Y,6,,,
Orange tree house,couple portraits,mkb-weddings-mkb-photography-northern-ireland-wedding-photography-orange-tree-house-greyabbey-wedding-photography-398_500.webp,creative-flash,,,,,,,,,,
Orange tree house,couple portraits,mkb-weddings-mkb-photography-northern-ireland-wedding-photography-orange-tree-house-greyabbey-wedding-photography-402_500.webp,creative-flash,,,,,,,,,,
Orange tree house,couple portraits,mkb-weddings-mkb-photography-northern-ireland-wedding-photography-orange-tree-house-greyabbey-wedding-photography-403_500.webp,,,,,,,,,,,
Orange tree house,couple portraits,mkb-weddings-mkb-photography-northern-ireland-wedding-photography-orange-tree-house-greyabbey-wedding-photography-406_500.webp,,,,,,,,,,,
Orange tree house,couple portraits,mkb-weddings-mkb-photography-northern-ireland-wedding-photography-orange-tree-house-greyabbey-wedding-photography-409_500.webp,creative-flash,,,,,,,,,,
Orange tree house,couple portraits,mkb-weddings-mkb-photography-northern-ireland-wedding-photography-orange-tree-house-greyabbey-wedding-photography-411_500.webp,,,,,Y,9,Y,5,,,
Orange tree house,couple portraits,mkb-weddings-mkb-photography-northern-ireland-wedding-photography-orange-tree-house-greyabbey-wedding-photography-442_500.webp,,,,,,,,,,,
Orange tree house,couple portraits,mkb-weddings-mkb-photography-northern-ireland-wedding-photography-orange-tree-house-greyabbey-wedding-photography-445_500.webp,,,,,,,,,,,
Orange tree house,couple portraits,mkb-weddings-mkb-photography-northern-ireland-wedding-photography-orange-tree-house-greyabbey-wedding-photography-454_500.webp,,,,,,,,,,,
Orange tree house,couple portraits,mkb-weddings-mkb-photography-northern-ireland-wedding-photography-orange-tree-house-greyabbey-wedding-photography-461_500.webp,creative-flash,,,,,,,,,,
Orange tree house,couple portraits,mkb-weddings-mkb-photography-northern-ireland-wedding-photography-orange-tree-house-greyabbey-wedding-photography-618_500.webp,,,,,,,,,,,
Orange tree house,couple portraits,mkb-weddings-mkb-photography-northern-ireland-wedding-photography-orange-tree-house-greyabbey-wedding-photography-626_500.webp,,,,,,,,,,,
Orange tree house,couple portraits,mkb-weddings-mkb-photography-northern-ireland-wedding-photography-orange-tree-house-greyabbey-wedding-photography-630_500.webp,,,,,,,,,,,
Orange tree house,couple portraits,mkb-weddings-northern-ireland-wedding-photographer-orange-tree-house-greyabbey-wedding-photography-25_500.webp,,,,,,,,,,,
Orange tree house,couple portraits,mkb-weddings-northern-ireland-wedding-photographer-orange-tree-house-greyabbey-wedding-photography-41_500.webp,creative-flash,,,,,,,,,,
Orange tree house,couple portraits,mkb-weddings-northern-ireland-wedding-photographer-orange-tree-house-greyabbey-wedding-photography-42_500.webp,creative-flash,,,,,,,,,,
Orange tree house,couple portraits,mkb-weddings-orange-tree-house-wedding-photographer-36_500.webp,,orange-tree-house,8,FALSE,,,,,,,
Orange tree house,couple portraits,mkb-weddings-orange-tree-house-wedding-photographer-184_500.webp,,,,,,,,,,,
Orange tree house,couple portraits,mkb-weddings-orange-tree-house-wedding-photographer-192_500.webp,,,,,,,,,,,
Orange tree house,couple portraits,mkb-weddings-orange-tree-house-wedding-photographer-4-1_500.webp,,,,,,,,,,,
Orange tree house,couple portraits,mkb-weddings-orange-tree-house-wedding-photographer-43_500.webp,,,,,,,,,,,
Orange tree house,couple portraits,mkb-weddings-orange-tree-house-wedding-photographer-4_500.webp,,,,,,,,,,,
Orange tree house,couple portraits,mkb-weddings-orange-tree-house-wedding-photographer-50_500.webp,,,,,,,,,,,
Orange tree house,couple portraits,mkb-weddings-orange-tree-house-wedding-photographer-57_500.webp,,,,,,,,,,,
Orange tree house,couple portraits,mkb-weddings-orange-tree-house-wedding-photographer-230_500.webp,,orange-tree-house,18,FALSE,,,,,,,
Orange tree house,couple portraits,mkb-weddings-orange-tree-house-wedding-photographer-231_500.webp,,orange-tree-house,19,FALSE,,,,,,,
Orange tree house,couple portraits,mkb-weddings-orange-tree-house-wedding-photographer-8-1_500.webp,,,,,,,,,,,
Orange tree house,couple portraits,mkb-weddings-orange-tree-house-wedding-photographer-90_500.webp,,,,,,,,,,,
Orange tree house,couple portraits,mkb-weddings-orange-tree-house-wedding-photographer-91_500.webp,,orange-tree-house,20,FALSE,,,,,,,
Orange tree house,couple portraits,mkb-weddings-orange-tree-house-wedding-photographer-92_500.webp,,,,,,,,,,,
Orange tree house,couple portraits,mkb-weddings-orange-tree-house-wedding-photographer-53_500.webp,,orange-tree-house,22,FALSE,,,,,,,
Orange tree house,couple portraits,mkb-weddings-orange-tree-house-wedding-photographer-23_500.webp,,orange-tree-house,23,FALSE,,,,,,,
Orange tree house,couple portraits,mkb-weddings-orange-tree-house-wedding-photographer-61_500.webp,,orange-tree-house,24,FALSE,,,,,,,
Orange tree house,couple portraits,mkb-weddings-orange-tree-house-wedding-photographer-64_500.webp,,orange-tree-house,26,FALSE,,,,,,,
Orange tree house,couple portraits,mkb-weddings-orange-tree-house-wedding-photographer-17-1_500.webp,,orange-tree-house,31,FALSE,,,,,,,
Orange tree house,couple portraits,mkb-weddings-orange-tree-house-wedding-photographer-9_500.webp,,orange-tree-house,32,FALSE,,,,,,,
Orange tree house,couple portraits,mkb-weddings-orange-tree-house-wedding-photographer-11_500.webp,,orange-tree-house,33,FALSE,,,,,,,
Orange tree house,details and decor,MKB_Photography-Northern-ireland-wedding-photography-northern-ireland-wedding-photographer-orange-tree-house-greyabbey-wedding-photography-132_500.webp,,,,,,,,,,,
Orange tree house,details and decor,MKB_Photography-Northern-ireland-wedding-photography-northern-ireland-wedding-photographer-orange-tree-house-greyabbey-wedding-photography-34_500.webp,,,,,,,,,,,
Orange tree house,details and decor,MKB_Photography-Northern-ireland-wedding-photography-northern-ireland-wedding-photographer-orange-tree-house-greyabbey-wedding-photography-8_500.webp,,,,,,,,,,,
Orange tree house,details and decor,MKB_Photography-Northern-ireland-wedding-photography-northern-ireland-wedding-photographer-orange-tree-house-greyabbey-wedding-photography-9_500.webp,,,,,,,,,,,
Orange tree house,details and decor,MKB-weddings-mkb-photography-northern-ireland-wedding-photographer-orange-tree-house-greyabbey-wedding-photography-228_500.webp,,,,,,,,,,,
Orange tree house,details and decor,MKB-weddings-mkb-photography-northern-ireland-wedding-photographer-orange-tree-house-greyabbey-wedding-photography4_500.webp,,,,,,,,,,,
Orange tree house,details and decor,mkb-weddings-mkb-photography-northern-ireland-wedding-photography-orange-tree-house-greyabbey-wedding-photography-100_500.webp,,,,,,,,,,,
Orange tree house,details and decor,mkb-weddings-mkb-photography-northern-ireland-wedding-photography-orange-tree-house-greyabbey-wedding-photography-102_500.webp,,,,,,,,,,,
Orange tree house,details and decor,mkb-weddings-mkb-photography-northern-ireland-wedding-photography-orange-tree-house-greyabbey-wedding-photography-301_500.webp,,,,,,,,,,,
Orange tree house,details and decor,mkb-weddings-mkb-photography-northern-ireland-wedding-photography-orange-tree-house-greyabbey-wedding-photography-391_500.webp,,,,,,,,,,,
Orange tree house,details and decor,mkb-weddings-mkb-photography-northern-ireland-wedding-photography-orange-tree-house-greyabbey-wedding-photography-468_500.webp,,,,,,,,,,,
Orange tree house,details and decor,mkb-weddings-northern-ireland-wedding-photographer-orange-tree-house-greyabbey-wedding-photography-31_500.webp,,,,,,,,,,,
Orange tree house,details and decor,mkb-weddings-northern-ireland-wedding-photographer-orange-tree-house-greyabbey-wedding-photography-32_500.webp,,,,,,,,,,,
Orange tree house,details and decor,mkb-weddings-orange-tree-house-wedding-photographer-21_500.webp,,orange-tree-house,5,FALSE,,,,,,,
Orange tree house,details and decor,mkb-weddings-orange-tree-house-wedding-photographer-22_500.webp,,orange-tree-house,6,FALSE,,,,,,,
Orange tree house,details and decor,mkb-weddings-orange-tree-house-wedding-photographer-45_500.webp,,orange-tree-house,9,FALSE,,,,,,,
Orange tree house,details and decor,mkb-weddings-orange-tree-house-wedding-photographer-54_500.webp,,orange-tree-house,10,FALSE,,,,,,,
Orange tree house,details and decor,mkb-weddings-orange-tree-house-wedding-photographer-24_500.webp,,,,,,,,,,,
Orange tree house,details and decor,mkb-weddings-orange-tree-house-wedding-photographer-25_500.webp,,,,,Y,8,Y,1,,,
Orange tree house,details and decor,mkb-weddings-orange-tree-house-wedding-photographer-68_500.webp,,,,,,,,,,,
Orange tree house,details and decor,mkb-weddings-orange-tree-house-wedding-photographer-69_500.webp,,,,,,,,,,,
Orange tree house,family and bridal party,MKB_Photography-Northern-ireland-wedding-photography-northern-ireland-wedding-photographer-orange-tree-house-greyabbey-wedding-photography-361_500.webp,,,,,Y,5,Y,3,,,
Orange tree house,family and bridal party,MKB_Photography-Northern-ireland-wedding-photography-northern-ireland-wedding-photographer-orange-tree-house-greyabbey-wedding-photography-386_500.webp,,,,,,,,,,,
Orange tree house,family and bridal party,MKB_Photography-Northern-ireland-wedding-photography-northern-ireland-wedding-photographer-orange-tree-house-greyabbey-wedding-photography-47_500.webp,,,,,,,,,,,
Orange tree house,family and bridal party,MKB_Photography-Northern-ireland-wedding-photography-northern-ireland-wedding-photographer-orange-tree-house-greyabbey-wedding-photography-full-res-263_500.webp,,,,,,,,,,,
Orange tree house,family and bridal party,MKB-weddings-mkb-photography-northern-ireland-wedding-photographer-orange-tree-house-greyabbey-wedding-photography-272_500.webp,,,,,,,,,,,
Orange tree house,family and bridal party,MKB-weddings-mkb-photography-northern-ireland-wedding-photographer-orange-tree-house-greyabbey-wedding-photography-281_500.webp,,,,,,,,,,,
Orange tree house,family and bridal party,mkb-weddings-mkb-photography-northern-ireland-wedding-photography-orange-tree-house-greyabbey-wedding-photography-190_500.webp,,,,,,,,,,,
Orange tree house,family and bridal party,mkb-weddings-mkb-photography-northern-ireland-wedding-photography-orange-tree-house-greyabbey-wedding-photography-239_500.webp,,,,,,,,,,,
Orange tree house,family and bridal party,mkb-weddings-mkb-photography-northern-ireland-wedding-photography-orange-tree-house-greyabbey-wedding-photography-313_500.webp,,,,,,,,,,,
Orange tree house,family and bridal party,mkb-weddings-mkb-photography-northern-ireland-wedding-photography-orange-tree-house-greyabbey-wedding-photography-321_500.webp,,,,,,,,,,,
Orange tree house,family and bridal party,mkb-weddings-mkb-photography-northern-ireland-wedding-photography-orange-tree-house-greyabbey-wedding-photography-415_500.webp,,,,,,,,,,,
Orange tree house,family and bridal party,mkb-weddings-mkb-photography-northern-ireland-wedding-photography-orange-tree-house-greyabbey-wedding-photography-416_500.webp,,,,,,,,,,,
Orange tree house,family and bridal party,mkb-weddings-mkb-photography-northern-ireland-wedding-photography-orange-tree-house-greyabbey-wedding-photography-494_500.webp,,,,,,,,,,,
Orange tree house,family and bridal party,mkb-weddings-orange-tree-house-wedding-photographer-32_500.webp,,orange-tree-house,7,FALSE,,,,,,,
Orange tree house,family and bridal party,mkb-weddings-orange-tree-house-wedding-photographer-76_500.webp,,orange-tree-house,21,FALSE,,,,,,,
Orange tree house,family and bridal party,mkb-weddings-orange-tree-house-wedding-photographer-46_500.webp,,,,,,,,,,,
Orange tree house,family and bridal party,mkb-weddings-orange-tree-house-wedding-photographer-74_500.webp,,,,,,,,,,,
Orange tree house,getting ready,MKB_Photography-Northern-ireland-wedding-photography-northern-ireland-wedding-photographer-orange-tree-house-greyabbey-wedding-photography-104_500.webp,,,,,,,,,,,
Orange tree house,getting ready,MKB_Photography-Northern-ireland-wedding-photography-northern-ireland-wedding-photographer-orange-tree-house-greyabbey-wedding-photography-24_500.webp,,,,,,,,,,,
Orange tree house,getting ready,MKB_Photography-Northern-ireland-wedding-photography-northern-ireland-wedding-photographer-orange-tree-house-greyabbey-wedding-photography-32_500.webp,,,,,,,,,,,
Orange tree house,getting ready,MKB_Photography-Northern-ireland-wedding-photography-northern-ireland-wedding-photographer-orange-tree-house-greyabbey-wedding-photography-38_500.webp,,,,,,,,,,,
Orange tree house,getting ready,MKB_Photography-Northern-ireland-wedding-photography-northern-ireland-wedding-photographer-orange-tree-house-greyabbey-wedding-photography-4_500.webp,,,,,,,,,,,
Orange tree house,getting ready,MKB_Photography-Northern-ireland-wedding-photography-northern-ireland-wedding-photographer-orange-tree-house-greyabbey-wedding-photography-48_500.webp,,,,,,,,,,,
Orange tree house,getting ready,MKB_Photography-Northern-ireland-wedding-photography-northern-ireland-wedding-photographer-orange-tree-house-greyabbey-wedding-photography-56_500.webp,,,,,,,,,,,
Orange tree house,getting ready,MKB_Photography-Northern-ireland-wedding-photography-northern-ireland-wedding-photographer-orange-tree-house-greyabbey-wedding-photography-84_500.webp,,,,,,,,,,,
Orange tree house,getting ready,MKB_Photography-Northern-ireland-wedding-photography-northern-ireland-wedding-photographer-orange-tree-house-greyabbey-wedding-photography-86_500.webp,,,,,,,,,,,
Orange tree house,getting ready,MKB_Photography-Northern-ireland-wedding-photography-northern-ireland-wedding-photographer-orange-tree-house-greyabbey-wedding-photography-full-res-103_500.webp,,,,,,,,,,,
Orange tree house,getting ready,MKB_Photography-Northern-ireland-wedding-photography-northern-ireland-wedding-photographer-orange-tree-house-greyabbey-wedding-photography-full-res-47_500.webp,,,,,,,,,,,
Orange tree house,getting ready,MKB_Photography-Northern-ireland-wedding-photography-northern-ireland-wedding-photographer-orange-tree-house-greyabbey-wedding-photography-full-res-61_500.webp,,,,,,,,,,,
Orange tree house,getting ready,MKB_Photography-Northern-ireland-wedding-photography-northern-ireland-wedding-photographer-orange-tree-house-greyabbey-wedding-photography-full-res-88_500.webp,,,,,,,,,,,
Orange tree house,getting ready,MKB-weddings-mkb-photography-northern-ireland-wedding-photographer-orange-tree-house-greyabbey-wedding-photography-215_500.webp,,,,,,,,,,,
Orange tree house,getting ready,mkb-weddings-mkb-photography-northern-ireland-wedding-photography-orange-tree-house-greyabbey-wedding-photography-120_500.webp,,,,,,,,,,,
Orange tree house,getting ready,mkb-weddings-mkb-photography-northern-ireland-wedding-photography-orange-tree-house-greyabbey-wedding-photography-130_500.webp,,,,,,,,,,,
Orange tree house,getting ready,mkb-weddings-mkb-photography-northern-ireland-wedding-photography-orange-tree-house-greyabbey-wedding-photography-140 2_500.webp,,,,,,,,,,,
Orange tree house,getting ready,mkb-weddings-mkb-photography-northern-ireland-wedding-photography-orange-tree-house-greyabbey-wedding-photography-145_500.webp,,,,,,,,,,,
Orange tree house,getting ready,mkb-weddings-mkb-photography-northern-ireland-wedding-photography-orange-tree-house-greyabbey-wedding-photography-160_500.webp,,,,,,,,,,,
Orange tree house,getting ready,mkb-weddings-mkb-photography-northern-ireland-wedding-photography-orange-tree-house-greyabbey-wedding-photography-175_500.webp,,,,,,,,,,,
Orange tree house,getting ready,mkb-weddings-mkb-photography-northern-ireland-wedding-photography-orange-tree-house-greyabbey-wedding-photography-20_500.webp,,,,,,,,,,,
Orange tree house,getting ready,mkb-weddings-mkb-photography-northern-ireland-wedding-photography-orange-tree-house-greyabbey-wedding-photography-24_500.webp,,,,,,,,,,,
Orange tree house,getting ready,mkb-weddings-mkb-photography-northern-ireland-wedding-photography-orange-tree-house-greyabbey-wedding-photography-58_500.webp,,,,,,,,,,,
Orange tree house,getting ready,mkb-weddings-mkb-photography-northern-ireland-wedding-photography-orange-tree-house-greyabbey-wedding-photography-69_500.webp,,,,,,,,,,,
Orange tree house,getting ready,mkb-weddings-mkb-photography-northern-ireland-wedding-photography-orange-tree-house-greyabbey-wedding-photography-75_500.webp,,,,,,,,,,,
Orange tree house,getting ready,mkb-weddings-mkb-photography-northern-ireland-wedding-photography-orange-tree-house-greyabbey-wedding-photography-9_500.webp,,,,,,,,,,,
Orange tree house,getting ready,mkb-weddings-northern-ireland-wedding-photographer-orange-tree-house-greyabbey-wedding-photography-1.jpg_500.webp,,,,,,,,,,,
Orange tree house,getting ready,mkb-weddings-northern-ireland-wedding-photographer-orange-tree-house-greyabbey-wedding-photography-30_500.webp,,,,,,,,,,,
Orange tree house,getting ready,mkb-weddings-northern-ireland-wedding-photographer-orange-tree-house-greyabbey-wedding-photography-37_500.webp,,,,,,,,,,,
Orange tree house,getting ready,mkb-weddings-northern-ireland-wedding-photographer-orange-tree-house-greyabbey-wedding-photography-39_500.webp,,,,,,,,,,,
Orange tree house,getting ready,mkb-weddings-orange-tree-house-wedding-photographer-8_500.webp,,orange-tree-house,2,FALSE,,,,,,,
Orange tree house,getting ready,mkb-weddings-orange-tree-house-wedding-photographer-15_500.webp,,orange-tree-house,2,FALSE,,,,,,,
Orange tree house,getting ready,mkb-weddings-orange-tree-house-wedding-photographer-17_500.webp,,orange-tree-house,3,FALSE,,,,,,,
Orange tree house,getting ready,mkb-weddings-orange-tree-house-wedding-photographer-19_500.webp,,orange-tree-house,4,FALSE,,,,,,,
Orange tree house,reception and party,MKB_Photography-Northern-ireland-wedding-photography-northern-ireland-wedding-photographer-orange-tree-house-greyabbey-wedding-photography-432_500.webp,,,,,,,,,,,
Orange tree house,reception and party,MKB_Photography-Northern-ireland-wedding-photography-northern-ireland-wedding-photographer-orange-tree-house-greyabbey-wedding-photography-465_500.webp,,,,,,,,,,,
Orange tree house,reception and party,MKB_Photography-Northern-ireland-wedding-photography-northern-ireland-wedding-photographer-orange-tree-house-greyabbey-wedding-photography-525_500.webp,,,,,,,,,,,
Orange tree house,reception and party,MKB_Photography-Northern-ireland-wedding-photography-northern-ireland-wedding-photographer-orange-tree-house-greyabbey-wedding-photography-563_500.webp,,,,,,,,,,,
Orange tree house,reception and party,MKB_Photography-Northern-ireland-wedding-photography-northern-ireland-wedding-photographer-orange-tree-house-greyabbey-wedding-photography-full-res-404_500.webp,,,,,,,,,,,
Orange tree house,reception and party,MKB-weddings-mkb-photography-northern-ireland-wedding-photographer-orange-tree-house-greyabbey-wedding-photography-112_500.webp,,,,,,,,,,,
Orange tree house,reception and party,MKB-weddings-mkb-photography-northern-ireland-wedding-photographer-orange-tree-house-greyabbey-wedding-photography1_500.webp,,,,,,,,,,,
Orange tree house,reception and party,mkb-weddings-mkb-photography-northern-ireland-wedding-photography-orange-tree-house-greyabbey-wedding-photography-350_500.webp,,,,,,,,,,,
Orange tree house,reception and party,mkb-weddings-mkb-photography-northern-ireland-wedding-photography-orange-tree-house-greyabbey-wedding-photography-357_500.webp,,,,,,,,,,,
Orange tree house,reception and party,mkb-weddings-mkb-photography-northern-ireland-wedding-photography-orange-tree-house-greyabbey-wedding-photography-412_500.webp,,,,,,,,,,,
Orange tree house,reception and party,mkb-weddings-mkb-photography-northern-ireland-wedding-photography-orange-tree-house-greyabbey-wedding-photography-513_500.webp,,,,,,,,,,,
Orange tree house,reception and party,mkb-weddings-mkb-photography-northern-ireland-wedding-photography-orange-tree-house-greyabbey-wedding-photography-526_500.webp,,,,,,,,,,,
Orange tree house,reception and party,mkb-weddings-mkb-photography-northern-ireland-wedding-photography-orange-tree-house-greyabbey-wedding-photography-554_500.webp,,,,,,,,,,,
Orange tree house,reception and party,mkb-weddings-mkb-photography-northern-ireland-wedding-photography-orange-tree-house-greyabbey-wedding-photography-559_500.webp,,,,,,,,,,,
Orange tree house,reception and party,mkb-weddings-mkb-photography-northern-ireland-wedding-photography-orange-tree-house-greyabbey-wedding-photography-664_500.webp,,,,,,,,,,,
Orange tree house,reception and party,mkb-weddings-northern-ireland-wedding-photographer-orange-tree-house-greyabbey-wedding-photography-68_500.webp,,,,,,,,,,,
Orange tree house,reception and party,mkb-weddings-orange-tree-house-wedding-photographer-107_500.webp,,orange-tree-house,27,FALSE,,,,,,,
Orange tree house,reception and party,mkb-weddings-orange-tree-house-wedding-photographer-128_500.webp,,orange-tree-house,28,FALSE,,,,,,,
Orange tree house,reception and party,mkb-weddings-orange-tree-house-wedding-photographer-184-1_500.webp,,orange-tree-house,29,FALSE,,,,,,,
Orange tree house,reception and party,mkb-weddings-orange-tree-house-wedding-photographer-175_500.webp,,orange-tree-house,30,FALSE,,,,,,,
Orange tree house,reception and party,mkb-weddings-orange-tree-house-wedding-photographer-111-1_500.webp,,,,,,,,,,,
Orange tree house,reception and party,mkb-weddings-orange-tree-house-wedding-photographer-40_500.webp,,orange-tree-house,1,TRUE,Y,6,Y,1,,,
Orange tree house,reception and party,mkb-weddings-orange-tree-house-wedding-photographer-31_500.webp,,,,,,,,,,,
Orange tree house,reception and party,mkb-weddings-orange-tree-house-wedding-photographer-34_500.webp,,orange-tree-house,37,FALSE,,,,,,,
Orange tree house,reception and party,mkb-weddings-orange-tree-house-wedding-photographer-36-1_500.webp,,orange-tree-house,38,FALSE,,,,,,,
Orange tree house,reception and party,mkb-weddings-orange-tree-house-wedding-photographer-177_500.webp,,orange-tree-house,39,FALSE,,,,,,,
Rabbit hotel and spa,ceremony,MKB_weddings_mkb-photography-Ireland_Northen_ireland_Wedding_Photography_Rabbit-hotel-and-spa-templepatrick_Wedding_Photography_D&L-317_500.webp,,,,,,,,,,,
Rabbit hotel and spa,ceremony,MKB_weddings_mkb-photography-Ireland_Northen_ireland_Wedding_Photography_Rabbit-hotel-and-spa-templepatrick_Wedding_Photography_D&L-344_500.webp,,,,,,,,,,,
Rabbit hotel and spa,ceremony,MKB_weddings_mkb-photography-Ireland_Northen_ireland_Wedding_Photography_Rabbit-hotel-and-spa-templepatrick_Wedding_Photography_D&L-388_500.webp,,,,,,,,,,,
Rabbit hotel and spa,ceremony,mkb-weddings-mkb-photography-northerin-ireland-wedding-photographer-ni-wedding-supplier-rabbit-hotel-and-spa-templepatrick-wedding-photography-212_500.webp,,,,,,,,,,,
Rabbit hotel and spa,ceremony,mkb-weddings-mkb-photography-northerin-ireland-wedding-photographer-ni-wedding-supplier-rabbit-hotel-and-spa-templepatrick-wedding-photography-265_500.webp,,,,,,,,,,,
Rabbit hotel and spa,couple portraits,MKB-weddings-mkb-photography-northern-ireland-wedding-photographer-rabbit-hotel-and-spa-templepatrick-wedding-photography4_500.webp,creative-flash,,,,,,,,,,
Rabbit hotel and spa,couple portraits,MKB_weddings_mkb-photography-Ireland_Northen_ireland_Wedding_Photography_Rabbit-hotel-and-spa-templepatrick_Wedding_Photography_D&L-511_500.webp,creative-flash,,,,,,,,,,
Rabbit hotel and spa,couple portraits,MKB_weddings_mkb-photography-Ireland_Northen_ireland_Wedding_Photography_Rabbit-hotel-and-spa-templepatrick_Wedding_Photography_D&L-513_500.webp,creative-flash,,,,,,,,,,
Rabbit hotel and spa,couple portraits,MKB_weddings_mkb-photography-Ireland_Northen_ireland_Wedding_Photography_Rabbit-hotel-and-spa-templepatrick_Wedding_Photography_D&L-517_500.webp,,,,,,,,,,,
Rabbit hotel and spa,couple portraits,MKB_weddings_mkb-photography-Ireland_Northen_ireland_Wedding_Photography_Rabbit-hotel-and-spa-templepatrick_Wedding_Photography_D&L-527_500.webp,,,,,,,,,,,
Rabbit hotel and spa,couple portraits,MKB_weddings_mkb-photography-Ireland_Northen_ireland_Wedding_Photography_Rabbit-hotel-and-spa-templepatrick_Wedding_Photography_D&L-532_500.webp,,,,,,,,,,,
Rabbit hotel and spa,couple portraits,MKB_weddings_mkb-photography-Ireland_Northen_ireland_Wedding_Photography_Rabbit-hotel-and-spa-templepatrick_Wedding_Photography_D&L-618_500.webp,,,,,,,,,,,
Rabbit hotel and spa,couple portraits,MKB_weddings_mkb-photography-Ireland_Northen_ireland_Wedding_Photography_Rabbit-hotel-and-spa-templepatrick_Wedding_Photography_D&L-736_500.webp,,,,,,,,,,,
Rabbit hotel and spa,couple portraits,MKB_weddings_mkb-photography-Ireland_Northen_ireland_Wedding_Photography_Rabbit-hotel-and-spa-templepatrick_Wedding_Photography_D&L-738_500.webp,creative-flash,,,,,,,,,,
Rabbit hotel and spa,couple portraits,MKB_weddings_mkb-photography-Ireland_Northen_ireland_Wedding_Photography_Rabbit-hotel-and-spa-templepatrick_Wedding_Photography_D&L-740_500.webp,creative-flash,,,,,,,,,,
Rabbit hotel and spa,couple portraits,MKB_weddings_mkb-photography-Ireland_Northen_ireland_Wedding_Photography_Rabbit-hotel-and-spa-templepatrick_Wedding_Photography_D&L-742_500.webp,creative-flash,,,,,,,,,,
Rabbit hotel and spa,couple portraits,mkb-weddings-mkb-photography-northerin-ireland-wedding-photographer-ni-wedding-supplier-rabbit-hotel-and-spa-templepatrick-wedding-photography-159_500.webp,creative-flash,,,,,,,,,,
Rabbit hotel and spa,couple portraits,mkb-weddings-mkb-photography-northerin-ireland-wedding-photographer-ni-wedding-supplier-rabbit-hotel-and-spa-templepatrick-wedding-photography-172_500.webp,creative-flash,,,,,,,,,,
Rabbit hotel and spa,couple portraits,mkb-weddings-mkb-photography-northerin-ireland-wedding-photographer-ni-wedding-supplier-rabbit-hotel-and-spa-templepatrick-wedding-photography-322_500.webp,,,,,,,,,,,
Rabbit hotel and spa,couple portraits,mkb-weddings-mkb-photography-northerin-ireland-wedding-photographer-ni-wedding-supplier-rabbit-hotel-and-spa-templepatrick-wedding-photography-368_500.webp,,,,,,,,,,,
Rabbit hotel and spa,couple portraits,mkb-weddings-mkb-photography-northerin-ireland-wedding-photographer-ni-wedding-supplier-rabbit-hotel-and-spa-templepatrick-wedding-photography-402_500.webp,,,,,,,,,,,
Rabbit hotel and spa,couple portraits,mkb-weddings-mkb-photography-northerin-ireland-wedding-photographer-ni-wedding-supplier-rabbit-hotel-and-spa-templepatrick-wedding-photography-406_500.webp,,,,,,,,,,,
Rabbit hotel and spa,couple portraits,mkb-weddings-mkb-photography-northerin-ireland-wedding-photographer-ni-wedding-supplier-rabbit-hotel-and-spa-templepatrick-wedding-photography-412_500.webp,,,,,,,,,,,
Rabbit hotel and spa,couple portraits,mkb-weddings-mkb-photography-northerin-ireland-wedding-photographer-ni-wedding-supplier-rabbit-hotel-and-spa-templepatrick-wedding-photography-446_500.webp,,,,,,,,,,,
Rabbit hotel and spa,couple portraits,mkb-weddings-mkb-photography-northerin-ireland-wedding-photographer-ni-wedding-supplier-rabbit-hotel-and-spa-templepatrick-wedding-photography-455_500.webp,,,,,,,,,,,
Rabbit hotel and spa,couple portraits,MKB-weddings-mkb-photography-northern-ireland-wedding-photographer-rabbit-hotel-and-spa-templepatrick-wedding-photography1_500.webp,,,,,,,,,,,
Rabbit hotel and spa,couple portraits,MKB-weddings-mkb-photography-northern-ireland-wedding-photographer-rabbit-hotel-and-spa-templepatrick-wedding-photography5_500.webp,creative-flash,,,,,,,,,,
Rabbit hotel and spa,details and decor,mkb-weddings-mkb-photography-northerin-ireland-wedding-photographer-ni-wedding-supplier-rabbit-hotel-and-spa-templepatrick-wedding-photography-142_500.webp,,,,,,,,,,,
Rabbit hotel and spa,details and decor,MKB_weddings_mkb-photography-Ireland_Northen_ireland_Wedding_Photography_Rabbit-and-spa-templepatrick_Wedding_Photography_D&L-105_2000_500.webp,,,,,,,,,,,
Rabbit hotel and spa,family and bridal party,MKB_weddings_mkb-photography-Ireland_Northen_ireland_Wedding_Photography_Rabbit-hotel-and-spa-templepatrick_Wedding_Photography_D&L-497_500.webp,,,,,,,,,,,
Rabbit hotel and spa,getting ready,MKB_weddings_mkb-photography-Ireland_Northen_ireland_Wedding_Photography_Rabbit-hotel-and-spa-templepatrick_Wedding_Photography_D&L-108_500.webp,,,,,,,,,,,
Rabbit hotel and spa,getting ready,MKB_weddings_mkb-photography-Ireland_Northen_ireland_Wedding_Photography_Rabbit-hotel-and-spa-templepatrick_Wedding_Photography_D&L-186_500.webp,,,,,,,,,,,
Rabbit hotel and spa,getting ready,mkb-weddings-mkb-photography-northerin-ireland-wedding-photographer-ni-wedding-supplier-rabbit-hotel-and-spa-templepatrick-wedding-photography-103_500.webp,,,,,,,,,,,
Rabbit hotel and spa,getting ready,mkb-weddings-mkb-photography-northerin-ireland-wedding-photographer-ni-wedding-supplier-rabbit-hotel-and-spa-templepatrick-wedding-photography-143_500.webp,,,,,,,,,,,
Rabbit hotel and spa,getting ready,MKB-weddings-mkb-photography-northern-ireland-wedding-photographer-rabbit-hotel-and-spa-templepatrick-wedding-photography6_500.webp,,,,,,,,,,,
Rabbit hotel and spa,reception and party,MKB_weddings_mkb-photography-Ireland_Northen_ireland_Wedding_Photography_Rabbit-hotel-and-spa-templepatrick_Wedding_Photography_D&L-627_500.webp,,,,,,,,,,,
Rabbit hotel and spa,reception and party,MKB_weddings_mkb-photography-Ireland_Northen_ireland_Wedding_Photography_Rabbit-hotel-and-spa-templepatrick_Wedding_Photography_D&L-660_500.webp,,,,,,,,,,,
Rabbit hotel and spa,reception and party,mkb-weddings-mkb-photography-northerin-ireland-wedding-photographer-ni-wedding-supplier-rabbit-hotel-and-spa-templepatrick-wedding-photography-496_500.webp,,,,,,,,,,,
Rabbit hotel and spa,reception and party,mkb-weddings-mkb-photography-northerin-ireland-wedding-photographer-ni-wedding-supplier-rabbit-hotel-and-spa-templepatrick-wedding-photography-500_500.webp,,,,,,,,,,,
Rabbit hotel and spa,reception and party,MKB-weddings-mkb-photography-northern-ireland-wedding-photographer-rabbit-hotel-and-spa-templepatrick-wedding-photography2_500.webp,,,,,,,,,,,
Rabbit hotel and spa,reception and party,MKB-weddings-mkb-photography-northern-ireland-wedding-photographer-rabbit-hotel-and-spa-templepatrick-wedding-photography3_500.webp,,,,,,,,,,,
Rabbit hotel and spa,reception and party,mkb-weddings-northern-ireland-wedding-photographer-rabbit-hotel-templepatrick-wedding-photography-5_500.webp,,,,,,,,,,,
Redcastle hotel,couple portraits,mkb-weddings-irish-wedding-photographer-redcastle-hotel-moville-wedding-photography-24_500.webp,creative-flash,,,,,,,,,,
Redcastle hotel,couple portraits,MKB-weddings-mkb-photography-northern-ireland-wedding-photography-irish-weddings-redcastle-moville-wedding-photography-281_500.webp,creative-flash,,,,,,,,,,
Redcastle hotel,couple portraits,MKB-weddings-mkb-photography-northern-ireland-wedding-photography-irish-weddings-redcastle-moville-wedding-photography-141_500.webp,,,,,,,,,,,
Redcastle hotel,couple portraits,MKB_Photography-Northern-ireland-wedding-photography-northern-ireland-wedding-photographer-Redcastle-hotel-moville-wedding-photography-Full res-299_500.webp,,,,,,,,,,,
Redcastle hotel,couple portraits,MKB_Photography-Northern-ireland-wedding-photography-northern-ireland-wedding-photographer-Redcastle-hotel-moville-wedding-photography-Full res-361_500.webp,,,,,,,,,,,
Redcastle hotel,family and bridal party,MKB-weddings-mkb-photography-northern-ireland-wedding-photography-irish-weddings-redcastle-moville-wedding-photography-29_500.webp,,,,,,,,,,,
Redcastle hotel,family and bridal party,MKB_Photography-Northern-ireland-wedding-photography-northern-ireland-wedding-photographer-Redcastle-hotel-moville-wedding-photography-Full res-344_500.webp,,,,,,,,,,,
Redcastle hotel,getting ready,MKB-weddings-mkb-photography-northern-ireland-wedding-photography-irish-weddings-redcastle-moville-wedding-photography-54_500.webp,,,,,,,,,,,
Redcastle hotel,getting ready,MKB_Photography-Northern-ireland-wedding-photography-northern-ireland-wedding-photographer-Redcastle-hotel-moville-wedding-photography-Full res-230_500.webp,,,,,,,,,,,
Redcastle hotel,getting ready,MKB_Photography-Northern-ireland-wedding-photography-northern-ireland-wedding-photographer-Redcastle-hotel-moville-wedding-photography-Full res-235_500.webp,,,,,,,,,,,
Redcastle hotel,getting ready,MKB_Photography-Northern-ireland-wedding-photography-northern-ireland-wedding-photographer-Redcastle-hotel-moville-wedding-photography-Full res-254_500.webp,,,,,,,,,,,
Redcastle hotel,reception and party,MKB-weddings-mkb-photography-northern-ireland-wedding-photography-irish-weddings-redcastle-moville-wedding-photography-311_500.webp,,,,,,,,,,,
Redcastle hotel,reception and party,MKB-weddings-mkb-photography-northern-ireland-wedding-photography-irish-weddings-redcastle-moville-wedding-photography-320_500.webp,,,,,,,,,,,
Redcastle hotel,reception and party,MKB_Photography-Northern-ireland-wedding-photography-northern-ireland-wedding-photographer-Redcastle-hotel-moville-wedding-photography-Full res-320_500.webp,,,,,,,,,,,
Rocky mountain cottage,ceremony,mkb-weddings-mkb-photography-northern-ireland-wedding-photography-rocky-mountain-cottage-newry-wedding-photography-128_500.webp,,,,,,,,,,,
Rocky mountain cottage,ceremony,mkb-weddings-mkb-photography-northern-ireland-wedding-photography-rocky-mountain-cottage-newry-wedding-photography-147_500.webp,,,,,,,,,,,
Rocky mountain cottage,ceremony,mkb-weddings-mkb-photography-northern-ireland-wedding-photography-rocky-mountain-cottage-newry-wedding-photography-199_500.webp,,,,,,,,,,,
Rocky mountain cottage,couple portraits,mkb-weddings-mkb-photography-northern-ireland-wedding-photography-rocky-mountain-cottage-newry-wedding-photography-342_500.webp,,,,,,,,,,,
Rocky mountain cottage,couple portraits,mkb-weddings-mkb-photography-northern-ireland-wedding-photography-rocky-mountain-cottage-newry-wedding-photography-319_500.webp,,,,,,,,,,,
Rocky mountain cottage,couple portraits,mkb-weddings-mkb-photography-northern-ireland-wedding-photography-rocky-mountain-cottage-newry-wedding-photography-328_500.webp,,,,,,,,,,,
Rocky mountain cottage,couple portraits,mkb-weddings-mkb-photography-northern-ireland-wedding-photography-rocky-mountain-cottage-newry-wedding-photography-333_500.webp,,,,,,,,,,,
Rocky mountain cottage,couple portraits,mkb-weddings-mkb-photography-northern-ireland-wedding-photography-rocky-mountain-cottage-newry-wedding-photography-337_500.webp,,,,,,,,,,,
Rocky mountain cottage,couple portraits,mkb-weddings-mkb-photography-northern-ireland-wedding-photography-rocky-mountain-cottage-newry-wedding-photography-368_500.webp,creative-flash,,,,,,,,,,
Rocky mountain cottage,couple portraits,mkb-weddings-mkb-photography-northern-ireland-wedding-photography-rocky-mountain-cottage-newry-wedding-photography-371_500.webp,,,,,,,,,,,
Rocky mountain cottage,couple portraits,mkb-weddings-mkb-photography-northern-ireland-wedding-photography-rocky-mountain-cottage-newry-wedding-photography-400_500.webp,creative-flash,,,,,,,,,,
Rocky mountain cottage,couple portraits,mkb-weddings-mkb-photography-northern-ireland-wedding-photography-rocky-mountain-cottage-newry-wedding-photography-436_500.webp,,,,,,,,,,,
Rocky mountain cottage,couple portraits,mkb-weddings-mkb-photography-northern-ireland-wedding-photography-rocky-mountain-cottage-newry-wedding-photography-439_500.webp,creative-flash,,,,,,,,,,
Rocky mountain cottage,couple portraits,mkb-weddings-mkb-photography-northern-ireland-wedding-photography-rocky-mountain-cottage-newry-wedding-photography-445_500.webp,,,,,,,,,,,
Rocky mountain cottage,couple portraits,mkb-weddings-mkb-photography-northern-ireland-wedding-photography-rocky-mountain-cottage-newry-wedding-photography-362_500.webp,,,,,,,,,,,
Rocky mountain cottage,couple portraits,mkb-weddings-mkb-photography-northern-ireland-wedding-photography-rocky-mountain-cottage-newry-wedding-photography-440_500.webp,,,,,,,,,,,
Rocky mountain cottage,details and decor,mkb-weddings-mkb-photography-northern-ireland-wedding-photography-rocky-mountain-cottage-newry-wedding-photography-27_500.webp,,,,,,,,,,,
Rocky mountain cottage,details and decor,mkb-weddings-mkb-photography-northern-ireland-wedding-photography-rocky-mountain-cottage-newry-wedding-photography-343_500.webp,,,,,,,,,,,
Rocky mountain cottage,details and decor,mkb-weddings-mkb-photography-northern-ireland-wedding-photography-rocky-mountain-cottage-newry-wedding-photography-346_500.webp,,,,,,,,,,,
Rocky mountain cottage,details and decor,mkb-weddings-mkb-photography-northern-ireland-wedding-photography-rocky-mountain-cottage-newry-wedding-photography-347_500.webp,,,,,,,,,,,
Rocky mountain cottage,family and bridal party,mkb-weddings-mkb-photography-northern-ireland-wedding-photography-rocky-mountain-cottage-newry-wedding-photography-115_500.webp,,,,,,,,,,,
Rocky mountain cottage,family and bridal party,mkb-weddings-mkb-photography-northern-ireland-wedding-photography-rocky-mountain-cottage-newry-wedding-photography-311_500.webp,,,,,,,,,,,
Rocky mountain cottage,family and bridal party,mkb-weddings-mkb-photography-northern-ireland-wedding-photography-rocky-mountain-cottage-newry-wedding-photography-374_500.webp,,,,,,,,,,,
Rocky mountain cottage,family and bridal party,mkb-weddings-mkb-photography-northern-ireland-wedding-photography-rocky-mountain-cottage-newry-wedding-photography-398_500.webp,,,,,,,,,,,
Rocky mountain cottage,getting ready,mkb-weddings-mkb-photography-northern-ireland-wedding-photography-rocky-mountain-cottage-newry-wedding-photography-100_500.webp,,,,,,,,,,,
Rocky mountain cottage,getting ready,mkb-weddings-mkb-photography-northern-ireland-wedding-photography-rocky-mountain-cottage-newry-wedding-photography-11_500.webp,,,,,,,,,,,
Rocky mountain cottage,getting ready,mkb-weddings-mkb-photography-northern-ireland-wedding-photography-rocky-mountain-cottage-newry-wedding-photography-14_500.webp,,,,,,,,,,,
Rocky mountain cottage,getting ready,mkb-weddings-mkb-photography-northern-ireland-wedding-photography-rocky-mountain-cottage-newry-wedding-photography-34_500.webp,,,,,,,,,,,
Rocky mountain cottage,getting ready,mkb-weddings-mkb-photography-northern-ireland-wedding-photography-rocky-mountain-cottage-newry-wedding-photography-50_500.webp,,,,,,,,,,,
Rocky mountain cottage,reception and party,mkb-weddings-mkb-photography-northern-ireland-wedding-photography-rocky-mountain-cottage-newry-wedding-photography-345_500.webp,,,,,,,,,,,
Rocky mountain cottage,reception and party,mkb-weddings-mkb-photography-northern-ireland-wedding-photography-rocky-mountain-cottage-newry-wedding-photography-377_500.webp,,,,,,,,,,,
Rocky mountain cottage,reception and party,mkb-weddings-mkb-photography-northern-ireland-wedding-photography-rocky-mountain-cottage-newry-wedding-photography-376_500.webp,,,,,,,,,,,
Rocky mountain cottage,reception and party,mkb-weddings-mkb-photography-northern-ireland-wedding-photography-rocky-mountain-cottage-newry-wedding-photography-411_500.webp,,,,,,,,,,,
Rocky mountain cottage,reception and party,mkb-weddings-mkb-photography-northern-ireland-wedding-photography-rocky-mountain-cottage-newry-wedding-photography-425_500.webp,,,,,,,,,,,
Rocky mountain cottage,reception and party,mkb-weddings-mkb-photography-northern-ireland-wedding-photography-rocky-mountain-cottage-newry-wedding-photography-460_500.webp,,,,,,,,,,,
Rocky mountain cottage,reception and party,mkb-weddings-mkb-photography-northern-ireland-wedding-photography-rocky-mountain-cottage-newry-wedding-photography-492_500.webp,,,,,,,,,,,
Roe valley resort,couple portraits,MKB_weddings_Ireland_Northen_ireland_Wedding-photographer_northern-ireland_Wedding_Photography-roe-park-hotel-limavady-wedding-photography-391_500.webp,,,,,,,,,,,
Roe valley resort,couple portraits,MKB_weddings_Ireland_Northen_ireland_Wedding-photographer_northern-ireland_Wedding_Photography-roe-park-hotel-limavady-wedding-photography-404_500.webp,creative-flash,,,,,,,,,,
Roe valley resort,couple portraits,mkb-weddings-mkb-photography-northern-ireland-wedding-photography-roe-valley-resort-limavady-wedding-photography-366_500.webp,,,,,,,,,,,
Roe valley resort,couple portraits,mkb-weddings-mkb-photography-northern-ireland-wedding-photography-roe-valley-resort-limavady-wedding-photography-415_500.webp,creative-flash,,,,,,,,,,
Roe valley resort,couple portraits,mkb-weddings-mkb-photography-northern-ireland-wedding-photography-roe-valley-resort-limavady-wedding-photography-418_500.webp,creative-flash,,,,,,,,,,
Roe valley resort,couple portraits,mkb-weddings-mkb-photography-northern-ireland-wedding-photography-roe-valley-resort-limavady-wedding-photography-419_500.webp,creative-flash,,,,,,,,,,
Roe valley resort,couple portraits,mkb-weddings-mkb-photography-northern-ireland-wedding-photography-roe-valley-resort-limavady-wedding-photography-420_500.webp,creative-flash,,,,,,,,,,
Roe valley resort,couple portraits,mkb-weddings-mkb-photography-northern-ireland-wedding-photography-roe-valley-resort-limavady-wedding-photography-421_500.webp,creative-flash,,,,,,,,,,
Roe valley resort,couple portraits,mkb-weddings-mkb-photography-northern-ireland-wedding-photography-roe-valley-resort-limavady-wedding-photography-422_500.webp,,,,,,,,,,,
Roe valley resort,getting ready,mkb-weddings-mkb-photography-northern-ireland-wedding-photography-roe-valley-resort-limavady-wedding-photography-104_500.webp,,,,,,,,,,,
Roe valley resort,getting ready,mkb-weddings-mkb-photography-northern-ireland-wedding-photography-roe-valley-resort-limavady-wedding-photography-159_500.webp,,,,,,,,,,,
Roe valley resort,getting ready,mkb-weddings-mkb-photography-northern-ireland-wedding-photography-roe-valley-resort-limavady-wedding-photography-164_500.webp,,,,,,,,,,,
Ross Park,couple portraits,MKB-weddings-mkb-photography-northern-ireland-wedding-photographer-ross-park-ballymena-wedding-photography1_500.webp,creative-flash,,,,,,,,,,
Ross Park,couple portraits,MKB-weddings-mkb-photography-northern-ireland-wedding-photographer-ross-park-ballymena-wedding-photography2_500.webp,,,,,,,,,,,
Ross Park,couple portraits,MKB-weddings-mkb-photography-northern-ireland-wedding-photographer-ross-park-ballymena-wedding-photography3_500.webp,,,,,,,,,,,
Ross Park,couple portraits,MKB-weddings-mkb-photography-northern-ireland-wedding-photographer-ross-park-ballymena-wedding-photography4_500.webp,creative-flash,,,,,,,,,,
Ross Park,couple portraits,MKB-weddings-mkb-photography-northern-ireland-wedding-photographer-ross-park-ballymena-wedding-photography5_500.webp,creative-flash,,,,,,,,,,
Rossharbour resort,ceremony,mkb-weddings-mkb-photography-northern-ireland-wedding-photography-rossharbour-resort-wedding-photography--4_500.webp,,,,,,,,,,,
Rossharbour resort,ceremony,mkb-weddings-northern-ireland-wedding-photographer-rossharbour-resort-ennikillen-photography-288_500.webp,,,,,,,,,,,
Rossharbour resort,ceremony,mkb-weddings-northern-ireland-wedding-photographer-rossharbour-resort-ennikillen-photography-308_500.webp,,,,,,,,,,,
Rossharbour resort,ceremony,mkb-weddings-rossharbour-resort-wedding-photography-164_500.webp,,,,,,,,,,,
Rossharbour resort,ceremony,mkb-weddings-rossharbour-resort-wedding-photography-206_500.webp,,,,,,,,,,,
Rossharbour resort,ceremony,mkb-weddings-rossharbour-resort-wedding-photography-221_500.webp,,,,,,,,,,,
Rossharbour resort,ceremony,mkb-weddings-rossharbour-resort-wedding-photography-246_500.webp,,,,,,,,,,,
Rossharbour resort,ceremony,mkb-weddings-rossharbour-resort-wedding-photography-252_500.webp,,,,,,,,,,,
Rossharbour resort,ceremony,mkb-weddings-rossharbour-resort-wedding-photography-268_500.webp,,,,,,,,,,,
Rossharbour resort,couple portraits,MKB-weddings-mkb-photography-northern-ireland-wedding-photographer-ross-harbour-enniskillen-wedding-photography_500.webp,,,,,,,,,,,
Rossharbour resort,couple portraits,mkb-weddings-mkb-photography-northern-ireland-wedding-photography-rossharbour-resort-wedding-photography--5_500.webp,,,,,,,,,,,
Rossharbour resort,couple portraits,mkb-weddings-mkb-photography-northern-ireland-wedding-photography-rossharbour-resort-wedding-photography--6_500.webp,,,,,,,,,,,
Rossharbour resort,couple portraits,mkb-weddings-northern-ireland-wedding-photographer-rossharbour-resort-ennikillen-photography-394_500.webp,,,,,,,,,,,
Rossharbour resort,couple portraits,mkb-weddings-northern-ireland-wedding-photographer-rossharbour-resort-ennikillen-photography-410_500.webp,,,,,,,,,,,
Rossharbour resort,couple portraits,mkb-weddings-northern-ireland-wedding-photographer-rossharbour-resort-ennikillen-photography-450_500.webp,,,,,,,,,,,
Rossharbour resort,couple portraits,mkb-weddings-northern-ireland-wedding-photographer-rossharbour-resort-ennikillen-photography-457_500.webp,,,,,,,,,,,
Rossharbour resort,couple portraits,mkb-weddings-northern-ireland-wedding-photographer-rossharbour-resort-ennikillen-photography-476_500.webp,,,,,,,,,,,
Rossharbour resort,couple portraits,mkb-weddings-northern-ireland-wedding-photographer-rossharbour-resort-ennikillen-photography-477_500.webp,creative-flash,,,,,,,,,,
Rossharbour resort,couple portraits,mkb-weddings-northern-ireland-wedding-photographer-rossharbour-resort-ennikillen-photography-491_500.webp,,,,,,,,,,,
Rossharbour resort,couple portraits,mkb-weddings-northern-ireland-wedding-photographer-rossharbour-resort-ennikillen-photography-493_500.webp,,,,,,,,,,,
Rossharbour resort,couple portraits,mkb-weddings-northern-ireland-wedding-photographer-rossharbour-resort-ennikillen-photography-494_500.webp,,,,,,,,,,,
Rossharbour resort,couple portraits,mkb-weddings-rossharbour-resort-wedding-photography-348_500.webp,,,,,,,,,,,
Rossharbour resort,couple portraits,mkb-weddings-rossharbour-resort-wedding-photography-351_500.webp,,,,,,,,,,,
Rossharbour resort,couple portraits,mkb-weddings-rossharbour-resort-wedding-photography-356_500.webp,,,,,,,,,,,
Rossharbour resort,couple portraits,mkb-weddings-rossharbour-resort-wedding-photography-360_500.webp,,,,,,,,,,,
Rossharbour resort,couple portraits,mkb-weddings-rossharbour-resort-wedding-photography-363_500.webp,creative-flash,,,,,,,,,,
Rossharbour resort,couple portraits,mkb-weddings-rossharbour-resort-wedding-photography-378_500.webp,,,,,,,,,,,
Rossharbour resort,couple portraits,mkb-weddings-rossharbour-resort-wedding-photography-381_500.webp,,,,,,,,,,,
Rossharbour resort,couple portraits,mkb-weddings-rossharbour-resort-wedding-photography-390_500.webp,,,,,,,,,,,
Rossharbour resort,couple portraits,mkb-weddings-rossharbour-resort-wedding-photography-394_500.webp,,,,,,,,,,,
Rossharbour resort,couple portraits,mkb-weddings-rossharbour-resort-wedding-photography-704_500.webp,creative-flash,,,,,,,,,,
Rossharbour resort,details and decor,mkb-weddings-rossharbour-resort-wedding-photography-400_500.webp,,,,,,,,,,,
Rossharbour resort,details and decor,mkb-weddings-rossharbour-resort-wedding-photography-403_500.webp,,,,,,,,,,,
Rossharbour resort,details and decor,mkb-weddings-rossharbour-resort-wedding-photography-407_500.webp,,,,,,,,,,,
Rossharbour resort,details and decor,mkb-weddings-rossharbour-resort-wedding-photography-410_500.webp,,,,,,,,,,,
Rossharbour resort,details and decor,mkb-weddings-rossharbour-resort-wedding-photography-4_500.webp,,,,,,,,,,,
Rossharbour resort,details and decor,mkb-weddings-rossharbour-resort-wedding-photography-5_500.webp,,,,,,,,,,,
Rossharbour resort,family and bridal party,mkb-weddings-northern-ireland-wedding-photographer-rossharbour-resort-ennikillen-photography-546_500.webp,,,,,,,,,,,
Rossharbour resort,family and bridal party,mkb-weddings-rossharbour-resort-wedding-photography-366_500.webp,,,,,,,,,,,
Rossharbour resort,family and bridal party,mkb-weddings-rossharbour-resort-wedding-photography-369_500.webp,,,,,,,,,,,
Rossharbour resort,family and bridal party,mkb-weddings-rossharbour-resort-wedding-photography-431_500.webp,,,,,,,,,,,
Rossharbour resort,family and bridal party,mkb-weddings-rossharbour-resort-wedding-photography-433_500.webp,,,,,,,,,,,
Rossharbour resort,getting ready,mkb-weddings-mkb-photography-northern-ireland-wedding-photography-rossharbour-resort-wedding-photography--1_500.webp,,,,,,,,,,,
Rossharbour resort,getting ready,mkb-weddings-mkb-photography-northern-ireland-wedding-photography-rossharbour-resort-wedding-photography--2_500.webp,,,,,,,,,,,
Rossharbour resort,getting ready,mkb-weddings-mkb-photography-northern-ireland-wedding-photography-rossharbour-resort-wedding-photography--3_500.webp,,,,,,,,,,,
Rossharbour resort,getting ready,mkb-weddings-northern-ireland-wedding-photographer-rossharbour-resort-ennikillen-photography-183_500.webp,,,,,,,,,,,
Rossharbour resort,getting ready,mkb-weddings-rossharbour-resort-wedding-photography-22_500.webp,,,,,,,,,,,
Rossharbour resort,getting ready,mkb-weddings-rossharbour-resort-wedding-photography-30_500.webp,,,,,,,,,,,
Rossharbour resort,getting ready,mkb-weddings-rossharbour-resort-wedding-photography-40_500.webp,,,,,,,,,,,
Rossharbour resort,getting ready,mkb-weddings-rossharbour-resort-wedding-photography-48_500.webp,,,,,,,,,,,
Rossharbour resort,getting ready,mkb-weddings-rossharbour-resort-wedding-photography-69_500.webp,,,,,,,,,,,
Rossharbour resort,getting ready,mkb-weddings-rossharbour-resort-wedding-photography-91_500.webp,,,,,,,,,,,
Rossharbour resort,reception and party,mkb-weddings-rossharbour-resort-wedding-photography-464_500.webp,,,,,,,,,,,
Rossharbour resort,reception and party,mkb-weddings-rossharbour-resort-wedding-photography-585_500.webp,,,,,,,,,,,
Rossharbour resort,reception and party,mkb-weddings-rossharbour-resort-wedding-photography-607_500.webp,,,,,,,,,,,
Rossharbour resort,reception and party,mkb-weddings-rossharbour-resort-wedding-photography-621_500.webp,,,,,,,,,,,
Scrabo golf course,ceremony,MKB-weddings-Northern-ireland-wedding-photography-northern-ireland-wedding-photographer-scrabo-golf-course-newtownards-wedding-photography-231_500.webp,,,,,,,,,,,
Scrabo golf course,ceremony,MKB-weddings-Northern-ireland-wedding-photography-northern-ireland-wedding-photographer-scrabo-golf-course-newtownards-wedding-photography-436_500.webp,,,,,,,,,,,
Scrabo golf course,couple portraits,MKB-weddings-Northern-ireland-wedding-photography-northern-ireland-wedding-photographer-scrabo-golf-course-newtownards-wedding-photography-509_500.webp,,,,,,,,,,,
Scrabo golf course,couple portraits,MKB-weddings-Northern-ireland-wedding-photography-northern-ireland-wedding-photographer-scrabo-golf-course-newtownards-wedding-photography-565_500.webp,,,,,,,,,,,
Scrabo golf course,couple portraits,MKB-weddings-Northern-ireland-wedding-photography-northern-ireland-wedding-photographer-scrabo-golf-course-newtownards-wedding-photography-574_500.webp,,,,,,,,,,,
Scrabo golf course,couple portraits,MKB-weddings-Northern-ireland-wedding-photography-northern-ireland-wedding-photographer-scrabo-golf-course-newtownards-wedding-photography-585_500.webp,,,,,,,,,,,
Scrabo golf course,getting ready,MKB-weddings-Northern-ireland-wedding-photography-northern-ireland-wedding-photographer-scrabo-golf-course-newtownards-wedding-photography-109_500.webp,,,,,,,,,,,
Scrabo golf course,getting ready,MKB-weddings-Northern-ireland-wedding-photography-northern-ireland-wedding-photographer-scrabo-golf-course-newtownards-wedding-photography-188_500.webp,,,,,,,,,,,
Shandon Hotel,couple portraits,mkb-weddings-mkb-photography-northern-ireland-wedding-photography-shandon-hotel-marble-hill-donegal-wedding-photography-394_500.webp,,,,,,,,,,,
Shandon Hotel,couple portraits,mkb-weddings-mkb-photography-northern-ireland-wedding-photography-shandon-hotel-marble-hill-donegal-wedding-photography-400_500.webp,,,,,,,,,,,
Shandon Hotel,couple portraits,mkb-weddings-mkb-photography-northern-ireland-wedding-photography-shandon-hotel-marble-hill-donegal-wedding-photography-404_500.webp,,,,,,,,,,,
Shandon Hotel,couple portraits,mkb-weddings-mkb-photography-northern-ireland-wedding-photography-shandon-hotel-marble-hill-donegal-wedding-photography-415_500.webp,,,,,,,,,,,
Shandon Hotel,couple portraits,mkb-weddings-mkb-photography-northern-ireland-wedding-photography-shandon-hotel-marble-hill-donegal-wedding-photography-423_500.webp,,,,,,,,,,,
Shandon Hotel,details and decor,mkb-weddings-mkb-photography-northern-ireland-wedding-photography-shandon-hotel-marble-hill-donegal-wedding-photography-103_500.webp,,,,,,,,,,,
Shandon Hotel,details and decor,mkb-weddings-mkb-photography-northern-ireland-wedding-photography-shandon-hotel-marble-hill-donegal-wedding-photography-104_500.webp,,,,,,,,,,,
Shandon Hotel,getting ready,mkb-weddings-mkb-photography-northern-ireland-wedding-photography-shandon-hotel-marble-hill-donegal-wedding-photography-141_500.webp,,,,,,,,,,,
Shandon Hotel,getting ready,mkb-weddings-mkb-photography-northern-ireland-wedding-photography-shandon-hotel-marble-hill-donegal-wedding-photography-154_500.webp,,,,,,,,,,,
Shandon Hotel,getting ready,mkb-weddings-mkb-photography-northern-ireland-wedding-photography-shandon-hotel-marble-hill-donegal-wedding-photography-164_500.webp,,,,,,,,,,,
Shandon Hotel,reception and party,mkb-weddings-mkb-photography-northern-ireland-wedding-photography-shandon-hotel-marble-hill-donegal-wedding-photography-515_500.webp,,,,,,,,,,,
Slieve donard hotel,ceremony,mkb-weddings-mkb-photography-northern-ireland-wedding-photography-slieve-donard-hotel-newcastle-wedding-photography-19_500.webp,,,,,,,,,,,
Slieve donard hotel,ceremony,mkb-weddings-mkb-photography-northern-ireland-wedding-photography-slieve-donard-hotel-newcastle-wedding-photography-21-1_500.webp,,,,,,,,,,,
Slieve donard hotel,ceremony,mkb-weddings-mkb-photography-northern-ireland-wedding-photography-slieve-donard-hotel-newcastle-wedding-photography-48_500.webp,,,,,,,,,,,
Slieve donard hotel,ceremony,mkb-weddings-mkb-photography-northern-ireland-wedding-photography-slieve-donard-hotel-newcastle-wedding-photography-50-1_500.webp,,,,,,,,,,,
Slieve donard hotel,ceremony,mkb-weddings-mkb-photography-northern-ireland-wedding-photography-slieve-donard-hotel-newcastle-wedding-photography-59_500.webp,,,,,,,,,,,
Slieve donard hotel,ceremony,mkb-weddings-mkb-photography-northern-ireland-wedding-photography-slieve-donard-hotel-newcastle-wedding-photography-69_500.webp,,,,,,,,,,,
Slieve donard hotel,ceremony,mkb-weddings-mkb-photography-northern-ireland-wedding-photography-slieve-donard-hotel-newcastle-wedding-photography-9_500.webp,,,,,,,,,,,
Slieve donard hotel,ceremony,MKB-weddings-Northern-ireland-wedding-photography-northern-ireland-wedding-photographer-slieve-donard-hotel-newcastle-wedding-photography-259_500.webp,,,,,,,,,,,
Slieve donard hotel,couple portraits,mkb-weddings-mkb-photography-northern-ireland-wedding-photography-slieve-donard-hotel-newcastle-wedding-photography-12-1_500.webp,,,,,,,,,,,
Slieve donard hotel,couple portraits,MKB-weddings-mkb-photography-northern-ireland-wedding-photographer-slieve-donard-hotel-newcastle-wedding-photography2_500.webp,creative-flash,,,,Y,2,Y,3,,,
Slieve donard hotel,couple portraits,MKB-weddings-mkb-photography-northern-ireland-wedding-photographer-slieve-donard-hotel-newcastle-wedding-photography3_500.webp,creative-flash,,,,,,,,,,
Slieve donard hotel,couple portraits,mkb-weddings-mkb-photography-northern-ireland-wedding-photography-slieve-donard-hotel-newcastle-wedding-photography-10_500.webp,,,,,,,,,,,
Slieve donard hotel,couple portraits,mkb-weddings-mkb-photography-northern-ireland-wedding-photography-slieve-donard-hotel-newcastle-wedding-photography-101_500.webp,,,,,,,,,,,
Slieve donard hotel,couple portraits,mkb-weddings-mkb-photography-northern-ireland-wedding-photography-slieve-donard-hotel-newcastle-wedding-photography-102_500.webp,creative-flash,,,,,,,,,,
Slieve donard hotel,couple portraits,mkb-weddings-mkb-photography-northern-ireland-wedding-photography-slieve-donard-hotel-newcastle-wedding-photography-109_500.webp,,,,,,,,,,,
Slieve donard hotel,couple portraits,mkb-weddings-mkb-photography-northern-ireland-wedding-photography-slieve-donard-hotel-newcastle-wedding-photography-11_500.webp,,,,,,,,,,,
Slieve donard hotel,couple portraits,mkb-weddings-mkb-photography-northern-ireland-wedding-photography-slieve-donard-hotel-newcastle-wedding-photography-111_500.webp,,,,,,,,,,,
Slieve donard hotel,couple portraits,mkb-weddings-mkb-photography-northern-ireland-wedding-photography-slieve-donard-hotel-newcastle-wedding-photography-112_500.webp,creative-flash,,,,,,,,,,
Slieve donard hotel,couple portraits,mkb-weddings-mkb-photography-northern-ireland-wedding-photography-slieve-donard-hotel-newcastle-wedding-photography-3-1_500.webp,,,,,,,,,,,
Slieve donard hotel,couple portraits,mkb-weddings-mkb-photography-northern-ireland-wedding-photography-slieve-donard-hotel-newcastle-wedding-photography-4_500.webp,creative-flash,,,,Y,1,Y,1,,,
Slieve donard hotel,couple portraits,mkb-weddings-mkb-photography-northern-ireland-wedding-photography-slieve-donard-hotel-newcastle-wedding-photography-41_500.webp,,,,,,,,,,,
Slieve donard hotel,couple portraits,mkb-weddings-mkb-photography-northern-ireland-wedding-photography-slieve-donard-hotel-newcastle-wedding-photography-43_500.webp,,,,,,,,,,,
Slieve donard hotel,couple portraits,mkb-weddings-mkb-photography-northern-ireland-wedding-photography-slieve-donard-hotel-newcastle-wedding-photography-45_500.webp,,,,,,,,,,,
Slieve donard hotel,couple portraits,mkb-weddings-mkb-photography-northern-ireland-wedding-photography-slieve-donard-hotel-newcastle-wedding-photography-5-2_500.webp,,,,,,,,,,,
Slieve donard hotel,couple portraits,mkb-weddings-mkb-photography-northern-ireland-wedding-photography-slieve-donard-hotel-newcastle-wedding-photography-55_500.webp,,,,,,,,,,,
Slieve donard hotel,couple portraits,mkb-weddings-mkb-photography-northern-ireland-wedding-photography-slieve-donard-hotel-newcastle-wedding-photography-6-1_500.webp,,,,,,,,,,,
Slieve donard hotel,couple portraits,mkb-weddings-mkb-photography-northern-ireland-wedding-photography-slieve-donard-hotel-newcastle-wedding-photography-7_500.webp,,,,,,,,,,,
Slieve donard hotel,couple portraits,mkb-weddings-mkb-photography-northern-ireland-wedding-photography-slieve-donard-hotel-newcastle-wedding-photography-8_500.webp,,,,,,,,,,,
Slieve donard hotel,couple portraits,mkb-weddings-mkb-photography-northern-ireland-wedding-photography-slieve-donard-hotel-newcastle-wedding-photography-88_500.webp,,,,,,,,,,,
Slieve donard hotel,couple portraits,mkb-weddings-mkb-photography-northern-ireland-wedding-photography-slieve-donard-hotel-newcastle-wedding-photography-9-1_500.webp,,,,,,,,,,,
Slieve donard hotel,couple portraits,mkb-weddings-mkb-photography-northern-ireland-wedding-photography-slieve-donard-hotel-newcastle-wedding-photography-93_500.webp,,,,,,,,,,,
Slieve donard hotel,couple portraits,mkb-weddings-mkb-photography-northern-ireland-wedding-photography-slieve-donard-hotel-newcastle-wedding-photography-94_500.webp,creative-flash,,,,,,,,,,
Slieve donard hotel,couple portraits,mkb-weddings-mkb-photography-northern-ireland-wedding-photography-slieve-donard-hotel-newcastle-wedding-photography-97_500.webp,,,,,,,,,,,
Slieve donard hotel,couple portraits,MKB-weddings-Northern-ireland-wedding-photography-northern-ireland-wedding-photographer-slieve-donard-hotel-newcastle-wedding-photography-155_500.webp,,,,,,,,,,,
Slieve donard hotel,couple portraits,MKB-weddings-Northern-ireland-wedding-photography-northern-ireland-wedding-photographer-slieve-donard-hotel-newcastle-wedding-photography-158_500.webp,,,,,,,,,,,
Slieve donard hotel,couple portraits,MKB-weddings-Northern-ireland-wedding-photography-northern-ireland-wedding-photographer-slieve-donard-hotel-newcastle-wedding-photography-167_500.webp,creative-flash,,,,,,,,,,
Slieve donard hotel,couple portraits,MKB-weddings-Northern-ireland-wedding-photography-northern-ireland-wedding-photographer-slieve-donard-hotel-newcastle-wedding-photography-179_500.webp,,,,,,,,,,,
Slieve donard hotel,couple portraits,MKB-weddings-Northern-ireland-wedding-photography-northern-ireland-wedding-photographer-slieve-donard-hotel-newcastle-wedding-photography-191_500.webp,,,,,Y,4,,,,,
Slieve donard hotel,couple portraits,MKB-weddings-Northern-ireland-wedding-photography-northern-ireland-wedding-photographer-slieve-donard-hotel-newcastle-wedding-photography-192_500.webp,,,,,,,,,,,
Slieve donard hotel,couple portraits,MKB-weddings-Northern-ireland-wedding-photography-northern-ireland-wedding-photographer-slieve-donard-hotel-newcastle-wedding-photography-198_500.webp,,,,,,,,,,,
Slieve donard hotel,couple portraits,MKB-weddings-Northern-ireland-wedding-photography-northern-ireland-wedding-photographer-slieve-donard-hotel-newcastle-wedding-photography-202_500.webp,,,,,,,,,,,
Slieve donard hotel,couple portraits,MKB-weddings-Northern-ireland-wedding-photography-northern-ireland-wedding-photographer-slieve-donard-hotel-newcastle-wedding-photography-219_500.webp,,,,,,,,,,,
Slieve donard hotel,couple portraits,MKB-weddings-Northern-ireland-wedding-photography-northern-ireland-wedding-photographer-slieve-donard-hotel-newcastle-wedding-photography-274_500.webp,creative-flash,,,,,,,,,,
Slieve donard hotel,couple portraits,MKB-weddings-Northern-ireland-wedding-photography-northern-ireland-wedding-photographer-slieve-donard-hotel-newcastle-wedding-photography-277_500.webp,,,,,,,,,,,
Slieve donard hotel,couple portraits,MKB-weddings-Northern-ireland-wedding-photography-northern-ireland-wedding-photographer-slieve-donard-hotel-newcastle-wedding-photography-366_500.webp,,,,,Y,5,Y,6,,,
Slieve donard hotel,couple portraits,MKB-weddings-Northern-ireland-wedding-photography-northern-ireland-wedding-photographer-slieve-donard-hotel-newcastle-wedding-photography-367_500.webp,creative-flash,,,,Y,3,Y,1,,,
Slieve donard hotel,details and decor,mkb-weddings-mkb-photography-northern-ireland-wedding-photography-slieve-donard-hotel-newcastle-wedding-photography-120_500.webp,,,,,,,,,,,
Slieve donard hotel,details and decor,mkb-weddings-mkb-photography-northern-ireland-wedding-photography-slieve-donard-hotel-newcastle-wedding-photography-13-1_500.webp,,,,,,,,,,,
Slieve donard hotel,details and decor,mkb-weddings-mkb-photography-northern-ireland-wedding-photography-slieve-donard-hotel-newcastle-wedding-photography-175_500.webp,,,,,,,,,,,
Slieve donard hotel,details and decor,mkb-weddings-mkb-photography-northern-ireland-wedding-photography-slieve-donard-hotel-newcastle-wedding-photography-176_500.webp,,,,,,,,,,,
Slieve donard hotel,family and bridal party,MKB-weddings-mkb-photography-northern-ireland-wedding-photographer-slieve-donard-hotel-newcastle-wedding-photography4_500.webp,,,,,,,,,,,
Slieve donard hotel,family and bridal party,mkb-weddings-mkb-photography-northern-ireland-wedding-photography-slieve-donard-hotel-newcastle-wedding-photography-26-1_500.webp,,,,,,,,,,,
Slieve donard hotel,family and bridal party,MKB-weddings-Northern-ireland-wedding-photography-northern-ireland-wedding-photographer-slieve-donard-hotel-newcastle-wedding-photography-129_500.webp,,,,,,,,,,,
Slieve donard hotel,getting ready,mkb-weddings-mkb-photography-northern-ireland-wedding-photography-slieve-donard-hotel-newcastle-wedding-photography-12_500.webp,,,,,,,,,,,
Slieve donard hotel,getting ready,mkb-weddings-mkb-photography-northern-ireland-wedding-photography-slieve-donard-hotel-newcastle-wedding-photography-13_500.webp,,,,,,,,,,,
Slieve donard hotel,getting ready,mkb-weddings-mkb-photography-northern-ireland-wedding-photography-slieve-donard-hotel-newcastle-wedding-photography-14_500.webp,,,,,,,,,,,
Slieve donard hotel,getting ready,mkb-weddings-mkb-photography-northern-ireland-wedding-photography-slieve-donard-hotel-newcastle-wedding-photography-14-1_500.webp,,,,,,,,,,,
Slieve donard hotel,getting ready,mkb-weddings-mkb-photography-northern-ireland-wedding-photography-slieve-donard-hotel-newcastle-wedding-photography-15_500.webp,,,,,,,,,,,
Slieve donard hotel,getting ready,mkb-weddings-mkb-photography-northern-ireland-wedding-photography-slieve-donard-hotel-newcastle-wedding-photography-17_500.webp,,,,,,,,,,,
Slieve donard hotel,getting ready,mkb-weddings-mkb-photography-northern-ireland-wedding-photography-slieve-donard-hotel-newcastle-wedding-photography-22_500.webp,,,,,,,,,,,
Slieve donard hotel,getting ready,mkb-weddings-mkb-photography-northern-ireland-wedding-photography-slieve-donard-hotel-newcastle-wedding-photography-26_500.webp,,,,,,,,,,,
Slieve donard hotel,getting ready,mkb-weddings-mkb-photography-northern-ireland-wedding-photography-slieve-donard-hotel-newcastle-wedding-photography-29_500.webp,,,,,,,,,,,
Slieve donard hotel,getting ready,mkb-weddings-mkb-photography-northern-ireland-wedding-photography-slieve-donard-hotel-newcastle-wedding-photography-3_500.webp,,,,,,,,,,,
Slieve donard hotel,getting ready,mkb-weddings-mkb-photography-northern-ireland-wedding-photography-slieve-donard-hotel-newcastle-wedding-photography-35_500.webp,,,,,,,,,,,
Slieve donard hotel,getting ready,mkb-weddings-mkb-photography-northern-ireland-wedding-photography-slieve-donard-hotel-newcastle-wedding-photography-5_500.webp,,,,,,,,,,,
Slieve donard hotel,getting ready,mkb-weddings-mkb-photography-northern-ireland-wedding-photography-slieve-donard-hotel-newcastle-wedding-photography-5-1_500.webp,,,,,,,,,,,
Slieve donard hotel,getting ready,mkb-weddings-mkb-photography-northern-ireland-wedding-photography-slieve-donard-hotel-newcastle-wedding-photography-50_500.webp,,,,,,,,,,,
Slieve donard hotel,getting ready,mkb-weddings-mkb-photography-northern-ireland-wedding-photography-slieve-donard-hotel-newcastle-wedding-photography-53_500.webp,,,,,,,,,,,
Slieve donard hotel,getting ready,mkb-weddings-mkb-photography-northern-ireland-wedding-photography-slieve-donard-hotel-newcastle-wedding-photography-53-1_500.webp,,,,,,,,,,,
Slieve donard hotel,getting ready,mkb-weddings-mkb-photography-northern-ireland-wedding-photography-slieve-donard-hotel-newcastle-wedding-photography-6_500.webp,,,,,,,,,,,
Slieve donard hotel,getting ready,MKB-weddings-Northern-ireland-wedding-photography-northern-ireland-wedding-photographer-slieve-donard-hotel-newcastle-wedding-photography-100_500.webp,,,,,,,,,,,
Slieve donard hotel,getting ready,MKB-weddings-Northern-ireland-wedding-photography-northern-ireland-wedding-photographer-slieve-donard-hotel-newcastle-wedding-photography-106_500.webp,,,,,,,,,,,
Slieve donard hotel,getting ready,MKB-weddings-Northern-ireland-wedding-photography-northern-ireland-wedding-photographer-slieve-donard-hotel-newcastle-wedding-photography-113_500.webp,,,,,,,,,,,
Slieve donard hotel,getting ready,MKB-weddings-Northern-ireland-wedding-photography-northern-ireland-wedding-photographer-slieve-donard-hotel-newcastle-wedding-photography-114_500.webp,,,,,,,,,,,
Slieve donard hotel,getting ready,MKB-weddings-Northern-ireland-wedding-photography-northern-ireland-wedding-photographer-slieve-donard-hotel-newcastle-wedding-photography-123_500.webp,,,,,,,,,,,
Slieve donard hotel,getting ready,MKB-weddings-Northern-ireland-wedding-photography-northern-ireland-wedding-photographer-slieve-donard-hotel-newcastle-wedding-photography-149_500.webp,,,,,,,,,,,
Slieve donard hotel,getting ready,MKB-weddings-Northern-ireland-wedding-photography-northern-ireland-wedding-photographer-slieve-donard-hotel-newcastle-wedding-photography-170_500.webp,,,,,,,,,,,
Slieve donard hotel,getting ready,MKB-weddings-Northern-ireland-wedding-photography-northern-ireland-wedding-photographer-slieve-donard-hotel-newcastle-wedding-photography-187_500.webp,,,,,,,,,,,
Slieve donard hotel,reception and party,MKB-weddings-mkb-photography-northern-ireland-wedding-photographer-slieve-donard-hotel-newcastle-wedding-photography1_500.webp,,,,,,,,,,,
Slieve donard hotel,reception and party,mkb-weddings-mkb-photography-northern-ireland-wedding-photography-slieve-donard-hotel-newcastle-wedding-photography-149_500.webp,,,,,,,,,,,
Slieve donard hotel,reception and party,mkb-weddings-mkb-photography-northern-ireland-wedding-photography-slieve-donard-hotel-newcastle-wedding-photography-161_500.webp,,,,,,,,,,,
Slieve donard hotel,reception and party,mkb-weddings-mkb-photography-northern-ireland-wedding-photography-slieve-donard-hotel-newcastle-wedding-photography-17-1_500.webp,,,,,,,,,,,
Slieve donard hotel,reception and party,mkb-weddings-mkb-photography-northern-ireland-wedding-photography-slieve-donard-hotel-newcastle-wedding-photography-183_500.webp,,,,,,,,,,,
Slieve donard hotel,reception and party,mkb-weddings-mkb-photography-northern-ireland-wedding-photography-slieve-donard-hotel-newcastle-wedding-photography-190_500.webp,,,,,,,,,,,
Slieve donard hotel,reception and party,mkb-weddings-mkb-photography-northern-ireland-wedding-photography-slieve-donard-hotel-newcastle-wedding-photography-193_500.webp,,,,,,,,,,,
Slieve donard hotel,reception and party,mkb-weddings-mkb-photography-northern-ireland-wedding-photography-slieve-donard-hotel-newcastle-wedding-photography-198_500.webp,,,,,,,,,,,
Slieve donard hotel,reception and party,mkb-weddings-mkb-photography-northern-ireland-wedding-photography-slieve-donard-hotel-newcastle-wedding-photography-200_500.webp,,,,,,,,,,,
Slieve donard hotel,reception and party,mkb-weddings-mkb-photography-northern-ireland-wedding-photography-slieve-donard-hotel-newcastle-wedding-photography-205_500.webp,,,,,,,,,,,
Slieve donard hotel,reception and party,mkb-weddings-mkb-photography-northern-ireland-wedding-photography-slieve-donard-hotel-newcastle-wedding-photography-21_500.webp,,,,,,,,,,,
Slieve donard hotel,reception and party,mkb-weddings-mkb-photography-northern-ireland-wedding-photography-slieve-donard-hotel-newcastle-wedding-photography-211_500.webp,,,,,,,,,,,
Slieve donard hotel,reception and party,mkb-weddings-mkb-photography-northern-ireland-wedding-photography-slieve-donard-hotel-newcastle-wedding-photography-214_500.webp,,,,,,,,,,,
Slieve donard hotel,reception and party,mkb-weddings-mkb-photography-northern-ireland-wedding-photography-slieve-donard-hotel-newcastle-wedding-photography-215_500.webp,,,,,,,,,,,
Slieve donard hotel,reception and party,mkb-weddings-mkb-photography-northern-ireland-wedding-photography-slieve-donard-hotel-newcastle-wedding-photography-33_500.webp,,,,,,,,,,,
Slieve donard hotel,reception and party,mkb-weddings-mkb-photography-northern-ireland-wedding-photography-slieve-donard-hotel-newcastle-wedding-photography-34_500.webp,,,,,,,,,,,
Slieve donard hotel,reception and party,mkb-weddings-mkb-photography-northern-ireland-wedding-photography-slieve-donard-hotel-newcastle-wedding-photography-36_500.webp,,,,,,,,,,,
Slieve donard hotel,reception and party,mkb-weddings-mkb-photography-northern-ireland-wedding-photography-slieve-donard-hotel-newcastle-wedding-photography-38_500.webp,,,,,,,,,,,
Slieve donard hotel,reception and party,mkb-weddings-mkb-photography-northern-ireland-wedding-photography-slieve-donard-hotel-newcastle-wedding-photography-39_500.webp,,,,,,,,,,,
Slieve donard hotel,reception and party,mkb-weddings-mkb-photography-northern-ireland-wedding-photography-slieve-donard-hotel-newcastle-wedding-photography-44_500.webp,,,,,,,,,,,
Slieve donard hotel,reception and party,mkb-weddings-mkb-photography-northern-ireland-wedding-photography-slieve-donard-hotel-newcastle-wedding-photography-81_500.webp,,,,,,,,,,,
Slieve donard hotel,reception and party,mkb-weddings-mkb-photography-northern-ireland-wedding-photography-slieve-donard-hotel-newcastle-wedding-photography-83_500.webp,,,,,,,,,,,
Slieve donard hotel,reception and party,MKB-weddings-Northern-ireland-wedding-photography-northern-ireland-wedding-photographer-slieve-donard-hotel-newcastle-wedding-photography-280_500.webp,,,,,,,,,,,
Slieve donard hotel,reception and party,MKB-weddings-Northern-ireland-wedding-photography-northern-ireland-wedding-photographer-slieve-donard-hotel-newcastle-wedding-photography-291_500.webp,,,,,,,,,,,
Slieve donard hotel,reception and party,MKB-weddings-Northern-ireland-wedding-photography-northern-ireland-wedding-photographer-slieve-donard-hotel-newcastle-wedding-photography-355_500.webp,,,,,,,,,,,
Slieve donard hotel,reception and party,MKB-weddings-Northern-ireland-wedding-photography-northern-ireland-wedding-photographer-slieve-donard-hotel-newcastle-wedding-photography-375_500.webp,,,,,,,,,,,
Slieve donard hotel,reception and party,MKB-weddings-Northern-ireland-wedding-photography-northern-ireland-wedding-photographer-slieve-donard-hotel-newcastle-wedding-photography-408_500.webp,,,,,,,,,,,
Slieve donard hotel,reception and party,MKB-weddings-Northern-ireland-wedding-photography-northern-ireland-wedding-photographer-slieve-donard-hotel-newcastle-wedding-photography-440_500.webp,,,,,,,,,,,
Slieve donard hotel,reception and party,MKB-weddings-Northern-ireland-wedding-photography-northern-ireland-wedding-photographer-slieve-donard-hotel-newcastle-wedding-photography-452_500.webp,,,,,,,,,,,
Slieve Russell,ceremony,mkb-weddings-mkb-photography-ireland-northern-ireland-wedding-photographer-slieve-russell-wedding-photography-308_500.webp,,,,,,,,,,,
Slieve Russell,couple portraits,mkb-weddings-mkb-photography-ireland-northern-ireland-wedding-photographer-slieve-russell-wedding-photography-353_500.webp,creative-flash,,,,,,,,,,
Slieve Russell,couple portraits,mkb-weddings-mkb-photography-ireland-northern-ireland-wedding-photographer-slieve-russell-wedding-photography-358_500.webp,,,,,,,,,,,
Slieve Russell,couple portraits,mkb-weddings-mkb-photography-ireland-northern-ireland-wedding-photographer-slieve-russell-wedding-photography-367_500.webp,,,,,,,,,,,
Slieve Russell,couple portraits,mkb-weddings-mkb-photography-ireland-northern-ireland-wedding-photographer-slieve-russell-wedding-photography-371_500.webp,,,,,,,,,,,
Slieve Russell,couple portraits,mkb-weddings-mkb-photography-ireland-northern-ireland-wedding-photographer-slieve-russell-wedding-photography-381_500.webp,,,,,,,,,,,
Slieve Russell,couple portraits,mkb-weddings-mkb-photography-ireland-northern-ireland-wedding-photographer-slieve-russell-wedding-photography-390_500.webp,,,,,,,,,,,
Slieve Russell,couple portraits,mkb-weddings-mkb-photography-ireland-northern-ireland-wedding-photographer-slieve-russell-wedding-photography-392_500.webp,,,,,,,,,,,
Slieve Russell,couple portraits,mkb-weddings-mkb-photography-ireland-northern-ireland-wedding-photographer-slieve-russell-wedding-photography-394_500.webp,creative-flash,,,,,,,,,,
Slieve Russell,couple portraits,mkb-weddings-mkb-photography-ireland-northern-ireland-wedding-photographer-slieve-russell-wedding-photography-395_500.webp,,,,,,,,,,,
Slieve Russell,couple portraits,MKB-weddings-mkb-photography-northern-ireland-wedding-photographer-slieve-russell-wedding-photography2_500.webp,,,,,,,,,,,
Slieve Russell,couple portraits,MKB-weddings-mkb-photography-northern-ireland-wedding-photographer-slieve-russell-wedding-photography3_500.webp,creative-flash,,,,,,,,,,
Slieve Russell,couple portraits,MKB-weddings-mkb-photography-northern-ireland-wedding-photographer-slieve-russell-wedding-photography4_500.webp,creative-flash,,,,,,,,,,
Slieve Russell,couple portraits,MKB-weddings-mkb-photography-northern-ireland-wedding-photographer-slieve-russell-wedding-photography5_500.webp,,,,,,,,,,,
Slieve Russell,couple portraits,MKB-weddings-mkb-photography-northern-ireland-wedding-photographer-slieve-russell-wedding-photography6_500.webp,,,,,,,,,,,
Slieve Russell,couple portraits,MKB-weddings-mkb-photography-northern-ireland-wedding-photographer-slieve-russell-wedding-photography7_500.webp,,,,,,,,,,,
Slieve Russell,family and bridal party,MKB-weddings-mkb-photography-northern-ireland-wedding-photographer-slieve-russell-wedding-photography1_500.webp,,,,,,,,,,,
Slieve Russell,getting ready,mkb-weddings-mkb-photography-ireland-northern-ireland-wedding-photographer-slieve-russell-wedding-photography-113_500.webp,,,,,,,,,,,
Slieve Russell,getting ready,mkb-weddings-mkb-photography-ireland-northern-ireland-wedding-photographer-slieve-russell-wedding-photography-131_500.webp,,,,,,,,,,,
Slieve Russell,getting ready,mkb-weddings-mkb-photography-ireland-northern-ireland-wedding-photographer-slieve-russell-wedding-photography-145_500.webp,,,,,,,,,,,
Slieve Russell,getting ready,MKB-weddings-mkb-photography-northern-ireland-wedding-photographer-slieve-russell-wedding-photography8_500.webp,,,,,,,,,,,
Slieve Russell,getting ready,MKB-weddings-mkb-photography-northern-ireland-wedding-photographer-slieve-russell-wedding-photography9_500.webp,,,,,,,,,,,
Slieve Russell,reception and party,mkb-weddings-mkb-photography-ireland-northern-ireland-wedding-photographer-slieve-russell-wedding-photography-463_500.webp,,,,,,,,,,,
Slieve Russell,reception and party,mkb-weddings-mkb-photography-ireland-northern-ireland-wedding-photographer-slieve-russell-wedding-photography-515_500.webp,,,,,,,,,,,
Slieve Russell,reception and party,mkb-weddings-mkb-photography-ireland-northern-ireland-wedding-photographer-slieve-russell-wedding-photography-573_500.webp,,,,,,,,,,,
Stormont,ceremony,MKB-weddings-mkb-photography-northern-ireland-wedding-photographer-stormont-belfast-wedding-photography3_500.webp,,,,,,,,,,,
Stormont,ceremony,MKB-weddings-mkb-photography-northern-ireland-wedding-photographer-stormont-belfast-wedding-photography4_500.webp,,,,,,,,,,,
Stormont,ceremony,mkb-weddings-stormont-hotel-wedding-photographer--145_500.webp,,,,,,,,,,,
Stormont,ceremony,mkb-weddings-stormont-hotel-wedding-photographer--176_500.webp,,,,,,,,,,,
Stormont,ceremony,mkb-weddings-stormont-hotel-wedding-photographer--182_500.webp,,,,,,,,,,,
Stormont,ceremony,mkb-weddings-stormont-hotel-wedding-photographer--189_500.webp,,,,,,,,,,,
Stormont,ceremony,mkb-weddings-stormont-hotel-wedding-photographer--209_500.webp,,,,,,,,,,,
Stormont,ceremony,mkb-weddings-stormont-hotel-wedding-photographer--215_500.webp,,,,,,,,,,,
Stormont,ceremony,mkb-weddings-stormont-hotel-wedding-photographer--230_500.webp,,,,,,,,,,,
Stormont,ceremony,mkb-weddings-stormont-hotel-wedding-photographer--232_500.webp,,,,,,,,,,,
Stormont,ceremony,mkb-weddings-stormont-hotel-wedding-photographer--233_500.webp,,,,,,,,,,,
Stormont,couple portraits,MKB-weddings-mkb-photography-northern-ireland-wedding-photographer-stormont-belfast-wedding-photography2_500.webp,creative-flash,,,,,,,,,,
Stormont,couple portraits,mkb-weddings-mkb-photography-northern-ireland-wedding-photography-stormont-hotel-belfast-wedding-photography--3_500.webp,,,,,,,,,,,
Stormont,couple portraits,mkb-weddings-mkb-photography-northern-ireland-wedding-photography-stormont-hotel-belfast-wedding-photography--4_500.webp,,,,,,,,,,,
Stormont,couple portraits,mkb-weddings-mkb-photography-northern-ireland-wedding-photography-stormont-hotel-belfast-wedding-photography--5_500.webp,,,,,,,,,,,
Stormont,couple portraits,mkb-weddings-mkb-photography-northern-ireland-wedding-photography-stormont-hotel-belfast-wedding-photography--6_500.webp,creative-flash,,,,,,,,,,
Stormont,couple portraits,mkb-weddings-mkb-photography-northern-ireland-wedding-photography-stormont-hotel-belfast-wedding-photography--7_500.webp,,,,,,,,,,,
Stormont,couple portraits,mkb-weddings-mkb-photography-northern-ireland-wedding-photography-stormont-hotel-belfast-wedding-photography--8_500.webp,,,,,,,,,,,
Stormont,couple portraits,mkb-weddings-stormont-hotel-wedding-photographer--238_500.webp,,,,,,,,,,,
Stormont,couple portraits,mkb-weddings-stormont-hotel-wedding-photographer--241_500.webp,,,,,,,,,,,
Stormont,couple portraits,mkb-weddings-stormont-hotel-wedding-photographer--264_500.webp,,,,,,,,,,,
Stormont,couple portraits,mkb-weddings-stormont-hotel-wedding-photographer--280_500.webp,,,,,,,,,,,
Stormont,couple portraits,mkb-weddings-stormont-hotel-wedding-photographer--282_500.webp,,,,,,,,,,,
Stormont,couple portraits,mkb-weddings-stormont-hotel-wedding-photographer--283_500.webp,,,,,,,,,,,
Stormont,couple portraits,mkb-weddings-stormont-hotel-wedding-photographer--284_500.webp,,,,,,,,,,,
Stormont,couple portraits,mkb-weddings-stormont-hotel-wedding-photographer--287_500.webp,,,,,,,,,,,
Stormont,couple portraits,mkb-weddings-stormont-hotel-wedding-photographer--289_500.webp,,,,,,,,,,,
Stormont,couple portraits,mkb-weddings-stormont-hotel-wedding-photographer--291_500.webp,,,,,,,,,,,
Stormont,couple portraits,mkb-weddings-stormont-hotel-wedding-photographer--292_500.webp,,,,,,,,,,,
Stormont,couple portraits,mkb-weddings-stormont-hotel-wedding-photographer--293_500.webp,,,,,,,,,,,
Stormont,couple portraits,mkb-weddings-stormont-hotel-wedding-photographer--295_500.webp,,,,,,,,,,,
Stormont,couple portraits,mkb-weddings-stormont-hotel-wedding-photographer--297_500.webp,,,,,,,,,,,
Stormont,couple portraits,mkb-weddings-stormont-hotel-wedding-photographer--298_500.webp,,,,,,,,,,,
Stormont,couple portraits,mkb-weddings-stormont-hotel-wedding-photographer--303_500.webp,,,,,,,,,,,
Stormont,couple portraits,mkb-weddings-stormont-hotel-wedding-photographer--304_500.webp,,,,,,,,,,,
Stormont,couple portraits,mkb-weddings-stormont-hotel-wedding-photographer--307_500.webp,,,,,,,,,,,
Stormont,couple portraits,mkb-weddings-stormont-hotel-wedding-photographer--311_500.webp,,,,,,,,,,,
Stormont,couple portraits,mkb-weddings-stormont-hotel-wedding-photographer--313_500.webp,,,,,,,,,,,
Stormont,couple portraits,mkb-weddings-stormont-hotel-wedding-photographer--314_500.webp,,,,,,,,,,,
Stormont,details and decor,MKB-weddings-mkb-photography-northern-ireland-wedding-photographer-stormont-belfast-wedding-photography5_500.webp,,,,,,,,,,,
Stormont,details and decor,mkb-weddings-stormont-hotel-wedding-photographer--2_500.webp,,,,,,,,,,,
Stormont,details and decor,mkb-weddings-stormont-hotel-wedding-photographer--277_500.webp,,,,,,,,,,,
Stormont,details and decor,mkb-weddings-stormont-hotel-wedding-photographer--316_500.webp,,,,,,,,,,,
Stormont,details and decor,mkb-weddings-stormont-hotel-wedding-photographer--317_500.webp,,,,,,,,,,,
Stormont,details and decor,mkb-weddings-stormont-hotel-wedding-photographer--6_500.webp,,,,,,,,,,,
Stormont,details and decor,mkb-weddings-stormont-hotel-wedding-photographer--7_500.webp,,,,,,,,,,,
Stormont,details and decor,mkb-weddings-stormont-hotel-wedding-photographer--88_500.webp,,,,,,,,,,,
Stormont,details and decor,mkb-weddings-stormont-hotel-wedding-photographer--90_500.webp,,,,,,,,,,,
Stormont,family and bridal party,mkb-weddings-mkb-photography-northern-ireland-wedding-photography-stormont-hotel-belfast-wedding-photography--2_500.webp,,,,,,,,,,,
Stormont,family and bridal party,mkb-weddings-stormont-hotel-wedding-photographer--344_500.webp,,,,,,,,,,,
Stormont,family and bridal party,mkb-weddings-stormont-hotel-wedding-photographer--348_500.webp,,,,,,,,,,,
Stormont,getting ready,MKB-weddings-mkb-photography-northern-ireland-wedding-photographer-stormont-belfast-wedding-photography7_500.webp,,,,,,,,,,,
Stormont,getting ready,mkb-weddings-mkb-photography-northern-ireland-wedding-photography-stormont-hotel-belfast-wedding-photography--1_500.webp,,,,,,,,,,,
Stormont,getting ready,mkb-weddings-stormont-hotel-wedding-photographer--104_500.webp,,,,,,,,,,,
Stormont,getting ready,mkb-weddings-stormont-hotel-wedding-photographer--114_500.webp,,,,,,,,,,,
Stormont,getting ready,mkb-weddings-stormont-hotel-wedding-photographer--22_500.webp,,,,,,,,,,,
Stormont,getting ready,mkb-weddings-stormont-hotel-wedding-photographer--26_500.webp,,,,,,,,,,,
Stormont,getting ready,mkb-weddings-stormont-hotel-wedding-photographer--34_500.webp,,,,,,,,,,,
Stormont,getting ready,mkb-weddings-stormont-hotel-wedding-photographer--37_500.webp,,,,,,,,,,,
Stormont,getting ready,mkb-weddings-stormont-hotel-wedding-photographer--47_500.webp,,,,,,,,,,,
Stormont,getting ready,mkb-weddings-stormont-hotel-wedding-photographer--50_500.webp,,,,,,,,,,,
Stormont,getting ready,mkb-weddings-stormont-hotel-wedding-photographer--51_500.webp,,,,,,,,,,,
Stormont,getting ready,mkb-weddings-stormont-hotel-wedding-photographer--60_500.webp,,,,,,,,,,,
Stormont,getting ready,mkb-weddings-stormont-hotel-wedding-photographer--62_500.webp,,,,,,,,,,,
Stormont,getting ready,mkb-weddings-stormont-hotel-wedding-photographer--64_500.webp,,,,,,,,,,,
Stormont,getting ready,mkb-weddings-stormont-hotel-wedding-photographer--65_500.webp,,,,,,,,,,,
Stormont,getting ready,mkb-weddings-stormont-hotel-wedding-photographer--73_500.webp,,,,,,,,,,,
Stormont,getting ready,mkb-weddings-stormont-hotel-wedding-photographer--77_500.webp,,,,,,,,,,,
Stormont,getting ready,mkb-weddings-stormont-hotel-wedding-photographer--93_500.webp,,,,,,,,,,,
Stormont,getting ready,mkb-weddings-stormont-hotel-wedding-photographer--95_500.webp,,,,,,,,,,,
Stormont,getting ready,mkb-weddings-stormont-hotel-wedding-photographer--99_500.webp,,,,,,,,,,,
Stormont,reception and party,MKB-weddings-mkb-photography-northern-ireland-wedding-photographer-stormont-belfast-wedding-photography1_500.webp,,,,,,,,,,,
Stormont,reception and party,mkb-weddings-stormont-hotel-wedding-photographer--366_500.webp,,,,,,,,,,,
Stormont,reception and party,mkb-weddings-stormont-hotel-wedding-photographer--368_500.webp,,,,,,,,,,,
Stormont,reception and party,mkb-weddings-stormont-hotel-wedding-photographer--371_500.webp,,,,,,,,,,,
Stormont,reception and party,mkb-weddings-stormont-hotel-wedding-photographer--380_500.webp,,,,,,,,,,,
Stormont,reception and party,mkb-weddings-stormont-hotel-wedding-photographer--389_500.webp,,,,,,,,,,,
Stormont,reception and party,mkb-weddings-stormont-hotel-wedding-photographer--434_500.webp,,,,,,,,,,,
Stormont,reception and party,mkb-weddings-stormont-hotel-wedding-photographer--442_500.webp,,,,,,,,,,,
Stormont,reception and party,mkb-weddings-stormont-hotel-wedding-photographer--446_500.webp,,,,,,,,,,,
Ten Square,ceremony,mkb-weddings-mkb-photography-northern-ireland-wedding-photography-ten-square-hotel-belfast-wedding-photography--111_500.webp,,,,,,,,,,,
Ten Square,ceremony,mkb-weddings-mkb-photography-northern-ireland-wedding-photography-ten-square-hotel-belfast-wedding-photography--77_500.webp,,,,,,,,,,,
Ten Square,ceremony,mkb-weddings-mkb-photography-northern-ireland-wedding-photography-ten-square-hotel-belfast-wedding-photography--86_500.webp,,,,,,,,,,,
Ten Square,couple portraits,mkb-weddings-mkb-photography-northern-ireland-wedding-photography-ten-square-hotel-belfast-wedding-photography--182_500.webp,,,,,,,,,,,
Ten Square,couple portraits,mkb-weddings-mkb-photography-northern-ireland-wedding-photography-ten-square-hotel-belfast-wedding-photography--184_500.webp,,,,,,,,,,,
Ten Square,couple portraits,mkb-weddings-mkb-photography-northern-ireland-wedding-photography-ten-square-hotel-belfast-wedding-photography--29_500.webp,,,,,,,,,,,
Ten Square,couple portraits,mkb-weddings-mkb-photography-northern-ireland-wedding-photography-ten-square-hotel-belfast-wedding-photography--30_500.webp,,,,,,,,,,,
Ten Square,couple portraits,mkb-weddings-northern-ireland-wedding-photographer-belfast-wedding-photography-10_500.webp,,,,,,,,,,,
Ten Square,family and bridal party,mkb-weddings-mkb-photography-northern-ireland-wedding-photography-ten-square-hotel-belfast-wedding-photography--163_500.webp,,,,,,,,,,,
Ten Square,family and bridal party,mkb-weddings-mkb-photography-northern-ireland-wedding-photography-ten-square-hotel-belfast-wedding-photography--8_500.webp,,,,,,,,,,,
Ten Square,getting ready,mkb-weddings-mkb-photography-northern-ireland-wedding-photography-ten-square-hotel-belfast-wedding-photography--6_500.webp,,,,,,,,,,,
Ten Square,reception and party,mkb-weddings-mkb-photography-northern-ireland-wedding-photography-ten-square-hotel-belfast-wedding-photography--299_500.webp,,,,,,,,,,,
Tree House,ceremony,MKB_Photography-Northern-ireland-wedding-photography-northern-ireland-wedding-photographer-tree-house-belfast-wedding-photography-full-res-149_500.webp,,,,,,,,,,,
Tree House,ceremony,MKB_Photography-Northern-ireland-wedding-photography-northern-ireland-wedding-photographer-tree-house-belfast-wedding-photography-full-res-176_500.webp,,,,,,,,,,,
Tree House,couple portraits,MKB_Photography-Northern-ireland-wedding-photography-northern-ireland-wedding-photographer-tree-house-belfast-wedding-photography-full-res-247_500.webp,,,,,,,,,,,
Tree House,couple portraits,MKB_Photography-Northern-ireland-wedding-photography-northern-ireland-wedding-photographer-tree-house-belfast-wedding-photography-full-res-261_500.webp,,,,,,,,,,,
Tree House,couple portraits,MKB_Photography-Northern-ireland-wedding-photography-northern-ireland-wedding-photographer-tree-house-belfast-wedding-photography-full-res-264_500.webp,,,,,,,,,,,
Tree House,details and decor,MKB_Photography-Northern-ireland-wedding-photography-northern-ireland-wedding-photographer-tree-house-belfast-wedding-photography-full-res-287_500.webp,,,,,,,,,,,
Tree House,family and bridal party,MKB_Photography-Northern-ireland-wedding-photography-northern-ireland-wedding-photographer-tree-house-belfast-wedding-photography-full-res-225_500.webp,,,,,,,,,,,
Tree House,family and bridal party,MKB_Photography-Northern-ireland-wedding-photography-northern-ireland-wedding-photographer-tree-house-belfast-wedding-photography-full-res-230_500.webp,,,,,,,,,,,
Tree House,getting ready,mkb-weddings-northern-ireland-wedding-photographer-tree-house-belfast-wedding-photography-2_500.webp,,,,,,,,,,,
Tree House,getting ready,MKB_Photography-Northern-ireland-wedding-photography-northern-ireland-wedding-photographer-tree-house-belfast-wedding-photography-full-res-44_500.webp,,,,,,,,,,,
Tree House,getting ready,MKB_Photography-Northern-ireland-wedding-photography-northern-ireland-wedding-photographer-tree-house-belfast-wedding-photography-full-res-54_500.webp,,,,,,,,,,,
Tree House,getting ready,MKB_Photography-Northern-ireland-wedding-photography-northern-ireland-wedding-photographer-tree-house-belfast-wedding-photography-full-res-65_500.webp,,,,,,,,,,,
Tree House,getting ready,MKB_Photography-Northern-ireland-wedding-photography-northern-ireland-wedding-photographer-tree-house-belfast-wedding-photography-full-res-66_500.webp,,,,,,,,,,,
Tree House,getting ready,MKB_Photography-Northern-ireland-wedding-photography-northern-ireland-wedding-photographer-tree-house-belfast-wedding-photography-full-res-71_500.webp,,,,,,,,,,,
Tullyglass hotel,ceremony,MKB-weddings-MKB-photography-NI-wedding-photographer-tullyglass-hotel-wedding-photography-219_500.webp,,,,,,,,,,,
Tullyglass hotel,ceremony,mkb-weddings-mkb-photography-northern-ireland-wedding-photographer-tullyglass-hotel-ballymena-wedding-photography-272_500.webp,,,,,,,,,,,
Tullyglass hotel,ceremony,mkb-weddings-mkb-photography-northern-ireland-wedding-photographer-tullyglass-house-hotel-ballymena-wedding-photographer-121_500.webp,,,,,,,,,,,
Tullyglass hotel,ceremony,mkb-weddings-mkb-photography-northern-ireland-wedding-photographer-tullyglass-house-hotel-ballymena-wedding-photographer-171_500.webp,,,,,,,,,,,
Tullyglass hotel,ceremony,mkb-weddings-mkb-photography-northern-ireland-wedding-photographer-tullyglass-house-hotel-ballymena-wedding-photographer-264_500.webp,,,,,,,,,,,
Tullyglass hotel,ceremony,mkb-weddings-mkb-photography-northern-ireland-wedding-photographer-tullyglass-house-hotel-ballymena-wedding-photographer-266_500.webp,,,,,,,,,,,
Tullyglass hotel,couple portraits,mkb-weddings-mkb-photography-northern-ireland-wedding-photographer-tullyglass-house-hotel-ballymena-wedding-photographer-558_500.webp,creative-flash,,,,,,,,,,
Tullyglass hotel,couple portraits,MKB-weddings-MKB-photography-NI-wedding-photographer-tullyglass-hotel-wedding-photography-320_500.webp,,,,,,,,,,,
Tullyglass hotel,couple portraits,MKB-weddings-MKB-photography-NI-wedding-photographer-tullyglass-hotel-wedding-photography-524_500.webp,creative-flash,,,,,,,,,,
Tullyglass hotel,couple portraits,mkb-weddings-mkb-photography-northern-ireland-wedding-photographer-tullyglass-hotel-ballymena-wedding-photography-124-2_500.webp,,,,,,,,,,,
Tullyglass hotel,couple portraits,mkb-weddings-mkb-photography-northern-ireland-wedding-photographer-tullyglass-hotel-ballymena-wedding-photography-135-2_500.webp,,,,,,,,,,,
Tullyglass hotel,couple portraits,mkb-weddings-mkb-photography-northern-ireland-wedding-photographer-tullyglass-hotel-ballymena-wedding-photography-163_500.webp,,,,,,,,,,,
Tullyglass hotel,couple portraits,mkb-weddings-mkb-photography-northern-ireland-wedding-photographer-tullyglass-hotel-ballymena-wedding-photography-334_500.webp,creative-flash,,,,,,,,,,
Tullyglass hotel,couple portraits,mkb-weddings-mkb-photography-northern-ireland-wedding-photographer-tullyglass-house-hotel-ballymena-wedding-photographer-293_500.webp,,,,,,,,,,,
Tullyglass hotel,couple portraits,mkb-weddings-mkb-photography-northern-ireland-wedding-photographer-tullyglass-house-hotel-ballymena-wedding-photographer-327_500.webp,,,,,,,,,,,
Tullyglass hotel,couple portraits,mkb-weddings-mkb-photography-northern-ireland-wedding-photographer-tullyglass-house-hotel-ballymena-wedding-photographer-328_500.webp,,,,,,,,,,,
Tullyglass hotel,couple portraits,mkb-weddings-mkb-photography-northern-ireland-wedding-photographer-tullyglass-house-hotel-ballymena-wedding-photographer-336_500.webp,,,,,,,,,,,
Tullyglass hotel,couple portraits,mkb-weddings-mkb-photography-northern-ireland-wedding-photographer-tullyglass-house-hotel-ballymena-wedding-photographer-349_500.webp,,,,,,,,,,,
Tullyglass hotel,couple portraits,mkb-weddings-mkb-photography-northern-ireland-wedding-photographer-tullyglass-house-hotel-ballymena-wedding-photographer-350_500.webp,,,,,,,,,,,
Tullyglass hotel,couple portraits,mkb-weddings-mkb-photography-northern-ireland-wedding-photographer-tullyglass-house-hotel-ballymena-wedding-photographer-356_500.webp,,,,,,,,,,,
Tullyglass hotel,couple portraits,mkb-weddings-mkb-photography-northern-ireland-wedding-photographer-tullyglass-house-hotel-ballymena-wedding-photographer-364_500.webp,,,,,,,,,,,
Tullyglass hotel,couple portraits,mkb-weddings-mkb-photography-northern-ireland-wedding-photographer-tullyglass-house-hotel-ballymena-wedding-photographer-368_500.webp,,,,,,,,,,,
Tullyglass hotel,couple portraits,mkb-weddings-mkb-photography-northern-ireland-wedding-photographer-tullyglass-house-hotel-ballymena-wedding-photographer-375_500.webp,,,,,,,,,,,
Tullyglass hotel,couple portraits,mkb-weddings-mkb-photography-northern-ireland-wedding-photographer-tullyglass-house-hotel-ballymena-wedding-photographer-410_500.webp,,,,,,,,,,,
Tullyglass hotel,couple portraits,mkb-weddings-mkb-photography-northern-ireland-wedding-photographer-tullyglass-house-hotel-ballymena-wedding-photographer-512_500.webp,,,,,,,,,,,
Tullyglass hotel,couple portraits,mkb-weddings-mkb-photography-northern-ireland-wedding-photographer-tullyglass-house-hotel-ballymena-wedding-photographer-518_500.webp,,,,,,,,,,,
Tullyglass hotel,couple portraits,mkb-weddings-mkb-photography-northern-ireland-wedding-photographer-tullyglass-house-hotel-ballymena-wedding-photographer-519_500.webp,,,,,,,,,,,
Tullyglass hotel,couple portraits,mkb-weddings-mkb-photography-northern-ireland-wedding-photographer-tullyglass-house-hotel-ballymena-wedding-photographer-520_500.webp,,,,,,,,,,,
Tullyglass hotel,couple portraits,mkb-weddings-mkb-photography-northern-ireland-wedding-photographer-tullyglass-house-hotel-ballymena-wedding-photographer-521_500.webp,,,,,,,,,,,
Tullyglass hotel,couple portraits,mkb-weddings-mkb-photography-northern-ireland-wedding-photographer-tullyglass-house-hotel-ballymena-wedding-photographer-525_500.webp,,,,,,,,,,,
Tullyglass hotel,couple portraits,mkb-weddings-mkb-photography-northern-ireland-wedding-photographer-tullyglass-house-hotel-ballymena-wedding-photographer-528_500.webp,,,,,,,,,,,
Tullyglass hotel,couple portraits,mkb-weddings-mkb-photography-northern-ireland-wedding-photographer-tullyglass-house-hotel-ballymena-wedding-photographer-534_500.webp,,,,,,,,,,,
Tullyglass hotel,couple portraits,mkb-weddings-mkb-photography-northern-ireland-wedding-photographer-tullyglass-house-hotel-ballymena-wedding-photographer-554_500.webp,,,,,,,,,,,
Tullyglass hotel,couple portraits,mkb-weddings-mkb-photography-northern-ireland-wedding-photographer-tullyglass-house-hotel-ballymena-wedding-photographer-557_500.webp,,,,,,,,,,,
Tullyglass hotel,couple portraits,mkb-weddings-mkb-photography-northern-ireland-wedding-photographer-tullyglass-house-hotel-ballymena-wedding-photographer-573_500.webp,,,,,,,,,,,
Tullyglass hotel,couple portraits,mkb-weddings-mkb-photography-northern-ireland-wedding-photographer-tullyglass-house-hotel-ballymena-wedding-photographer-80_500.webp,,,,,,,,,,,
Tullyglass hotel,couple portraits,mkb-weddings-northern-ireland-wedding-photographer-tullyglass-hotel-ballymena-wedding-photography-4_500.webp,,,,,,,,,,,
Tullyglass hotel,couple portraits,mkb-weddings-northern-ireland-wedding-photographer-tullyglass-hotel-ballymena-wedding-photography-6_500.webp,,,,,,,,,,,
Tullyglass hotel,couple portraits,MKB-weddings-Northern-ireland-wedding-photography-northern-ireland-wedding-photographer-tullyglass-house-hotel-ballymena-wedding-photography-646_500.webp,creative-flash,,,,,,,,,,
Tullyglass hotel,details and decor,MKB-weddings-MKB-photography-NI-wedding-photographer-tullyglass-hotel-wedding-photography-343_500.webp,,,,,,,,,,,
Tullyglass hotel,family and bridal party,mkb-weddings-mkb-photography-northern-ireland-wedding-photographer-tullyglass-house-hotel-ballymena-wedding-photographer-385_500.webp,,,,,,,,,,,
Tullyglass hotel,family and bridal party,MKB-weddings-Northern-ireland-wedding-photography-northern-ireland-wedding-photographer-tullyglass-house-hotel-ballymena-wedding-photography-221_500.webp,,,,,,,,,,,
Tullyglass hotel,getting ready,MKB-weddings-MKB-photography-NI-wedding-photographer-tullyglass-hotel-wedding-photography-101_500.webp,,,,,,,,,,,
Tullyglass hotel,getting ready,MKB-weddings-MKB-photography-NI-wedding-photographer-tullyglass-hotel-wedding-photography-130_500.webp,,,,,,,,,,,
Tullyglass hotel,getting ready,MKB-weddings-MKB-photography-NI-wedding-photographer-tullyglass-hotel-wedding-photography-160_500.webp,,,,,,,,,,,
Tullyglass hotel,getting ready,mkb-weddings-mkb-photography-northern-ireland-wedding-photographer-tullyglass-hotel-ballymena-wedding-photography-104_500.webp,,,,,,,,,,,
Tullyglass hotel,getting ready,mkb-weddings-mkb-photography-northern-ireland-wedding-photographer-tullyglass-hotel-ballymena-wedding-photography-120_500.webp,,,,,,,,,,,
Tullyglass hotel,getting ready,mkb-weddings-mkb-photography-northern-ireland-wedding-photographer-tullyglass-hotel-ballymena-wedding-photography-124_500.webp,,,,,,,,,,,
Tullyglass hotel,getting ready,mkb-weddings-mkb-photography-northern-ireland-wedding-photographer-tullyglass-hotel-ballymena-wedding-photography-126_500.webp,,,,,,,,,,,
Tullyglass hotel,getting ready,mkb-weddings-mkb-photography-northern-ireland-wedding-photographer-tullyglass-hotel-ballymena-wedding-photography-135_500.webp,,,,,,,,,,,
Tullyglass hotel,getting ready,mkb-weddings-mkb-photography-northern-ireland-wedding-photographer-tullyglass-hotel-ballymena-wedding-photography-145_500.webp,,,,,,,,,,,
Tullyglass hotel,getting ready,mkb-weddings-mkb-photography-northern-ireland-wedding-photographer-tullyglass-hotel-ballymena-wedding-photography-154_500.webp,,,,,,,,,,,
Tullyglass hotel,getting ready,mkb-weddings-mkb-photography-northern-ireland-wedding-photographer-tullyglass-hotel-ballymena-wedding-photography-172_500.webp,,,,,,,,,,,
Tullyglass hotel,getting ready,mkb-weddings-mkb-photography-northern-ireland-wedding-photographer-tullyglass-hotel-ballymena-wedding-photography-175_500.webp,,,,,,,,,,,
Tullyglass hotel,getting ready,mkb-weddings-mkb-photography-northern-ireland-wedding-photographer-tullyglass-hotel-ballymena-wedding-photography-181_500.webp,,,,,,,,,,,
Tullyglass hotel,getting ready,mkb-weddings-mkb-photography-northern-ireland-wedding-photographer-tullyglass-house-hotel-ballymena-wedding-photographer-298_500.webp,,,,,,,,,,,
Tullyglass hotel,getting ready,mkb-weddings-mkb-photography-northern-ireland-wedding-photographer-tullyglass-house-hotel-ballymena-wedding-photographer-61_500.webp,,,,,,,,,,,
Tullyglass hotel,getting ready,mkb-weddings-northern-ireland-wedding-photographer-tullyglass-hotel-ballymena-wedding-photography-2_500.webp,,,,,,,,,,,
Tullyglass hotel,getting ready,MKB-weddings-Northern-ireland-wedding-photography-northern-ireland-wedding-photographer-tullyglass-house-hotel-ballymena-wedding-photography-108_500.webp,,,,,,,,,,,
Tullyglass hotel,reception and party,MKB-weddings-MKB-photography-NI-wedding-photographer-tullyglass-hotel-wedding-photography-446_500.webp,,,,,,,,,,,
Tullyglass hotel,reception and party,MKB-weddings-MKB-photography-NI-wedding-photographer-tullyglass-hotel-wedding-photography-453_500.webp,,,,,,,,,,,
Tullyglass hotel,reception and party,MKB-weddings-MKB-photography-NI-wedding-photographer-tullyglass-hotel-wedding-photography-496_500.webp,,,,,,,,,,,
Tullyglass hotel,reception and party,mkb-weddings-mkb-photography-northern-ireland-wedding-photographer-tullyglass-hotel-ballymena-wedding-photography-130_500.webp,,,,,,,,,,,
Tullyglass hotel,reception and party,mkb-weddings-mkb-photography-northern-ireland-wedding-photographer-tullyglass-hotel-ballymena-wedding-photography-189_500.webp,,,,,,,,,,,
Tullyglass hotel,reception and party,mkb-weddings-mkb-photography-northern-ireland-wedding-photographer-tullyglass-hotel-ballymena-wedding-photography-273_500.webp,,,,,,,,,,,
Tullyglass hotel,reception and party,mkb-weddings-mkb-photography-northern-ireland-wedding-photographer-tullyglass-hotel-ballymena-wedding-photography-342_500.webp,,,,,,,,,,,
Tullyglass hotel,reception and party,mkb-weddings-mkb-photography-northern-ireland-wedding-photographer-tullyglass-house-hotel-ballymena-wedding-photographer-474_500.webp,,,,,,,,,,,
Tullyglass hotel,reception and party,mkb-weddings-mkb-photography-northern-ireland-wedding-photographer-tullyglass-house-hotel-ballymena-wedding-photographer-596_500.webp,,,,,,,,,,,
Tullyglass hotel,reception and party,mkb-weddings-mkb-photography-northern-ireland-wedding-photographer-tullyglass-house-hotel-ballymena-wedding-photographer-600_500.webp,,,,,,,,,,,
Tullyglass hotel,reception and party,mkb-weddings-mkb-photography-northern-ireland-wedding-photographer-tullyglass-house-hotel-ballymena-wedding-photographer-606_500.webp,,,,,,,,,,,
Tullyglass hotel,reception and party,mkb-weddings-mkb-photography-northern-ireland-wedding-photographer-tullyglass-house-hotel-ballymena-wedding-photographer-667_500.webp,,,,,,,,,,,
Tullyglass hotel,reception and party,MKB-weddings-Northern-ireland-wedding-photography-northern-ireland-wedding-photographer-tullyglass-house-hotel-ballymena-wedding-photography-482_500.webp,,,,,,,,,,,
Tullyglass hotel,reception and party,MKB-weddings-Northern-ireland-wedding-photography-northern-ireland-wedding-photographer-tullyglass-house-hotel-ballymena-wedding-photography-641_500.webp,,,,,,,,,,,
Ulster museum,ceremony,mkb-weddings-ulster-museum-belfast-wedding-photographer--10_500.webp,,,,,,,,,,,
Ulster museum,ceremony,mkb-weddings-ulster-museum-belfast-wedding-photographer--11_500.webp,,,,,,,,,,,
Ulster museum,ceremony,mkb-weddings-ulster-museum-belfast-wedding-photographer--5_500.webp,,,,,,,,,,,
Ulster museum,ceremony,mkb-weddings-ulster-museum-belfast-wedding-photographer--6_500.webp,,,,,,,,,,,
Ulster museum,ceremony,mkb-weddings-ulster-museum-belfast-wedding-photographer--7_500.webp,,,,,,,,,,,
Ulster museum,ceremony,mkb-weddings-ulster-museum-belfast-wedding-photographer--8_500.webp,,,,,,,,,,,
Ulster museum,ceremony,mkb-weddings-ulster-museum-belfast-wedding-photographer--9_500.webp,,,,,,,,,,,
Ulster museum,couple portraits,mkb-weddings-ulster-museum-belfast-wedding-photographer--16_500.webp,,,,,,,,,,,
Ulster museum,couple portraits,mkb-weddings-ulster-museum-belfast-wedding-photographer--17_500.webp,,,,,,,,,,,
Ulster museum,couple portraits,mkb-weddings-ulster-museum-belfast-wedding-photographer--18_500.webp,,,,,,,,,,,
Ulster museum,couple portraits,mkb-weddings-ulster-museum-belfast-wedding-photographer--19_500.webp,,,,,,,,,,,
Ulster museum,couple portraits,mkb-weddings-ulster-museum-belfast-wedding-photographer--20_500.webp,,,,,,,,,,,
Ulster museum,couple portraits,mkb-weddings-ulster-museum-belfast-wedding-photographer--21_500.webp,,,,,,,,,,,
Ulster museum,couple portraits,mkb-weddings-ulster-museum-belfast-wedding-photographer--22_500.webp,,,,,,,,,,,
Ulster museum,couple portraits,mkb-weddings-ulster-museum-belfast-wedding-photographer--23_500.webp,,,,,,,,,,,
Ulster museum,couple portraits,mkb-weddings-ulster-museum-belfast-wedding-photographer--24_500.webp,,,,,,,,,,,
Ulster museum,couple portraits,mkb-weddings-ulster-museum-belfast-wedding-photographer--25_500.webp,,,,,,,,,,,
Ulster museum,couple portraits,mkb-weddings-ulster-museum-belfast-wedding-photographer--26_500.webp,,,,,,,,,,,
Ulster museum,couple portraits,mkb-weddings-ulster-museum-belfast-wedding-photographer--27_500.webp,,,,,,,,,,,
Ulster museum,couple portraits,mkb-weddings-ulster-museum-belfast-wedding-photographer--28_500.webp,,,,,,,,,,,
Ulster museum,couple portraits,mkb-weddings-ulster-museum-belfast-wedding-photographer--29_500.webp,,,,,,,,,,,
Ulster museum,couple portraits,mkb-weddings-ulster-museum-belfast-wedding-photographer--30_500.webp,,,,,,,,,,,
Ulster museum,couple portraits,mkb-weddings-ulster-museum-belfast-wedding-photographer--32_500.webp,,,,,,,,,,,
Ulster museum,couple portraits,mkb-weddings-ulster-museum-belfast-wedding-photographer--33_500.webp,,,,,,,,,,,
Ulster museum,couple portraits,mkb-weddings-ulster-museum-belfast-wedding-photographer--34_500.webp,,,,,,,,,,,
Ulster museum,couple portraits,mkb-weddings-ulster-museum-belfast-wedding-photographer--35_500.webp,,,,,,,,,,,
Ulster museum,couple portraits,mkb-weddings-ulster-museum-belfast-wedding-photographer--36_500.webp,,,,,,,,,,,
Ulster museum,couple portraits,mkb-weddings-ulster-museum-belfast-wedding-photographer--40_500.webp,,,,,,,,,,,
Ulster museum,couple portraits,mkb-weddings-ulster-museum-belfast-wedding-photographer--41_500.webp,,,,,,,,,,,
Ulster museum,couple portraits,mkb-weddings-ulster-museum-belfast-wedding-photographer--48_500.webp,,,,,,,,,,,
Ulster museum,details and decor,mkb-weddings-ulster-museum-belfast-wedding-photographer--38_500.webp,,,,,,,,,,,
Ulster museum,details and decor,mkb-weddings-ulster-museum-belfast-wedding-photographer--39_500.webp,,,,,,,,,,,
Ulster museum,family and bridal party,mkb-weddings-ulster-museum-belfast-wedding-photographer--12_500.webp,,,,,,,,,,,
Ulster museum,family and bridal party,mkb-weddings-ulster-museum-belfast-wedding-photographer--13_500.webp,,,,,,,,,,,
Ulster museum,family and bridal party,mkb-weddings-ulster-museum-belfast-wedding-photographer--14_500.webp,,,,,,,,,,,
Ulster museum,family and bridal party,mkb-weddings-ulster-museum-belfast-wedding-photographer--15_500.webp,,,,,,,,,,,
Ulster museum,family and bridal party,mkb-weddings-ulster-museum-belfast-wedding-photographer--4_500.webp,,,,,,,,,,,
Ulster museum,getting ready,mkb-weddings-ulster-museum-belfast-wedding-photographer--1_500.webp,,,,,,,,,,,
Ulster museum,getting ready,mkb-weddings-ulster-museum-belfast-wedding-photographer--2_500.webp,,,,,,,,,,,
Ulster museum,getting ready,mkb-weddings-ulster-museum-belfast-wedding-photographer--3_500.webp,,,,,,,,,,,
Ulster museum,reception and party,mkb-weddings-ulster-museum-belfast-wedding-photographer--31_500.webp,,,,,,,,,,,
Ulster museum,reception and party,mkb-weddings-ulster-museum-belfast-wedding-photographer--37_500.webp,,,,,,,,,,,
Ulster museum,reception and party,mkb-weddings-ulster-museum-belfast-wedding-photographer--42_500.webp,,,,,,,,,,,
Ulster museum,reception and party,mkb-weddings-ulster-museum-belfast-wedding-photographer--43_500.webp,,,,,,,,,,,
Ulster museum,reception and party,mkb-weddings-ulster-museum-belfast-wedding-photographer--44_500.webp,,,,,,,,,,,
Ulster museum,reception and party,mkb-weddings-ulster-museum-belfast-wedding-photographer--45_500.webp,,,,,,,,,,,
Ulster museum,reception and party,mkb-weddings-ulster-museum-belfast-wedding-photographer--46_500.webp,,,,,,,,,,,
Ulster museum,reception and party,mkb-weddings-ulster-museum-belfast-wedding-photographer--47_500.webp,,,,,,,,,,,
Whistledown Hotel,couple portraits,MKB-weddings-northern-ireland-wedding-photographer-whistledown-hotel-warringpoint-wedding-photography-412_500.webp,,,,,,,,,,,
Whistledown Hotel,couple portraits,MKB-weddings-northern-ireland-wedding-photographer-whistledown-hotel-warringpoint-wedding-photography-456_500.webp,,,,,,,,,,,
Whistledown Hotel,couple portraits,MKB-weddings-northern-ireland-wedding-photographer-whistledown-hotel-warringpoint-wedding-photography-463_500.webp,,,,,,,,,,,
Whistledown Hotel,couple portraits,MKB-weddings-northern-ireland-wedding-photographer-whistledown-hotel-warringpoint-wedding-photography-480_500.webp,,,,,,,,,,,
Whistledown Hotel,getting ready,MKB-weddings-northern-ireland-wedding-photographer-whistledown-hotel-warringpoint-wedding-photography-152_500.webp,,,,,,,,,,,
Whistledown Hotel,reception and party,MKB-weddings-northern-ireland-wedding-photographer-whistledown-hotel-warringpoint-wedding-photography-415_500.webp,,,,,,,,,,,
Wool tower,ceremony,mkb-weddings-mkb-photography-northern-ireland-wedding-photography-wool-tower-broughshane-wedding-photography-178_500.webp,,,,,,,,,,,
Wool tower,ceremony,mkb-weddings-mkb-photography-northern-ireland-wedding-photography-wool-tower-broughshane-wedding-photography-224_500.webp,,,,,,,,,,,
Wool tower,ceremony,mkb-weddings-mkb-photography-northern-ireland-wedding-photography-wool-tower-broughshane-wedding-photography-243_500.webp,,,,,,,,,,,
Wool tower,ceremony,mkb-weddings-mkb-photography-northern-ireland-wedding-photography-wool-tower-broughshane-wedding-photography-308_500.webp,,,,,,,,,,,
Wool tower,couple portraits,mkb-weddings-mkb-photography-northern-ireland-wedding-photography-wool-tower-broughshane-wedding-photography-417_500.webp,,,,,,,,,,,
Wool tower,couple portraits,mkb-weddings-mkb-photography-northern-ireland-wedding-photography-wool-tower-broughshane-wedding-photography-336_500.webp,creative-flash,,,,,,,,,,
Wool tower,couple portraits,mkb-weddings-mkb-photography-northern-ireland-wedding-photography-wool-tower-broughshane-wedding-photography-347_500.webp,,,,,,,,,,,
Wool tower,couple portraits,mkb-weddings-mkb-photography-northern-ireland-wedding-photography-wool-tower-broughshane-wedding-photography-397_500.webp,,,,,,,,,,,
Wool tower,couple portraits,mkb-weddings-mkb-photography-northern-ireland-wedding-photography-wool-tower-broughshane-wedding-photography-403_500.webp,,,,,,,,,,,
Wool tower,couple portraits,mkb-weddings-mkb-photography-northern-ireland-wedding-photography-wool-tower-broughshane-wedding-photography-412_500.webp,,,,,,,,,,,
Wool tower,couple portraits,mkb-weddings-mkb-photography-northern-ireland-wedding-photography-wool-tower-broughshane-wedding-photography-414_500.webp,,,,,,,,,,,
Wool tower,couple portraits,mkb-weddings-mkb-photography-northern-ireland-wedding-photography-wool-tower-broughshane-wedding-photography-436_500.webp,creative-flash,,,,,,,,,,
Wool tower,couple portraits,mkb-weddings-mkb-photography-northern-ireland-wedding-photography-wool-tower-broughshane-wedding-photography-437_500.webp,,,,,,,,,,,
Wool tower,couple portraits,mkb-weddings-mkb-photography-northern-ireland-wedding-photography-wool-tower-broughshane-wedding-photography-442_500.webp,,,,,,,,,,,
Wool tower,couple portraits,mkb-weddings-mkb-photography-northern-ireland-wedding-photography-wool-tower-broughshane-wedding-photography-448_500.webp,,,,,,,,,,,
Wool tower,family and bridal party,mkb-weddings-mkb-photography-northern-ireland-wedding-photography-wool-tower-broughshane-wedding-photography-379_500.webp,,,,,,,,,,,
Wool tower,family and bridal party,mkb-weddings-mkb-photography-northern-ireland-wedding-photography-wool-tower-broughshane-wedding-photography-453_500.webp,,,,,,,,,,,
Wool tower,getting ready,mkb-weddings-mkb-photography-northern-ireland-wedding-photography-wool-tower-broughshane-wedding-photography-100_500.webp,,,,,,,,,,,
Wool tower,getting ready,mkb-weddings-mkb-photography-northern-ireland-wedding-photography-wool-tower-broughshane-wedding-photography-107_500.webp,,,,,,,,,,,
Wool tower,getting ready,mkb-weddings-mkb-photography-northern-ireland-wedding-photography-wool-tower-broughshane-wedding-photography-110_500.webp,,,,,,,,,,,
Wool tower,getting ready,mkb-weddings-mkb-photography-northern-ireland-wedding-photography-wool-tower-broughshane-wedding-photography-112_500.webp,,,,,,,,,,,
Wool tower,getting ready,mkb-weddings-mkb-photography-northern-ireland-wedding-photography-wool-tower-broughshane-wedding-photography-115_500.webp,,,,,,,,,,,
Wool tower,getting ready,mkb-weddings-mkb-photography-northern-ireland-wedding-photography-wool-tower-broughshane-wedding-photography-116_500.webp,,,,,,,,,,,
Wool tower,getting ready,mkb-weddings-mkb-photography-northern-ireland-wedding-photography-wool-tower-broughshane-wedding-photography-13_500.webp,,,,,,,,,,,
Wool tower,getting ready,mkb-weddings-mkb-photography-northern-ireland-wedding-photography-wool-tower-broughshane-wedding-photography-131_500.webp,,,,,,,,,,,
Wool tower,getting ready,mkb-weddings-mkb-photography-northern-ireland-wedding-photography-wool-tower-broughshane-wedding-photography-141_500.webp,,,,,,,,,,,
Wool tower,getting ready,mkb-weddings-mkb-photography-northern-ireland-wedding-photography-wool-tower-broughshane-wedding-photography-142_500.webp,,,,,,,,,,,
Wool tower,getting ready,mkb-weddings-mkb-photography-northern-ireland-wedding-photography-wool-tower-broughshane-wedding-photography-153_500.webp,,,,,,,,,,,
Wool tower,getting ready,mkb-weddings-mkb-photography-northern-ireland-wedding-photography-wool-tower-broughshane-wedding-photography-162_500.webp,,,,,,,,,,,
Wool tower,getting ready,mkb-weddings-mkb-photography-northern-ireland-wedding-photography-wool-tower-broughshane-wedding-photography-34_500.webp,,,,,,,,,,,
Wool tower,getting ready,mkb-weddings-mkb-photography-northern-ireland-wedding-photography-wool-tower-broughshane-wedding-photography-5_500.webp,,,,,,,,,,,
Wool tower,getting ready,mkb-weddings-mkb-photography-northern-ireland-wedding-photography-wool-tower-broughshane-wedding-photography-60_500.webp,,,,,,,,,,,
Wool tower,getting ready,mkb-weddings-mkb-photography-northern-ireland-wedding-photography-wool-tower-broughshane-wedding-photography-70_500.webp,,,,,,,,,,,
Wool tower,getting ready,mkb-weddings-mkb-photography-northern-ireland-wedding-photography-wool-tower-broughshane-wedding-photography-92_500.webp,,,,,,,,,,,
Wool tower,getting ready,mkb-weddings-mkb-photography-northern-ireland-wedding-photography-wool-tower-broughshane-wedding-photography-98_500.webp,,,,,,,,,,,
Wool tower,reception and party,mkb-weddings-mkb-photography-northern-ireland-wedding-photography-wool-tower-broughshane-wedding-photography-339_500.webp,,,,,,,,,,,
Wool tower,reception and party,mkb-weddings-mkb-photography-northern-ireland-wedding-photography-wool-tower-broughshane-wedding-photography-463_500.webp,,,,,,,,,,,
Millbrook lodge,ceremony,mkb-weddings-millbrook-lodge-ballynahinch-wedding-photographer-dave-siobhan--132_500.webp,,,,,,,,,,,
Millbrook lodge,ceremony,mkb-weddings-millbrook-lodge-ballynahinch-wedding-photographer-dave-siobhan--133_500.webp,,,,,,,,,,,
Millbrook lodge,ceremony,mkb-weddings-millbrook-lodge-ballynahinch-wedding-photographer-dave-siobhan--134_500.webp,,,,,,,,,,,
Millbrook lodge,ceremony,mkb-weddings-millbrook-lodge-ballynahinch-wedding-photographer-dave-siobhan--135_500.webp,,,,,,,,,,,
Millbrook lodge,ceremony,mkb-weddings-millbrook-lodge-ballynahinch-wedding-photographer-dave-siobhan--136_500.webp,,,,,,,,,,,
Millbrook lodge,ceremony,mkb-weddings-millbrook-lodge-ballynahinch-wedding-photographer-dave-siobhan--137_500.webp,,,,,,,,,,,
Millbrook lodge,ceremony,mkb-weddings-millbrook-lodge-ballynahinch-wedding-photographer-dave-siobhan--138_500.webp,,,,,,,,,,,
Millbrook lodge,ceremony,mkb-weddings-millbrook-lodge-ballynahinch-wedding-photographer-dave-siobhan--139_500.webp,,,,,,,,,,,
Millbrook lodge,ceremony,mkb-weddings-millbrook-lodge-ballynahinch-wedding-photographer-dave-siobhan--141_500.webp,,,,,,,,,,,
Millbrook lodge,ceremony,mkb-weddings-millbrook-lodge-ballynahinch-wedding-photographer-dave-siobhan--142_500.webp,,,,,,,,,,,
Millbrook lodge,ceremony,mkb-weddings-millbrook-lodge-ballynahinch-wedding-photographer-dave-siobhan--143_500.webp,,,,,,,,,,,
Millbrook lodge,ceremony,mkb-weddings-millbrook-lodge-ballynahinch-wedding-photographer-dave-siobhan--144_500.webp,,,,,,,,,,,
Millbrook lodge,ceremony,mkb-weddings-millbrook-lodge-ballynahinch-wedding-photographer-dave-siobhan--145_500.webp,,,,,,,,,,,
Millbrook lodge,ceremony,mkb-weddings-millbrook-lodge-ballynahinch-wedding-photographer-dave-siobhan--146_500.webp,,,,,,,,,,,
Millbrook lodge,ceremony,mkb-weddings-millbrook-lodge-ballynahinch-wedding-photographer-dave-siobhan--147_500.webp,,,,,,,,,,,
Millbrook lodge,ceremony,mkb-weddings-millbrook-lodge-ballynahinch-wedding-photographer-dave-siobhan--148_500.webp,,,,,,,,,,,
Millbrook lodge,ceremony,mkb-weddings-millbrook-lodge-ballynahinch-wedding-photographer-dave-siobhan--149_500.webp,,,,,,,,,,,
Millbrook lodge,ceremony,mkb-weddings-millbrook-lodge-ballynahinch-wedding-photographer-dave-siobhan--150_500.webp,,,,,,,,,,,
Millbrook lodge,ceremony,mkb-weddings-millbrook-lodge-ballynahinch-wedding-photographer-dave-siobhan--151_500.webp,,,,,,,,,,,
Millbrook lodge,ceremony,mkb-weddings-millbrook-lodge-ballynahinch-wedding-photographer-dave-siobhan--152_500.webp,,,,,,,,,,,
Millbrook lodge,ceremony,mkb-weddings-millbrook-lodge-ballynahinch-wedding-photographer-dave-siobhan--153_500.webp,,,,,,,,,,,
Millbrook lodge,couple portraits,mkb-weddings-millbrook-lodge-ballynahinch-wedding-photographer-dave-siobhan--155_500.webp,,,,,,,,,,,
Millbrook lodge,couple portraits,mkb-weddings-millbrook-lodge-ballynahinch-wedding-photographer-dave-siobhan--159_500.webp,,,,,,,,,,,
Millbrook lodge,couple portraits,mkb-weddings-millbrook-lodge-ballynahinch-wedding-photographer-dave-siobhan--161_500.webp,,,,,,,,,,,
Millbrook lodge,couple portraits,mkb-weddings-millbrook-lodge-ballynahinch-wedding-photographer-dave-siobhan--162_500.webp,,,,,,,,,,,
Millbrook lodge,couple portraits,mkb-weddings-millbrook-lodge-ballynahinch-wedding-photographer-dave-siobhan--163_500.webp,,,,,Y,2,Y,8,,,
Millbrook lodge,couple portraits,mkb-weddings-millbrook-lodge-ballynahinch-wedding-photographer-dave-siobhan--164_500.webp,,,,,,,,,,,
Millbrook lodge,couple portraits,mkb-weddings-millbrook-lodge-ballynahinch-wedding-photographer-dave-siobhan--165_500.webp,,,,,,,,,,,
Millbrook lodge,couple portraits,mkb-weddings-millbrook-lodge-ballynahinch-wedding-photographer-dave-siobhan--166_500.webp,,,,,,,,,,,
Millbrook lodge,couple portraits,mkb-weddings-millbrook-lodge-ballynahinch-wedding-photographer-dave-siobhan--167_500.webp,,,,,,,,,,,
Millbrook lodge,couple portraits,mkb-weddings-millbrook-lodge-ballynahinch-wedding-photographer-dave-siobhan--168_500.webp,,,,,,,,,,,
Millbrook lodge,couple portraits,mkb-weddings-millbrook-lodge-ballynahinch-wedding-photographer-dave-siobhan--169_500.webp,,,,,,,,,,,
Millbrook lodge,couple portraits,mkb-weddings-millbrook-lodge-ballynahinch-wedding-photographer-dave-siobhan--170_500.webp,,,,,,,,,,,
Millbrook lodge,couple portraits,mkb-weddings-millbrook-lodge-ballynahinch-wedding-photographer-dave-siobhan--171_500.webp,,,,,,,,,,,
Millbrook lodge,couple portraits,mkb-weddings-millbrook-lodge-ballynahinch-wedding-photographer-dave-siobhan--172_500.webp,,,,,Y,1,,,,,
Millbrook lodge,couple portraits,mkb-weddings-millbrook-lodge-ballynahinch-wedding-photographer-dave-siobhan--173_500.webp,,,,,Y,3,Y,4,,,
Millbrook lodge,couple portraits,mkb-weddings-millbrook-lodge-ballynahinch-wedding-photographer-dave-siobhan--174_500.webp,,,,,,,,,,,
Millbrook lodge,couple portraits,mkb-weddings-millbrook-lodge-ballynahinch-wedding-photographer-dave-siobhan--176_500.webp,,,,,,,,,,,
Millbrook lodge,couple portraits,mkb-weddings-millbrook-lodge-ballynahinch-wedding-photographer-dave-siobhan--177_500.webp,,,,,,,,,,,
Millbrook lodge,couple portraits,mkb-weddings-millbrook-lodge-ballynahinch-wedding-photographer-dave-siobhan--178_500.webp,,,,,,,,,,,
Millbrook lodge,couple portraits,mkb-weddings-millbrook-lodge-ballynahinch-wedding-photographer-dave-siobhan--207_500.webp,,,,,,,,,,,
Millbrook lodge,couple portraits,mkb-weddings-millbrook-lodge-ballynahinch-wedding-photographer-dave-siobhan--208_500.webp,,,,,,,,,,,
Millbrook lodge,details and decor,mkb-weddings-millbrook-lodge-ballynahinch-wedding-photographer-dave-siobhan--100_500.webp,,,,,,,,,,,
Millbrook lodge,details and decor,mkb-weddings-millbrook-lodge-ballynahinch-wedding-photographer-dave-siobhan--102_500.webp,,,,,,,,,,,
Millbrook lodge,details and decor,mkb-weddings-millbrook-lodge-ballynahinch-wedding-photographer-dave-siobhan--104_500.webp,,,,,,,,,,,
Millbrook lodge,details and decor,mkb-weddings-millbrook-lodge-ballynahinch-wedding-photographer-dave-siobhan--119_500.webp,,,,,,,,,,,
Millbrook lodge,details and decor,mkb-weddings-millbrook-lodge-ballynahinch-wedding-photographer-dave-siobhan--158_500.webp,,,,,,,,,,,
Millbrook lodge,details and decor,mkb-weddings-millbrook-lodge-ballynahinch-wedding-photographer-dave-siobhan--179_500.webp,,,,,,,,,,,
Millbrook lodge,details and decor,mkb-weddings-millbrook-lodge-ballynahinch-wedding-photographer-dave-siobhan--180_500.webp,,,,,Y,5,Y,4,,,
Millbrook lodge,family and bridal party,mkb-weddings-millbrook-lodge-ballynahinch-wedding-photographer-dave-siobhan--157_500.webp,,,,,,,,,,,
Millbrook lodge,family and bridal party,mkb-weddings-millbrook-lodge-ballynahinch-wedding-photographer-dave-siobhan--160_500.webp,,,,,,,,,,,
Millbrook lodge,family and bridal party,mkb-weddings-millbrook-lodge-ballynahinch-wedding-photographer-dave-siobhan--181_500.webp,,,,,,,,,,,
Millbrook lodge,family and bridal party,mkb-weddings-millbrook-lodge-ballynahinch-wedding-photographer-dave-siobhan--182_500.webp,,,,,,,,,,,
Millbrook lodge,family and bridal party,mkb-weddings-millbrook-lodge-ballynahinch-wedding-photographer-dave-siobhan--183_500.webp,,,,,,,,,,,
Millbrook lodge,family and bridal party,mkb-weddings-millbrook-lodge-ballynahinch-wedding-photographer-dave-siobhan--184_500.webp,,,,,,,,,,,
Millbrook lodge,family and bridal party,mkb-weddings-millbrook-lodge-ballynahinch-wedding-photographer-dave-siobhan--185_500.webp,,,,,,,,,,,
Millbrook lodge,family and bridal party,mkb-weddings-millbrook-lodge-ballynahinch-wedding-photographer-dave-siobhan--186_500.webp,,,,,,,,,,,
Millbrook lodge,family and bridal party,mkb-weddings-millbrook-lodge-ballynahinch-wedding-photographer-dave-siobhan--187_500.webp,,,,,,,,,,,
Millbrook lodge,family and bridal party,mkb-weddings-millbrook-lodge-ballynahinch-wedding-photographer-dave-siobhan--188_500.webp,,,,,,,,,,,
Millbrook lodge,family and bridal party,mkb-weddings-millbrook-lodge-ballynahinch-wedding-photographer-dave-siobhan--189_500.webp,,,,,,,,,,,
Millbrook lodge,getting ready,mkb-weddings-millbrook-lodge-ballynahinch-wedding-photographer-dave-siobhan--103_500.webp,,,,,,,,,,,
Millbrook lodge,getting ready,mkb-weddings-millbrook-lodge-ballynahinch-wedding-photographer-dave-siobhan--105_500.webp,,,,,,,,,,,
Millbrook lodge,getting ready,mkb-weddings-millbrook-lodge-ballynahinch-wedding-photographer-dave-siobhan--106_500.webp,,,,,Y,4,Y,3,,,
Millbrook lodge,getting ready,mkb-weddings-millbrook-lodge-ballynahinch-wedding-photographer-dave-siobhan--108_500.webp,,,,,,,,,,,
Millbrook lodge,getting ready,mkb-weddings-millbrook-lodge-ballynahinch-wedding-photographer-dave-siobhan--109_500.webp,,,,,,,,,,,
Millbrook lodge,getting ready,mkb-weddings-millbrook-lodge-ballynahinch-wedding-photographer-dave-siobhan--110_500.webp,,,,,Y,5,Y,2,,,
Millbrook lodge,getting ready,mkb-weddings-millbrook-lodge-ballynahinch-wedding-photographer-dave-siobhan--111_500.webp,,,,,,,,,,,
Millbrook lodge,getting ready,mkb-weddings-millbrook-lodge-ballynahinch-wedding-photographer-dave-siobhan--112_500.webp,,,,,,,,,,,
Millbrook lodge,getting ready,mkb-weddings-millbrook-lodge-ballynahinch-wedding-photographer-dave-siobhan--113_500.webp,,,,,,,,,,,
Millbrook lodge,getting ready,mkb-weddings-millbrook-lodge-ballynahinch-wedding-photographer-dave-siobhan--115_500.webp,,,,,,,,,,,
Millbrook lodge,getting ready,mkb-weddings-millbrook-lodge-ballynahinch-wedding-photographer-dave-siobhan--117_500.webp,,,,,,,,,,,
Millbrook lodge,getting ready,mkb-weddings-millbrook-lodge-ballynahinch-wedding-photographer-dave-siobhan--118_500.webp,,,,,,,,,,,
Millbrook lodge,getting ready,mkb-weddings-millbrook-lodge-ballynahinch-wedding-photographer-dave-siobhan--120_500.webp,,,,,,,,,,,
Millbrook lodge,getting ready,mkb-weddings-millbrook-lodge-ballynahinch-wedding-photographer-dave-siobhan--121_500.webp,,,,,,,,,,,
Millbrook lodge,getting ready,mkb-weddings-millbrook-lodge-ballynahinch-wedding-photographer-dave-siobhan--122_500.webp,,,,,Y,4,Y,2,,,
Millbrook lodge,getting ready,mkb-weddings-millbrook-lodge-ballynahinch-wedding-photographer-dave-siobhan--123_500.webp,,,,,,,,,,,
Millbrook lodge,getting ready,mkb-weddings-millbrook-lodge-ballynahinch-wedding-photographer-dave-siobhan--124_500.webp,,,,,,,,,,,
Millbrook lodge,getting ready,mkb-weddings-millbrook-lodge-ballynahinch-wedding-photographer-dave-siobhan--125_500.webp,,,,,Y,3,Y,2,,,
Millbrook lodge,getting ready,mkb-weddings-millbrook-lodge-ballynahinch-wedding-photographer-dave-siobhan--126_500.webp,,,,,,,,,,,
Millbrook lodge,getting ready,mkb-weddings-millbrook-lodge-ballynahinch-wedding-photographer-dave-siobhan--128_500.webp,,,,,,,,,,,
Millbrook lodge,getting ready,mkb-weddings-millbrook-lodge-ballynahinch-wedding-photographer-dave-siobhan--129_500.webp,,,,,,,,,,,
Millbrook lodge,getting ready,mkb-weddings-millbrook-lodge-ballynahinch-wedding-photographer-dave-siobhan--130_500.webp,,,,,,,,,,,
Millbrook lodge,getting ready,mkb-weddings-millbrook-lodge-ballynahinch-wedding-photographer-dave-siobhan--131_500.webp,,,,,,,,,,,
Millbrook lodge,reception and party,mkb-weddings-millbrook-lodge-ballynahinch-wedding-photographer-dave-siobhan--190_500.webp,,,,,,,,,,,
Millbrook lodge,reception and party,mkb-weddings-millbrook-lodge-ballynahinch-wedding-photographer-dave-siobhan--191_500.webp,,,,,,,,,,,
Millbrook lodge,reception and party,mkb-weddings-millbrook-lodge-ballynahinch-wedding-photographer-dave-siobhan--192_500.webp,,,,,,,,,,,
Millbrook lodge,reception and party,mkb-weddings-millbrook-lodge-ballynahinch-wedding-photographer-dave-siobhan--193_500.webp,,,,,,,,,,,
Millbrook lodge,reception and party,mkb-weddings-millbrook-lodge-ballynahinch-wedding-photographer-dave-siobhan--194_500.webp,,,,,,,,,,,
Millbrook lodge,reception and party,mkb-weddings-millbrook-lodge-ballynahinch-wedding-photographer-dave-siobhan--195_500.webp,,,,,,,,,,,
Millbrook lodge,reception and party,mkb-weddings-millbrook-lodge-ballynahinch-wedding-photographer-dave-siobhan--196_500.webp,,,,,,,,,,,
Millbrook lodge,reception and party,mkb-weddings-millbrook-lodge-ballynahinch-wedding-photographer-dave-siobhan--197_500.webp,,,,,,,,,,,
Millbrook lodge,reception and party,mkb-weddings-millbrook-lodge-ballynahinch-wedding-photographer-dave-siobhan--198_500.webp,,,,,,,,,,,
Millbrook lodge,reception and party,mkb-weddings-millbrook-lodge-ballynahinch-wedding-photographer-dave-siobhan--199_500.webp,,,,,,,,,,,
Millbrook lodge,reception and party,mkb-weddings-millbrook-lodge-ballynahinch-wedding-photographer-dave-siobhan--200_500.webp,,,,,,,,,,,
Millbrook lodge,reception and party,mkb-weddings-millbrook-lodge-ballynahinch-wedding-photographer-dave-siobhan--201_500.webp,,,,,,,,,,,
Millbrook lodge,reception and party,mkb-weddings-millbrook-lodge-ballynahinch-wedding-photographer-dave-siobhan--203_500.webp,,,,,Y,6,Y,3,,,
Millbrook lodge,reception and party,mkb-weddings-millbrook-lodge-ballynahinch-wedding-photographer-dave-siobhan--204_500.webp,,,,,,,,,,,
Millbrook lodge,reception and party,mkb-weddings-millbrook-lodge-ballynahinch-wedding-photographer-dave-siobhan--205_500.webp,,,,,,,,,,,
Millbrook lodge,reception and party,mkb-weddings-millbrook-lodge-ballynahinch-wedding-photographer-dave-siobhan--209_500.webp,,,,,,,,,,,
Millbrook lodge,reception and party,mkb-weddings-millbrook-lodge-ballynahinch-wedding-photographer-dave-siobhan--210_500.webp,,,,,,,,,,,
Millbrook lodge,reception and party,mkb-weddings-millbrook-lodge-ballynahinch-wedding-photographer-dave-siobhan--211_500.webp,,,,,,,,,,,
Millbrook lodge,reception and party,mkb-weddings-millbrook-lodge-ballynahinch-wedding-photographer-dave-siobhan--212_500.webp,,,,,,,,,,,
Millbrook lodge,reception and party,mkb-weddings-millbrook-lodge-ballynahinch-wedding-photographer-dave-siobhan--213_500.webp,,,,,Y,4,Y,4,,,
Millbrook lodge,reception and party,mkb-weddings-millbrook-lodge-ballynahinch-wedding-photographer-dave-siobhan--214_500.webp,,,,,,,,,,,
Stormont,getting ready,MKB-weddings-mkb-photography-northern-ireland-wedding-photographer-stormont-belfast-wedding-photography6_500.webp,,,,,,,,,,,
